La génération a démarré 26/04/2026 16:28:50.
Environnement au début de la génération :
DOTNET_SKIP_FIRST_TIME_EXPERIENCE = 1
MSBUILDFAILONDRIVEENUMERATINGWILDCARD = 1
MSBuildExtensionsPath = C:\Program Files\dotnet\sdk\10.0.300-preview.0.26177.108\
MSBuildLoadMicrosoftTargetsReadOnly = true
MSBUILDUSESERVER = 0
DOTNET_HOST_PATH = C:\Program Files\dotnet\dotnet.exe
DOTNET_CLI_TELEMETRY_OPTOUT = 1
MSBuildSDKsPath = C:\Program Files\dotnet\sdk\10.0.300-preview.0.26177.108\Sdks
DOTNET_CLI_HOME = C:\Users\Lenovo\Documents\Génie Logiciel\EasySave-Groupe1\.appdata\dotnet-cli

La verbosité de la journalisation a la valeur Diagnostic.16:28:50.946     0>L’enregistreur d’événements du terminal n’a pas été utilisé car la sortie est redirigée vers un fichier.
                   Processus = "C:\Program Files\dotnet\dotnet.exe"
                   Chemin de l'exécutable MSBuild = "C:\Program Files\dotnet\sdk\10.0.300-preview.0.26177.108\MSBuild.exe"
                   Arguments de ligne de commande = "C:\Program Files\dotnet\sdk\10.0.300-preview.0.26177.108\MSBuild.exe -maxcpucount --verbosity:m -tlp:default=auto --property:Restore=false --target:Compile --verbosity:diag EasySave.Console.csproj /fl /flp:logfile=C:\Users\Lenovo\Documents\Génie Logiciel\EasySave-Groupe1\.appdata\msbuild-easysave-console.log;verbosity=diagnostic"
                   Répertoire actif = "C:\Users\Lenovo\Documents\Génie Logiciel\EasySave-Groupe1\EasySave.Console"
                   Version de MSBuild = "18.6.0-preview-26177-108+cf1948f9c"
                   D’après la clé de Registre Windows LongPathsEnabled, la fonctionnalité LongPaths est désactivé.
                   Basé sur la clé de Registre Windows VerifiedAndReputablePolicyState, état SAC = 0 : désactivé.
                   Assembly chargé pendant Evaluation : System.Runtime.Loader, Version=10.0.0.0, Culture=neutral, PublicKeyToken=b03f5f7f11d50a3a (emplacement : C:\Program Files\dotnet\shared\Microsoft.NETCore.App\10.0.5\System.Runtime.Loader.dll, MVID : 757771d2-8243-405e-8630-5ac8b55395da, AssemblyLoadContext : Default)
                   Assembly chargé pendant Evaluation : System.Diagnostics.FileVersionInfo, Version=10.0.0.0, Culture=neutral, PublicKeyToken=b03f5f7f11d50a3a (emplacement : C:\Program Files\dotnet\shared\Microsoft.NETCore.App\10.0.5\System.Diagnostics.FileVersionInfo.dll, MVID : 20067d55-82da-43f2-9f07-a780cbb31659, AssemblyLoadContext : Default)
                   Le « Microsoft.NET.Sdk » SDK a été résolu par le programme de résolution de « DefaultSdkResolver » en « C:\Program Files\dotnet\sdk\10.0.300-preview.0.26177.108\Sdks\Microsoft.NET.Sdk\Sdk » d’emplacement et en version «  ».
                   C:\Program Files\dotnet\sdk\10.0.300-preview.0.26177.108\Sdks\Microsoft.NET.Sdk\Sdk\Sdk.props(49,11): message : Propriété 'MSBuildExtensionsPath' avec la valeur 'C:\Program Files\dotnet\sdk\10.0.300-preview.0.26177.108\' développée à partir de l’environnement.
                   C:\Program Files\dotnet\sdk\10.0.300-preview.0.26177.108\Current\Microsoft.Common.props(60,5): message : Réassignation de propriété : $(MSBuildProjectExtensionsPath)="C:\Users\Lenovo\Documents\Génie Logiciel\EasySave-Groupe1\EasySave.Console\obj\" (valeur précédente : "obj\") à C:\Program Files\dotnet\sdk\10.0.300-preview.0.26177.108\Current\Microsoft.Common.props (60,5)
                   Assembly chargé pendant Evaluation : System.Threading.Tasks.Parallel, Version=10.0.0.0, Culture=neutral, PublicKeyToken=b03f5f7f11d50a3a (emplacement : C:\Program Files\dotnet\shared\Microsoft.NETCore.App\10.0.5\System.Threading.Tasks.Parallel.dll, MVID : 5bd459e2-2741-47c1-827e-e155dad5f942, AssemblyLoadContext : Default)
                   C:\Users\Lenovo\Documents\Génie Logiciel\EasySave-Groupe1\EasySave.Console\obj\EasySave.Console.csproj.nuget.g.props(7,5): message : Propriété 'USERPROFILE' avec la valeur 'C:\Users\Lenovo' développée à partir de l’environnement.
                   C:\Program Files\dotnet\sdk\10.0.300-preview.0.26177.108\Current\Microsoft.Common.props(84,119): message : Propriété 'MSBuildUserExtensionsPath' avec la valeur 'C:\Users\Lenovo\AppData\Local\Microsoft\MSBuild' développée à partir de l’environnement.
                   C:\Program Files\dotnet\sdk\10.0.300-preview.0.26177.108\Sdks\Microsoft.NET.Sdk\targets\Microsoft.NET.Sdk.props(90,5): message : Réassignation de propriété : $(AssemblySearchPaths)="{CandidateAssemblyFiles};{HintPathFromItem}" (valeur précédente : "{CandidateAssemblyFiles}") à C:\Program Files\dotnet\sdk\10.0.300-preview.0.26177.108\Sdks\Microsoft.NET.Sdk\targets\Microsoft.NET.Sdk.props (90,5)
                   C:\Program Files\dotnet\sdk\10.0.300-preview.0.26177.108\Sdks\Microsoft.NET.Sdk\targets\Microsoft.NET.Sdk.props(91,5): message : Réassignation de propriété : $(AssemblySearchPaths)="{CandidateAssemblyFiles};{HintPathFromItem};{TargetFrameworkDirectory}" (valeur précédente : "{CandidateAssemblyFiles};{HintPathFromItem}") à C:\Program Files\dotnet\sdk\10.0.300-preview.0.26177.108\Sdks\Microsoft.NET.Sdk\targets\Microsoft.NET.Sdk.props (91,5)
                   C:\Program Files\dotnet\sdk\10.0.300-preview.0.26177.108\Sdks\Microsoft.NET.Sdk\targets\Microsoft.NET.Sdk.props(92,5): message : Réassignation de propriété : $(AssemblySearchPaths)="{CandidateAssemblyFiles};{HintPathFromItem};{TargetFrameworkDirectory};{RawFileName}" (valeur précédente : "{CandidateAssemblyFiles};{HintPathFromItem};{TargetFrameworkDirectory}") à C:\Program Files\dotnet\sdk\10.0.300-preview.0.26177.108\Sdks\Microsoft.NET.Sdk\targets\Microsoft.NET.Sdk.props (92,5)
                   Le programme de résolution « DefaultSdkResolver » a tenté de résoudre le SDK « Microsoft.NET.SDK.WorkloadAutoImportPropsLocator ».
                   Avertissements : null
                   Erreurs : MSB4276: Le programme de résolution du SDK par défaut n’a pas pu résoudre le SDK «Microsoft.NET.SDK.WorkloadAutoImportPropsLocator», car le répertoire «C:\Program Files\dotnet\sdk\10.0.300-preview.0.26177.108\Sdks\Microsoft.NET.SDK.WorkloadAutoImportPropsLocator\Sdk» n’existait pas.
                   Assembly chargé pendant Evaluation : Microsoft.Build.NuGetSdkResolver, Version=7.6.0.0, Culture=neutral, PublicKeyToken=31bf3856ad364e35 (emplacement : C:\Program Files\dotnet\sdk\10.0.300-preview.0.26177.108\Microsoft.Build.NuGetSdkResolver.dll, MVID : ca597f99-517d-49bf-884a-23eef8d396d8, AssemblyLoadContext : MSBuild plugin C:\Program Files\dotnet\sdk\10.0.300-preview.0.26177.108\Microsoft.Build.NuGetSdkResolver.dll)
                   Assembly chargé pendant Evaluation : System.Reflection.Metadata, Version=10.0.0.0, Culture=neutral, PublicKeyToken=b03f5f7f11d50a3a (emplacement : C:\Program Files\dotnet\shared\Microsoft.NETCore.App\10.0.5\System.Reflection.Metadata.dll, MVID : 4e61a6ff-8e69-4b91-818c-30d30446243f, AssemblyLoadContext : Default)
                   Assembly chargé pendant Evaluation : System.IO.MemoryMappedFiles, Version=10.0.0.0, Culture=neutral, PublicKeyToken=b03f5f7f11d50a3a (emplacement : C:\Program Files\dotnet\shared\Microsoft.NETCore.App\10.0.5\System.IO.MemoryMappedFiles.dll, MVID : c190c173-7496-4601-b026-351e43ac38b7, AssemblyLoadContext : Default)
                   Assembly chargé pendant Evaluation : NuGet.Common, Version=7.6.0.0, Culture=neutral, PublicKeyToken=31bf3856ad364e35 (emplacement : C:\Program Files\dotnet\sdk\10.0.300-preview.0.26177.108\NuGet.Common.dll, MVID : c7d1bef7-452c-49a1-87a1-c784d7ac99bf, AssemblyLoadContext : MSBuild plugin C:\Program Files\dotnet\sdk\10.0.300-preview.0.26177.108\Microsoft.Build.NuGetSdkResolver.dll)
                   Assembly chargé pendant Evaluation : Microsoft.NET.Sdk.WorkloadMSBuildSdkResolver, Version=10.0.300.0, Culture=neutral, PublicKeyToken=31bf3856ad364e35 (emplacement : C:\Program Files\dotnet\sdk\10.0.300-preview.0.26177.108\Microsoft.NET.Sdk.WorkloadMSBuildSdkResolver.dll, MVID : e67cd0f8-7232-421d-aa49-b86f43088afe, AssemblyLoadContext : MSBuild plugin C:\Program Files\dotnet\sdk\10.0.300-preview.0.26177.108\Microsoft.NET.Sdk.WorkloadMSBuildSdkResolver.dll)
                   Assembly chargé pendant Evaluation : Microsoft.DotNet.Cli.CoreUtils, Version=10.0.300.0, Culture=neutral, PublicKeyToken=adb9793829ddae60 (emplacement : C:\Program Files\dotnet\sdk\10.0.300-preview.0.26177.108\Microsoft.DotNet.Cli.CoreUtils.dll, MVID : 58678a9f-facd-4771-afb3-983343dd1c8a, AssemblyLoadContext : MSBuild plugin C:\Program Files\dotnet\sdk\10.0.300-preview.0.26177.108\Microsoft.NET.Sdk.WorkloadMSBuildSdkResolver.dll)
                   Assembly chargé pendant Evaluation : Microsoft.NET.Sdk.WorkloadManifestReader, Version=10.0.300.0, Culture=neutral, PublicKeyToken=adb9793829ddae60 (emplacement : C:\Program Files\dotnet\sdk\10.0.300-preview.0.26177.108\Microsoft.NET.Sdk.WorkloadManifestReader.dll, MVID : e18e0b2d-6b78-4c1e-beb6-2e0b8d3620b3, AssemblyLoadContext : MSBuild plugin C:\Program Files\dotnet\sdk\10.0.300-preview.0.26177.108\Microsoft.NET.Sdk.WorkloadMSBuildSdkResolver.dll)
                   Assembly chargé pendant Evaluation : Microsoft.Deployment.DotNet.Releases, Version=2.0.0.0, Culture=neutral, PublicKeyToken=31bf3856ad364e35 (emplacement : C:\Program Files\dotnet\sdk\10.0.300-preview.0.26177.108\Microsoft.Deployment.DotNet.Releases.dll, MVID : 995f35ea-2776-49c2-8f82-f6e2d9e87162, AssemblyLoadContext : MSBuild plugin C:\Program Files\dotnet\sdk\10.0.300-preview.0.26177.108\Microsoft.NET.Sdk.WorkloadMSBuildSdkResolver.dll)
                   Assembly chargé pendant Evaluation : netstandard, Version=2.1.0.0, Culture=neutral, PublicKeyToken=cc7b13ffcd2ddd51 (emplacement : C:\Program Files\dotnet\shared\Microsoft.NETCore.App\10.0.5\netstandard.dll, MVID : 73c32d46-4119-44e9-8093-1bdb5e2f9e6a, AssemblyLoadContext : Default)
                   Le « Microsoft.NET.SDK.WorkloadAutoImportPropsLocator » SDK a été résolu par le programme de résolution de « Microsoft.DotNet.MSBuildWorkloadSdkResolver » en « C:\Program Files\dotnet\packs\Microsoft.Android.Sdk.Windows\36.1.43\Sdk » d’emplacement et en version « null ».
                   C:\Users\Lenovo\Documents\Génie Logiciel\EasySave-Groupe1\EasySave.Console\EasySave.Console.csproj(8,5): message : Réassignation de propriété : $(OutputType)="Exe" (valeur précédente : "Library") à C:\Users\Lenovo\Documents\Génie Logiciel\EasySave-Groupe1\EasySave.Console\EasySave.Console.csproj (8,5)
                   C:\Program Files\dotnet\sdk\10.0.300-preview.0.26177.108\Sdks\Microsoft.NET.Sdk\targets\Microsoft.NET.Sdk.ImportPublishProfile.targets(28,5): message : Réassignation de propriété : $(PublishProfileImported)="false" (valeur précédente : "true") à C:\Program Files\dotnet\sdk\10.0.300-preview.0.26177.108\Sdks\Microsoft.NET.Sdk\targets\Microsoft.NET.Sdk.ImportPublishProfile.targets (28,5)
                   Assembly chargé pendant Evaluation : NuGet.Frameworks, Version=7.6.0.0, Culture=neutral, PublicKeyToken=31bf3856ad364e35 (emplacement : C:\Program Files\dotnet\sdk\10.0.300-preview.0.26177.108\NuGet.Frameworks.dll, MVID : 2598622b-74c7-447c-9c08-5e43b0f3f81f, AssemblyLoadContext : Assembly.LoadFile(C:\Program Files\dotnet\sdk\10.0.300-preview.0.26177.108\NuGet.Frameworks.dll))
                   C:\Program Files\dotnet\sdk\10.0.300-preview.0.26177.108\Sdks\Microsoft.NET.Sdk\targets\Microsoft.NET.TargetFrameworkInference.targets(81,5): message : Réassignation de propriété : $(TargetPlatformVersion)="" (valeur précédente : "0.0") à C:\Program Files\dotnet\sdk\10.0.300-preview.0.26177.108\Sdks\Microsoft.NET.Sdk\targets\Microsoft.NET.TargetFrameworkInference.targets (81,5)
                   C:\Program Files\dotnet\sdk\10.0.300-preview.0.26177.108\Sdks\Microsoft.NET.Sdk\targets\Microsoft.NET.DefaultOutputPaths.targets(127,5): message : Réassignation de propriété : $(DefaultItemExcludes)=";bin\Debug\/**;obj\Debug\/**" (valeur précédente : ";bin\Debug\/**") à C:\Program Files\dotnet\sdk\10.0.300-preview.0.26177.108\Sdks\Microsoft.NET.Sdk\targets\Microsoft.NET.DefaultOutputPaths.targets (127,5)
                   C:\Program Files\dotnet\sdk\10.0.300-preview.0.26177.108\Sdks\Microsoft.NET.Sdk\targets\Microsoft.NET.DefaultOutputPaths.targets(142,5): message : Réassignation de propriété : $(OutputPath)="bin\Debug\net8.0\" (valeur précédente : "bin\Debug\") à C:\Program Files\dotnet\sdk\10.0.300-preview.0.26177.108\Sdks\Microsoft.NET.Sdk\targets\Microsoft.NET.DefaultOutputPaths.targets (142,5)
                   C:\Program Files\dotnet\sdk\10.0.300-preview.0.26177.108\Sdks\Microsoft.NET.Sdk\targets\Microsoft.NET.DefaultOutputPaths.targets(147,5): message : Réassignation de propriété : $(IntermediateOutputPath)="obj\Debug\net8.0\" (valeur précédente : "obj\Debug\") à C:\Program Files\dotnet\sdk\10.0.300-preview.0.26177.108\Sdks\Microsoft.NET.Sdk\targets\Microsoft.NET.DefaultOutputPaths.targets (147,5)
                   Le programme de résolution « DefaultSdkResolver » a tenté de résoudre le SDK « Microsoft.NET.SDK.WorkloadManifestTargetsLocator ».
                   Avertissements : null
                   Erreurs : MSB4276: Le programme de résolution du SDK par défaut n’a pas pu résoudre le SDK «Microsoft.NET.SDK.WorkloadManifestTargetsLocator», car le répertoire «C:\Program Files\dotnet\sdk\10.0.300-preview.0.26177.108\Sdks\Microsoft.NET.SDK.WorkloadManifestTargetsLocator\Sdk» n’existait pas.
                   Le « Microsoft.NET.SDK.WorkloadManifestTargetsLocator » SDK a été résolu par le programme de résolution de « Microsoft.DotNet.MSBuildWorkloadSdkResolver » en « C:\Program Files\dotnet\sdk-manifests\10.0.100\microsoft.net.sdk.android\36.1.43 » d’emplacement et en version « null ».
                   C:\Program Files\dotnet\sdk\10.0.300-preview.0.26177.108\Sdks\Microsoft.NET.Sdk\targets\Microsoft.NET.Sdk.BeforeCommon.targets(379,5): message : Réassignation de propriété : $(RoslynTargetsPath)="C:\Program Files\dotnet\sdk\10.0.300-preview.0.26177.108\Sdks\Microsoft.NET.Sdk\targets\..\..\..\Roslyn" (valeur précédente : "C:\Program Files\dotnet\sdk\10.0.300-preview.0.26177.108\Roslyn") à C:\Program Files\dotnet\sdk\10.0.300-preview.0.26177.108\Sdks\Microsoft.NET.Sdk\targets\Microsoft.NET.Sdk.BeforeCommon.targets (379,5)
                   C:\Program Files\dotnet\sdk\10.0.300-preview.0.26177.108\Roslyn\Microsoft.Managed.Core.targets(6,5): message : Réassignation de propriété : $(_BuildTasksDirectory)="C:\Program Files\dotnet\sdk\10.0.300-preview.0.26177.108\Sdks\Microsoft.NET.Sdk\targets\..\..\..\Roslyn\" (valeur précédente : "C:\Program Files\dotnet\sdk\10.0.300-preview.0.26177.108\Roslyn\") à C:\Program Files\dotnet\sdk\10.0.300-preview.0.26177.108\Roslyn\Microsoft.Managed.Core.targets (6,5)
                   C:\Program Files\dotnet\sdk\10.0.300-preview.0.26177.108\Roslyn\Microsoft.CSharp.Core.targets(213,5): message : Réassignation de propriété : $(CommandLineArgsForDesignTimeEvaluation)="-langversion:12.0 -define:TRACE" (valeur précédente : "-langversion:12.0") à C:\Program Files\dotnet\sdk\10.0.300-preview.0.26177.108\Roslyn\Microsoft.CSharp.Core.targets (213,5)
                   Assembly chargé pendant Evaluation : Microsoft.Build.Utilities.Core, Version=15.1.0.0, Culture=neutral, PublicKeyToken=b03f5f7f11d50a3a (emplacement : C:\Program Files\dotnet\sdk\10.0.300-preview.0.26177.108\Microsoft.Build.Utilities.Core.dll, MVID : b5eb3ffd-17ca-4317-8b69-e831723df948, AssemblyLoadContext : Default)
                   C:\Program Files\dotnet\sdk\10.0.300-preview.0.26177.108\Microsoft.Common.CurrentVersion.targets(175,5): message : Réassignation de propriété : $(_DebugSymbolsProduced)="true" (valeur précédente : "false") à C:\Program Files\dotnet\sdk\10.0.300-preview.0.26177.108\Microsoft.Common.CurrentVersion.targets (175,5)
                   C:\Program Files\dotnet\sdk\10.0.300-preview.0.26177.108\Microsoft.Common.CurrentVersion.targets(185,5): message : Réassignation de propriété : $(_DocumentationFileProduced)="false" (valeur précédente : "true") à C:\Program Files\dotnet\sdk\10.0.300-preview.0.26177.108\Microsoft.Common.CurrentVersion.targets (185,5)
                   C:\Program Files\dotnet\sdk\10.0.300-preview.0.26177.108\Microsoft.Common.CurrentVersion.targets(392,5): message : Réassignation de propriété : $(MSBuildCopyMarkerName)="EasySave.75EEAA2D" (valeur précédente : "EasySave.Console.csproj") à C:\Program Files\dotnet\sdk\10.0.300-preview.0.26177.108\Microsoft.Common.CurrentVersion.targets (392,5)
                   C:\Program Files\dotnet\sdk\10.0.300-preview.0.26177.108\Microsoft.Common.CurrentVersion.targets(393,5): message : Réassignation de propriété : $(MSBuildCopyMarkerName)="EasySave.75EEAA2D.Up2Date" (valeur précédente : "EasySave.75EEAA2D") à C:\Program Files\dotnet\sdk\10.0.300-preview.0.26177.108\Microsoft.Common.CurrentVersion.targets (393,5)
                   C:\Program Files\dotnet\sdk\10.0.300-preview.0.26177.108\Microsoft.Common.CurrentVersion.targets(541,5): message : Réassignation de propriété : $(ProcessorArchitecture)="msil" (valeur précédente : "") à C:\Program Files\dotnet\sdk\10.0.300-preview.0.26177.108\Microsoft.Common.CurrentVersion.targets (541,5)
                   C:\Program Files\dotnet\sdk\10.0.300-preview.0.26177.108\Microsoft.Common.CurrentVersion.targets(580,5): message : Réassignation de propriété : $(DelaySign)="" (valeur précédente : "false") à C:\Program Files\dotnet\sdk\10.0.300-preview.0.26177.108\Microsoft.Common.CurrentVersion.targets (580,5)
                   C:\Program Files\dotnet\sdk\10.0.300-preview.0.26177.108\Microsoft.Common.CurrentVersion.targets(2622,5): message : Propriété 'LOCALAPPDATA' avec la valeur 'C:\Users\Lenovo\AppData\Local' développée à partir de l’environnement.
                   C:\Program Files\dotnet\sdk\10.0.300-preview.0.26177.108\Microsoft.Common.CurrentVersion.targets(3950,5): message : Réassignation de propriété : $(_SGenGenerateSerializationAssembliesConfig)="Auto" (valeur précédente : "") à C:\Program Files\dotnet\sdk\10.0.300-preview.0.26177.108\Microsoft.Common.CurrentVersion.targets (3950,5)
                   C:\Program Files\dotnet\sdk\10.0.300-preview.0.26177.108\Microsoft.Common.CurrentVersion.targets(3951,5): message : Réassignation de propriété : $(_SGenGenerateSerializationAssembliesConfig)="Off" (valeur précédente : "Auto") à C:\Program Files\dotnet\sdk\10.0.300-preview.0.26177.108\Microsoft.Common.CurrentVersion.targets (3951,5)
                   C:\Program Files\dotnet\sdk\10.0.300-preview.0.26177.108\Microsoft.Common.CurrentVersion.targets(5162,5): message : Réassignation de propriété : $(_TargetsThatPrepareProjectReferences)="
                   C:\Program Files\dotnet\sdk\10.0.300-preview.0.26177.108\Microsoft.Common.CurrentVersion.targets(5162,5): message :       AssignProjectConfiguration;
                   C:\Program Files\dotnet\sdk\10.0.300-preview.0.26177.108\Microsoft.Common.CurrentVersion.targets(5162,5): message :       _SplitProjectReferencesByFileExistence
                   C:\Program Files\dotnet\sdk\10.0.300-preview.0.26177.108\Microsoft.Common.CurrentVersion.targets(5162,5): message :     " (valeur précédente : "_SplitProjectReferencesByFileExistence") à C:\Program Files\dotnet\sdk\10.0.300-preview.0.26177.108\Microsoft.Common.CurrentVersion.targets (5162,5)
                   C:\Program Files\dotnet\sdk\10.0.300-preview.0.26177.108\Microsoft.Common.CurrentVersion.targets(6975,5): message : Propriété 'MSBuildExtensionsPath32' avec la valeur 'C:\Program Files\dotnet\sdk\10.0.300-preview.0.26177.108' développée à partir de l’environnement.
                   C:\Program Files\dotnet\sdk\10.0.300-preview.0.26177.108\Sdks\Microsoft.NET.Sdk\targets\Microsoft.PackageDependencyResolution.targets(29,5): message : Réassignation de propriété : $(ProjectAssetsCacheFile)="C:\Users\Lenovo\Documents\Génie Logiciel\EasySave-Groupe1\EasySave.Console\obj\Debug\net8.0\EasySave.Console.assets.cache" (valeur précédente : "obj\Debug\net8.0\EasySave.Console.assets.cache") à C:\Program Files\dotnet\sdk\10.0.300-preview.0.26177.108\Sdks\Microsoft.NET.Sdk\targets\Microsoft.PackageDependencyResolution.targets (29,5)
                   C:\Program Files\dotnet\sdk\10.0.300-preview.0.26177.108\Sdks\Microsoft.NET.Sdk\targets\Microsoft.PackageDependencyResolution.targets(80,5): message : Réassignation de propriété : $(ResolveAssemblyReferencesDependsOn)="
                   C:\Program Files\dotnet\sdk\10.0.300-preview.0.26177.108\Sdks\Microsoft.NET.Sdk\targets\Microsoft.PackageDependencyResolution.targets(80,5): message :       
                   C:\Program Files\dotnet\sdk\10.0.300-preview.0.26177.108\Sdks\Microsoft.NET.Sdk\targets\Microsoft.PackageDependencyResolution.targets(80,5): message :       ResolveProjectReferences;
                   C:\Program Files\dotnet\sdk\10.0.300-preview.0.26177.108\Sdks\Microsoft.NET.Sdk\targets\Microsoft.PackageDependencyResolution.targets(80,5): message :       FindInvalidProjectReferences;
                   C:\Program Files\dotnet\sdk\10.0.300-preview.0.26177.108\Sdks\Microsoft.NET.Sdk\targets\Microsoft.PackageDependencyResolution.targets(80,5): message :       GetFrameworkPaths;
                   C:\Program Files\dotnet\sdk\10.0.300-preview.0.26177.108\Sdks\Microsoft.NET.Sdk\targets\Microsoft.PackageDependencyResolution.targets(80,5): message :       GetReferenceAssemblyPaths;
                   C:\Program Files\dotnet\sdk\10.0.300-preview.0.26177.108\Sdks\Microsoft.NET.Sdk\targets\Microsoft.PackageDependencyResolution.targets(80,5): message :       PrepareForBuild;
                   C:\Program Files\dotnet\sdk\10.0.300-preview.0.26177.108\Sdks\Microsoft.NET.Sdk\targets\Microsoft.PackageDependencyResolution.targets(80,5): message :       ResolveSDKReferences;
                   C:\Program Files\dotnet\sdk\10.0.300-preview.0.26177.108\Sdks\Microsoft.NET.Sdk\targets\Microsoft.PackageDependencyResolution.targets(80,5): message :       ExpandSDKReferences;
                   C:\Program Files\dotnet\sdk\10.0.300-preview.0.26177.108\Sdks\Microsoft.NET.Sdk\targets\Microsoft.PackageDependencyResolution.targets(80,5): message :     ;
                   C:\Program Files\dotnet\sdk\10.0.300-preview.0.26177.108\Sdks\Microsoft.NET.Sdk\targets\Microsoft.PackageDependencyResolution.targets(80,5): message :       ResolvePackageDependenciesForBuild;
                   C:\Program Files\dotnet\sdk\10.0.300-preview.0.26177.108\Sdks\Microsoft.NET.Sdk\targets\Microsoft.PackageDependencyResolution.targets(80,5): message :       _HandlePackageFileConflicts;
                   C:\Program Files\dotnet\sdk\10.0.300-preview.0.26177.108\Sdks\Microsoft.NET.Sdk\targets\Microsoft.PackageDependencyResolution.targets(80,5): message :     " (valeur précédente : "
                   C:\Program Files\dotnet\sdk\10.0.300-preview.0.26177.108\Sdks\Microsoft.NET.Sdk\targets\Microsoft.PackageDependencyResolution.targets(80,5): message :       ResolveProjectReferences;
                   C:\Program Files\dotnet\sdk\10.0.300-preview.0.26177.108\Sdks\Microsoft.NET.Sdk\targets\Microsoft.PackageDependencyResolution.targets(80,5): message :       FindInvalidProjectReferences;
                   C:\Program Files\dotnet\sdk\10.0.300-preview.0.26177.108\Sdks\Microsoft.NET.Sdk\targets\Microsoft.PackageDependencyResolution.targets(80,5): message :       GetFrameworkPaths;
                   C:\Program Files\dotnet\sdk\10.0.300-preview.0.26177.108\Sdks\Microsoft.NET.Sdk\targets\Microsoft.PackageDependencyResolution.targets(80,5): message :       GetReferenceAssemblyPaths;
                   C:\Program Files\dotnet\sdk\10.0.300-preview.0.26177.108\Sdks\Microsoft.NET.Sdk\targets\Microsoft.PackageDependencyResolution.targets(80,5): message :       PrepareForBuild;
                   C:\Program Files\dotnet\sdk\10.0.300-preview.0.26177.108\Sdks\Microsoft.NET.Sdk\targets\Microsoft.PackageDependencyResolution.targets(80,5): message :       ResolveSDKReferences;
                   C:\Program Files\dotnet\sdk\10.0.300-preview.0.26177.108\Sdks\Microsoft.NET.Sdk\targets\Microsoft.PackageDependencyResolution.targets(80,5): message :       ExpandSDKReferences;
                   C:\Program Files\dotnet\sdk\10.0.300-preview.0.26177.108\Sdks\Microsoft.NET.Sdk\targets\Microsoft.PackageDependencyResolution.targets(80,5): message :     ") à C:\Program Files\dotnet\sdk\10.0.300-preview.0.26177.108\Sdks\Microsoft.NET.Sdk\targets\Microsoft.PackageDependencyResolution.targets (80,5)
                   C:\Program Files\dotnet\sdk\10.0.300-preview.0.26177.108\Sdks\Microsoft.NET.Sdk\targets\Microsoft.PackageDependencyResolution.targets(86,5): message : Réassignation de propriété : $(PrepareResourcesDependsOn)="
                   C:\Program Files\dotnet\sdk\10.0.300-preview.0.26177.108\Sdks\Microsoft.NET.Sdk\targets\Microsoft.PackageDependencyResolution.targets(86,5): message :       ResolvePackageDependenciesForBuild;
                   C:\Program Files\dotnet\sdk\10.0.300-preview.0.26177.108\Sdks\Microsoft.NET.Sdk\targets\Microsoft.PackageDependencyResolution.targets(86,5): message :       _HandlePackageFileConflicts;
                   C:\Program Files\dotnet\sdk\10.0.300-preview.0.26177.108\Sdks\Microsoft.NET.Sdk\targets\Microsoft.PackageDependencyResolution.targets(86,5): message :       
                   C:\Program Files\dotnet\sdk\10.0.300-preview.0.26177.108\Sdks\Microsoft.NET.Sdk\targets\Microsoft.PackageDependencyResolution.targets(86,5): message :       ;
                   C:\Program Files\dotnet\sdk\10.0.300-preview.0.26177.108\Sdks\Microsoft.NET.Sdk\targets\Microsoft.PackageDependencyResolution.targets(86,5): message :       PrepareResourceNames;
                   C:\Program Files\dotnet\sdk\10.0.300-preview.0.26177.108\Sdks\Microsoft.NET.Sdk\targets\Microsoft.PackageDependencyResolution.targets(86,5): message :       ResGen;
                   C:\Program Files\dotnet\sdk\10.0.300-preview.0.26177.108\Sdks\Microsoft.NET.Sdk\targets\Microsoft.PackageDependencyResolution.targets(86,5): message :       CompileLicxFiles
                   C:\Program Files\dotnet\sdk\10.0.300-preview.0.26177.108\Sdks\Microsoft.NET.Sdk\targets\Microsoft.PackageDependencyResolution.targets(86,5): message :     
                   C:\Program Files\dotnet\sdk\10.0.300-preview.0.26177.108\Sdks\Microsoft.NET.Sdk\targets\Microsoft.PackageDependencyResolution.targets(86,5): message :     " (valeur précédente : "
                   C:\Program Files\dotnet\sdk\10.0.300-preview.0.26177.108\Sdks\Microsoft.NET.Sdk\targets\Microsoft.PackageDependencyResolution.targets(86,5): message :       ;
                   C:\Program Files\dotnet\sdk\10.0.300-preview.0.26177.108\Sdks\Microsoft.NET.Sdk\targets\Microsoft.PackageDependencyResolution.targets(86,5): message :       PrepareResourceNames;
                   C:\Program Files\dotnet\sdk\10.0.300-preview.0.26177.108\Sdks\Microsoft.NET.Sdk\targets\Microsoft.PackageDependencyResolution.targets(86,5): message :       ResGen;
                   C:\Program Files\dotnet\sdk\10.0.300-preview.0.26177.108\Sdks\Microsoft.NET.Sdk\targets\Microsoft.PackageDependencyResolution.targets(86,5): message :       CompileLicxFiles
                   C:\Program Files\dotnet\sdk\10.0.300-preview.0.26177.108\Sdks\Microsoft.NET.Sdk\targets\Microsoft.PackageDependencyResolution.targets(86,5): message :     ") à C:\Program Files\dotnet\sdk\10.0.300-preview.0.26177.108\Sdks\Microsoft.NET.Sdk\targets\Microsoft.PackageDependencyResolution.targets (86,5)
                   C:\Program Files\dotnet\sdk\10.0.300-preview.0.26177.108\Sdks\Microsoft.NET.Sdk\targets\Microsoft.NET.Sdk.DefaultItems.targets(35,5): message : Réassignation de propriété : $(DefaultItemExcludes)=";bin\Debug\/**;obj\Debug\/**;bin\/**" (valeur précédente : ";bin\Debug\/**;obj\Debug\/**") à C:\Program Files\dotnet\sdk\10.0.300-preview.0.26177.108\Sdks\Microsoft.NET.Sdk\targets\Microsoft.NET.Sdk.DefaultItems.targets (35,5)
                   C:\Program Files\dotnet\sdk\10.0.300-preview.0.26177.108\Sdks\Microsoft.NET.Sdk\targets\Microsoft.NET.Sdk.DefaultItems.targets(37,5): message : Réassignation de propriété : $(DefaultItemExcludes)=";bin\Debug\/**;obj\Debug\/**;bin\/**;obj\/**" (valeur précédente : ";bin\Debug\/**;obj\Debug\/**;bin\/**") à C:\Program Files\dotnet\sdk\10.0.300-preview.0.26177.108\Sdks\Microsoft.NET.Sdk\targets\Microsoft.NET.Sdk.DefaultItems.targets (37,5)
                   C:\Program Files\dotnet\sdk\10.0.300-preview.0.26177.108\Sdks\Microsoft.NET.Sdk\targets\Microsoft.NET.Sdk.DefaultItems.targets(41,5): message : Réassignation de propriété : $(DefaultItemExcludes)=";bin\Debug\/**;obj\Debug\/**;bin\/**;obj\/**;bin\Debug\net8.0\publish\/**" (valeur précédente : ";bin\Debug\/**;obj\Debug\/**;bin\/**;obj\/**") à C:\Program Files\dotnet\sdk\10.0.300-preview.0.26177.108\Sdks\Microsoft.NET.Sdk\targets\Microsoft.NET.Sdk.DefaultItems.targets (41,5)
                   C:\Program Files\dotnet\sdk\10.0.300-preview.0.26177.108\Sdks\Microsoft.NET.Sdk\targets\Microsoft.NET.Sdk.DefaultItems.targets(44,5): message : Réassignation de propriété : $(DefaultItemExcludes)=";bin\Debug\/**;obj\Debug\/**;bin\/**;obj\/**;bin\Debug\net8.0\publish\/**;**/*.user" (valeur précédente : ";bin\Debug\/**;obj\Debug\/**;bin\/**;obj\/**;bin\Debug\net8.0\publish\/**") à C:\Program Files\dotnet\sdk\10.0.300-preview.0.26177.108\Sdks\Microsoft.NET.Sdk\targets\Microsoft.NET.Sdk.DefaultItems.targets (44,5)
                   C:\Program Files\dotnet\sdk\10.0.300-preview.0.26177.108\Sdks\Microsoft.NET.Sdk\targets\Microsoft.NET.Sdk.DefaultItems.targets(45,5): message : Réassignation de propriété : $(DefaultItemExcludes)=";bin\Debug\/**;obj\Debug\/**;bin\/**;obj\/**;bin\Debug\net8.0\publish\/**;**/*.user;**/*.*proj" (valeur précédente : ";bin\Debug\/**;obj\Debug\/**;bin\/**;obj\/**;bin\Debug\net8.0\publish\/**;**/*.user") à C:\Program Files\dotnet\sdk\10.0.300-preview.0.26177.108\Sdks\Microsoft.NET.Sdk\targets\Microsoft.NET.Sdk.DefaultItems.targets (45,5)
                   C:\Program Files\dotnet\sdk\10.0.300-preview.0.26177.108\Sdks\Microsoft.NET.Sdk\targets\Microsoft.NET.Sdk.DefaultItems.targets(46,5): message : Réassignation de propriété : $(DefaultItemExcludes)=";bin\Debug\/**;obj\Debug\/**;bin\/**;obj\/**;bin\Debug\net8.0\publish\/**;**/*.user;**/*.*proj;**/*.sln" (valeur précédente : ";bin\Debug\/**;obj\Debug\/**;bin\/**;obj\/**;bin\Debug\net8.0\publish\/**;**/*.user;**/*.*proj") à C:\Program Files\dotnet\sdk\10.0.300-preview.0.26177.108\Sdks\Microsoft.NET.Sdk\targets\Microsoft.NET.Sdk.DefaultItems.targets (46,5)
                   C:\Program Files\dotnet\sdk\10.0.300-preview.0.26177.108\Sdks\Microsoft.NET.Sdk\targets\Microsoft.NET.Sdk.DefaultItems.targets(47,5): message : Réassignation de propriété : $(DefaultItemExcludes)=";bin\Debug\/**;obj\Debug\/**;bin\/**;obj\/**;bin\Debug\net8.0\publish\/**;**/*.user;**/*.*proj;**/*.sln;**/*.slnx" (valeur précédente : ";bin\Debug\/**;obj\Debug\/**;bin\/**;obj\/**;bin\Debug\net8.0\publish\/**;**/*.user;**/*.*proj;**/*.sln") à C:\Program Files\dotnet\sdk\10.0.300-preview.0.26177.108\Sdks\Microsoft.NET.Sdk\targets\Microsoft.NET.Sdk.DefaultItems.targets (47,5)
                   C:\Program Files\dotnet\sdk\10.0.300-preview.0.26177.108\Sdks\Microsoft.NET.Sdk\targets\Microsoft.NET.Sdk.DefaultItems.targets(48,5): message : Réassignation de propriété : $(DefaultItemExcludes)=";bin\Debug\/**;obj\Debug\/**;bin\/**;obj\/**;bin\Debug\net8.0\publish\/**;**/*.user;**/*.*proj;**/*.sln;**/*.slnx;**/*.vssscc" (valeur précédente : ";bin\Debug\/**;obj\Debug\/**;bin\/**;obj\/**;bin\Debug\net8.0\publish\/**;**/*.user;**/*.*proj;**/*.sln;**/*.slnx") à C:\Program Files\dotnet\sdk\10.0.300-preview.0.26177.108\Sdks\Microsoft.NET.Sdk\targets\Microsoft.NET.Sdk.DefaultItems.targets (48,5)
                   C:\Program Files\dotnet\sdk\10.0.300-preview.0.26177.108\Sdks\Microsoft.NET.Sdk\targets\Microsoft.NET.Sdk.DefaultItems.targets(49,5): message : Réassignation de propriété : $(DefaultItemExcludes)=";bin\Debug\/**;obj\Debug\/**;bin\/**;obj\/**;bin\Debug\net8.0\publish\/**;**/*.user;**/*.*proj;**/*.sln;**/*.slnx;**/*.vssscc;**/.DS_Store" (valeur précédente : ";bin\Debug\/**;obj\Debug\/**;bin\/**;obj\/**;bin\Debug\net8.0\publish\/**;**/*.user;**/*.*proj;**/*.sln;**/*.slnx;**/*.vssscc") à C:\Program Files\dotnet\sdk\10.0.300-preview.0.26177.108\Sdks\Microsoft.NET.Sdk\targets\Microsoft.NET.Sdk.DefaultItems.targets (49,5)
                   C:\Program Files\dotnet\sdk\10.0.300-preview.0.26177.108\Sdks\Microsoft.NET.Sdk\targets\Microsoft.NET.Sdk.FrameworkReferenceResolution.targets(14,5): message : Réassignation de propriété : $(ResolveAssemblyReferencesDependsOn)="
                   C:\Program Files\dotnet\sdk\10.0.300-preview.0.26177.108\Sdks\Microsoft.NET.Sdk\targets\Microsoft.NET.Sdk.FrameworkReferenceResolution.targets(14,5): message :       
                   C:\Program Files\dotnet\sdk\10.0.300-preview.0.26177.108\Sdks\Microsoft.NET.Sdk\targets\Microsoft.NET.Sdk.FrameworkReferenceResolution.targets(14,5): message :       
                   C:\Program Files\dotnet\sdk\10.0.300-preview.0.26177.108\Sdks\Microsoft.NET.Sdk\targets\Microsoft.NET.Sdk.FrameworkReferenceResolution.targets(14,5): message :       ResolveProjectReferences;
                   C:\Program Files\dotnet\sdk\10.0.300-preview.0.26177.108\Sdks\Microsoft.NET.Sdk\targets\Microsoft.NET.Sdk.FrameworkReferenceResolution.targets(14,5): message :       FindInvalidProjectReferences;
                   C:\Program Files\dotnet\sdk\10.0.300-preview.0.26177.108\Sdks\Microsoft.NET.Sdk\targets\Microsoft.NET.Sdk.FrameworkReferenceResolution.targets(14,5): message :       GetFrameworkPaths;
                   C:\Program Files\dotnet\sdk\10.0.300-preview.0.26177.108\Sdks\Microsoft.NET.Sdk\targets\Microsoft.NET.Sdk.FrameworkReferenceResolution.targets(14,5): message :       GetReferenceAssemblyPaths;
                   C:\Program Files\dotnet\sdk\10.0.300-preview.0.26177.108\Sdks\Microsoft.NET.Sdk\targets\Microsoft.NET.Sdk.FrameworkReferenceResolution.targets(14,5): message :       PrepareForBuild;
                   C:\Program Files\dotnet\sdk\10.0.300-preview.0.26177.108\Sdks\Microsoft.NET.Sdk\targets\Microsoft.NET.Sdk.FrameworkReferenceResolution.targets(14,5): message :       ResolveSDKReferences;
                   C:\Program Files\dotnet\sdk\10.0.300-preview.0.26177.108\Sdks\Microsoft.NET.Sdk\targets\Microsoft.NET.Sdk.FrameworkReferenceResolution.targets(14,5): message :       ExpandSDKReferences;
                   C:\Program Files\dotnet\sdk\10.0.300-preview.0.26177.108\Sdks\Microsoft.NET.Sdk\targets\Microsoft.NET.Sdk.FrameworkReferenceResolution.targets(14,5): message :     ;
                   C:\Program Files\dotnet\sdk\10.0.300-preview.0.26177.108\Sdks\Microsoft.NET.Sdk\targets\Microsoft.NET.Sdk.FrameworkReferenceResolution.targets(14,5): message :       ResolvePackageDependenciesForBuild;
                   C:\Program Files\dotnet\sdk\10.0.300-preview.0.26177.108\Sdks\Microsoft.NET.Sdk\targets\Microsoft.NET.Sdk.FrameworkReferenceResolution.targets(14,5): message :       _HandlePackageFileConflicts;
                   C:\Program Files\dotnet\sdk\10.0.300-preview.0.26177.108\Sdks\Microsoft.NET.Sdk\targets\Microsoft.NET.Sdk.FrameworkReferenceResolution.targets(14,5): message :     ;
                   C:\Program Files\dotnet\sdk\10.0.300-preview.0.26177.108\Sdks\Microsoft.NET.Sdk\targets\Microsoft.NET.Sdk.FrameworkReferenceResolution.targets(14,5): message :       ResolveTargetingPackAssets;
                   C:\Program Files\dotnet\sdk\10.0.300-preview.0.26177.108\Sdks\Microsoft.NET.Sdk\targets\Microsoft.NET.Sdk.FrameworkReferenceResolution.targets(14,5): message :     " (valeur précédente : "
                   C:\Program Files\dotnet\sdk\10.0.300-preview.0.26177.108\Sdks\Microsoft.NET.Sdk\targets\Microsoft.NET.Sdk.FrameworkReferenceResolution.targets(14,5): message :       
                   C:\Program Files\dotnet\sdk\10.0.300-preview.0.26177.108\Sdks\Microsoft.NET.Sdk\targets\Microsoft.NET.Sdk.FrameworkReferenceResolution.targets(14,5): message :       ResolveProjectReferences;
                   C:\Program Files\dotnet\sdk\10.0.300-preview.0.26177.108\Sdks\Microsoft.NET.Sdk\targets\Microsoft.NET.Sdk.FrameworkReferenceResolution.targets(14,5): message :       FindInvalidProjectReferences;
                   C:\Program Files\dotnet\sdk\10.0.300-preview.0.26177.108\Sdks\Microsoft.NET.Sdk\targets\Microsoft.NET.Sdk.FrameworkReferenceResolution.targets(14,5): message :       GetFrameworkPaths;
                   C:\Program Files\dotnet\sdk\10.0.300-preview.0.26177.108\Sdks\Microsoft.NET.Sdk\targets\Microsoft.NET.Sdk.FrameworkReferenceResolution.targets(14,5): message :       GetReferenceAssemblyPaths;
                   C:\Program Files\dotnet\sdk\10.0.300-preview.0.26177.108\Sdks\Microsoft.NET.Sdk\targets\Microsoft.NET.Sdk.FrameworkReferenceResolution.targets(14,5): message :       PrepareForBuild;
                   C:\Program Files\dotnet\sdk\10.0.300-preview.0.26177.108\Sdks\Microsoft.NET.Sdk\targets\Microsoft.NET.Sdk.FrameworkReferenceResolution.targets(14,5): message :       ResolveSDKReferences;
                   C:\Program Files\dotnet\sdk\10.0.300-preview.0.26177.108\Sdks\Microsoft.NET.Sdk\targets\Microsoft.NET.Sdk.FrameworkReferenceResolution.targets(14,5): message :       ExpandSDKReferences;
                   C:\Program Files\dotnet\sdk\10.0.300-preview.0.26177.108\Sdks\Microsoft.NET.Sdk\targets\Microsoft.NET.Sdk.FrameworkReferenceResolution.targets(14,5): message :     ;
                   C:\Program Files\dotnet\sdk\10.0.300-preview.0.26177.108\Sdks\Microsoft.NET.Sdk\targets\Microsoft.NET.Sdk.FrameworkReferenceResolution.targets(14,5): message :       ResolvePackageDependenciesForBuild;
                   C:\Program Files\dotnet\sdk\10.0.300-preview.0.26177.108\Sdks\Microsoft.NET.Sdk\targets\Microsoft.NET.Sdk.FrameworkReferenceResolution.targets(14,5): message :       _HandlePackageFileConflicts;
                   C:\Program Files\dotnet\sdk\10.0.300-preview.0.26177.108\Sdks\Microsoft.NET.Sdk\targets\Microsoft.NET.Sdk.FrameworkReferenceResolution.targets(14,5): message :     ") à C:\Program Files\dotnet\sdk\10.0.300-preview.0.26177.108\Sdks\Microsoft.NET.Sdk\targets\Microsoft.NET.Sdk.FrameworkReferenceResolution.targets (14,5)
                   C:\Program Files\dotnet\sdk\10.0.300-preview.0.26177.108\Sdks\Microsoft.NET.Sdk\targets\Microsoft.NET.Sdk.targets(44,5): message : Réassignation de propriété : $(_GenerateRuntimeConfigurationPropertyInputsCache)="C:\Users\Lenovo\Documents\Génie Logiciel\EasySave-Groupe1\EasySave.Console\obj\Debug\net8.0\EasySave.Console.genruntimeconfig.cache" (valeur précédente : "obj\Debug\net8.0\EasySave.Console.genruntimeconfig.cache") à C:\Program Files\dotnet\sdk\10.0.300-preview.0.26177.108\Sdks\Microsoft.NET.Sdk\targets\Microsoft.NET.Sdk.targets (44,5)
                   C:\Program Files\dotnet\sdk\10.0.300-preview.0.26177.108\Sdks\Microsoft.NET.Sdk\targets\Microsoft.NET.Sdk.targets(46,5): message : Réassignation de propriété : $(_GeneratePublishDependencyFilePropertyInputsCache)="C:\Users\Lenovo\Documents\Génie Logiciel\EasySave-Groupe1\EasySave.Console\obj\Debug\net8.0\EasySave.Console.genpublishdeps.cache" (valeur précédente : "obj\Debug\net8.0\EasySave.Console.genpublishdeps.cache") à C:\Program Files\dotnet\sdk\10.0.300-preview.0.26177.108\Sdks\Microsoft.NET.Sdk\targets\Microsoft.NET.Sdk.targets (46,5)
                   C:\Program Files\dotnet\sdk\10.0.300-preview.0.26177.108\Sdks\Microsoft.NET.Sdk\targets\Microsoft.NET.Sdk.targets(48,5): message : Réassignation de propriété : $(_GenerateSingleFileBundlePropertyInputsCache)="C:\Users\Lenovo\Documents\Génie Logiciel\EasySave-Groupe1\EasySave.Console\obj\Debug\net8.0\EasySave.Console.genbundle.cache" (valeur précédente : "obj\Debug\net8.0\EasySave.Console.genbundle.cache") à C:\Program Files\dotnet\sdk\10.0.300-preview.0.26177.108\Sdks\Microsoft.NET.Sdk\targets\Microsoft.NET.Sdk.targets (48,5)
                   C:\Program Files\dotnet\sdk\10.0.300-preview.0.26177.108\Sdks\Microsoft.NET.Sdk\targets\Microsoft.NET.Sdk.targets(81,5): message : Réassignation de propriété : $(GenerateRuntimeConfigDevFile)="false" (valeur précédente : "true") à C:\Program Files\dotnet\sdk\10.0.300-preview.0.26177.108\Sdks\Microsoft.NET.Sdk\targets\Microsoft.NET.Sdk.targets (81,5)
                   C:\Program Files\dotnet\sdk\10.0.300-preview.0.26177.108\Sdks\Microsoft.NET.Sdk\targets\Microsoft.NET.Sdk.targets(98,5): message : Réassignation de propriété : $(_DefaultUserProfileRuntimeStorePath)="C:\Users\Lenovo" (valeur précédente : "") à C:\Program Files\dotnet\sdk\10.0.300-preview.0.26177.108\Sdks\Microsoft.NET.Sdk\targets\Microsoft.NET.Sdk.targets (98,5)
                   C:\Program Files\dotnet\sdk\10.0.300-preview.0.26177.108\Sdks\Microsoft.NET.Sdk\targets\Microsoft.NET.Sdk.targets(99,5): message : Réassignation de propriété : $(_DefaultUserProfileRuntimeStorePath)="C:\Users\Lenovo\.dotnet\store" (valeur précédente : "C:\Users\Lenovo") à C:\Program Files\dotnet\sdk\10.0.300-preview.0.26177.108\Sdks\Microsoft.NET.Sdk\targets\Microsoft.NET.Sdk.targets (99,5)
                   C:\Program Files\dotnet\sdk\10.0.300-preview.0.26177.108\Sdks\Microsoft.NET.Sdk\targets\Microsoft.NET.Sdk.targets(144,5): message : Réassignation de propriété : $(AvailablePlatforms)="Any CPU,x86,x64,ARM32" (valeur précédente : "Any CPU,x86,x64") à C:\Program Files\dotnet\sdk\10.0.300-preview.0.26177.108\Sdks\Microsoft.NET.Sdk\targets\Microsoft.NET.Sdk.targets (144,5)
                   C:\Program Files\dotnet\sdk\10.0.300-preview.0.26177.108\Sdks\Microsoft.NET.Sdk\targets\Microsoft.NET.Sdk.targets(148,5): message : Réassignation de propriété : $(AvailablePlatforms)="Any CPU,x86,x64,ARM32,ARM64" (valeur précédente : "Any CPU,x86,x64,ARM32") à C:\Program Files\dotnet\sdk\10.0.300-preview.0.26177.108\Sdks\Microsoft.NET.Sdk\targets\Microsoft.NET.Sdk.targets (148,5)
                   C:\Program Files\dotnet\sdk\10.0.300-preview.0.26177.108\Sdks\Microsoft.NET.Sdk\targets\Microsoft.NET.Sdk.targets(204,5): message : Réassignation de propriété : $(CoreBuildDependsOn)="
                   C:\Program Files\dotnet\sdk\10.0.300-preview.0.26177.108\Sdks\Microsoft.NET.Sdk\targets\Microsoft.NET.Sdk.targets(204,5): message :       _CheckForBuildWithNoBuild;
                   C:\Program Files\dotnet\sdk\10.0.300-preview.0.26177.108\Sdks\Microsoft.NET.Sdk\targets\Microsoft.NET.Sdk.targets(204,5): message :       
                   C:\Program Files\dotnet\sdk\10.0.300-preview.0.26177.108\Sdks\Microsoft.NET.Sdk\targets\Microsoft.NET.Sdk.targets(204,5): message :       BuildOnlySettings;
                   C:\Program Files\dotnet\sdk\10.0.300-preview.0.26177.108\Sdks\Microsoft.NET.Sdk\targets\Microsoft.NET.Sdk.targets(204,5): message :       PrepareForBuild;
                   C:\Program Files\dotnet\sdk\10.0.300-preview.0.26177.108\Sdks\Microsoft.NET.Sdk\targets\Microsoft.NET.Sdk.targets(204,5): message :       PreBuildEvent;
                   C:\Program Files\dotnet\sdk\10.0.300-preview.0.26177.108\Sdks\Microsoft.NET.Sdk\targets\Microsoft.NET.Sdk.targets(204,5): message :       ResolveReferences;
                   C:\Program Files\dotnet\sdk\10.0.300-preview.0.26177.108\Sdks\Microsoft.NET.Sdk\targets\Microsoft.NET.Sdk.targets(204,5): message :       PrepareResources;
                   C:\Program Files\dotnet\sdk\10.0.300-preview.0.26177.108\Sdks\Microsoft.NET.Sdk\targets\Microsoft.NET.Sdk.targets(204,5): message :       ResolveKeySource;
                   C:\Program Files\dotnet\sdk\10.0.300-preview.0.26177.108\Sdks\Microsoft.NET.Sdk\targets\Microsoft.NET.Sdk.targets(204,5): message :       Compile;
                   C:\Program Files\dotnet\sdk\10.0.300-preview.0.26177.108\Sdks\Microsoft.NET.Sdk\targets\Microsoft.NET.Sdk.targets(204,5): message :       ExportWindowsMDFile;
                   C:\Program Files\dotnet\sdk\10.0.300-preview.0.26177.108\Sdks\Microsoft.NET.Sdk\targets\Microsoft.NET.Sdk.targets(204,5): message :       UnmanagedUnregistration;
                   C:\Program Files\dotnet\sdk\10.0.300-preview.0.26177.108\Sdks\Microsoft.NET.Sdk\targets\Microsoft.NET.Sdk.targets(204,5): message :       GenerateSerializationAssemblies;
                   C:\Program Files\dotnet\sdk\10.0.300-preview.0.26177.108\Sdks\Microsoft.NET.Sdk\targets\Microsoft.NET.Sdk.targets(204,5): message :       CreateSatelliteAssemblies;
                   C:\Program Files\dotnet\sdk\10.0.300-preview.0.26177.108\Sdks\Microsoft.NET.Sdk\targets\Microsoft.NET.Sdk.targets(204,5): message :       GenerateManifests;
                   C:\Program Files\dotnet\sdk\10.0.300-preview.0.26177.108\Sdks\Microsoft.NET.Sdk\targets\Microsoft.NET.Sdk.targets(204,5): message :       GetTargetPath;
                   C:\Program Files\dotnet\sdk\10.0.300-preview.0.26177.108\Sdks\Microsoft.NET.Sdk\targets\Microsoft.NET.Sdk.targets(204,5): message :       PrepareForRun;
                   C:\Program Files\dotnet\sdk\10.0.300-preview.0.26177.108\Sdks\Microsoft.NET.Sdk\targets\Microsoft.NET.Sdk.targets(204,5): message :       UnmanagedRegistration;
                   C:\Program Files\dotnet\sdk\10.0.300-preview.0.26177.108\Sdks\Microsoft.NET.Sdk\targets\Microsoft.NET.Sdk.targets(204,5): message :       IncrementalClean;
                   C:\Program Files\dotnet\sdk\10.0.300-preview.0.26177.108\Sdks\Microsoft.NET.Sdk\targets\Microsoft.NET.Sdk.targets(204,5): message :       PostBuildEvent
                   C:\Program Files\dotnet\sdk\10.0.300-preview.0.26177.108\Sdks\Microsoft.NET.Sdk\targets\Microsoft.NET.Sdk.targets(204,5): message :     ;
                   C:\Program Files\dotnet\sdk\10.0.300-preview.0.26177.108\Sdks\Microsoft.NET.Sdk\targets\Microsoft.NET.Sdk.targets(204,5): message :       GenerateBuildDependencyFile;
                   C:\Program Files\dotnet\sdk\10.0.300-preview.0.26177.108\Sdks\Microsoft.NET.Sdk\targets\Microsoft.NET.Sdk.targets(204,5): message :       GenerateBuildRuntimeConfigurationFiles
                   C:\Program Files\dotnet\sdk\10.0.300-preview.0.26177.108\Sdks\Microsoft.NET.Sdk\targets\Microsoft.NET.Sdk.targets(204,5): message :     " (valeur précédente : "
                   C:\Program Files\dotnet\sdk\10.0.300-preview.0.26177.108\Sdks\Microsoft.NET.Sdk\targets\Microsoft.NET.Sdk.targets(204,5): message :       BuildOnlySettings;
                   C:\Program Files\dotnet\sdk\10.0.300-preview.0.26177.108\Sdks\Microsoft.NET.Sdk\targets\Microsoft.NET.Sdk.targets(204,5): message :       PrepareForBuild;
                   C:\Program Files\dotnet\sdk\10.0.300-preview.0.26177.108\Sdks\Microsoft.NET.Sdk\targets\Microsoft.NET.Sdk.targets(204,5): message :       PreBuildEvent;
                   C:\Program Files\dotnet\sdk\10.0.300-preview.0.26177.108\Sdks\Microsoft.NET.Sdk\targets\Microsoft.NET.Sdk.targets(204,5): message :       ResolveReferences;
                   C:\Program Files\dotnet\sdk\10.0.300-preview.0.26177.108\Sdks\Microsoft.NET.Sdk\targets\Microsoft.NET.Sdk.targets(204,5): message :       PrepareResources;
                   C:\Program Files\dotnet\sdk\10.0.300-preview.0.26177.108\Sdks\Microsoft.NET.Sdk\targets\Microsoft.NET.Sdk.targets(204,5): message :       ResolveKeySource;
                   C:\Program Files\dotnet\sdk\10.0.300-preview.0.26177.108\Sdks\Microsoft.NET.Sdk\targets\Microsoft.NET.Sdk.targets(204,5): message :       Compile;
                   C:\Program Files\dotnet\sdk\10.0.300-preview.0.26177.108\Sdks\Microsoft.NET.Sdk\targets\Microsoft.NET.Sdk.targets(204,5): message :       ExportWindowsMDFile;
                   C:\Program Files\dotnet\sdk\10.0.300-preview.0.26177.108\Sdks\Microsoft.NET.Sdk\targets\Microsoft.NET.Sdk.targets(204,5): message :       UnmanagedUnregistration;
                   C:\Program Files\dotnet\sdk\10.0.300-preview.0.26177.108\Sdks\Microsoft.NET.Sdk\targets\Microsoft.NET.Sdk.targets(204,5): message :       GenerateSerializationAssemblies;
                   C:\Program Files\dotnet\sdk\10.0.300-preview.0.26177.108\Sdks\Microsoft.NET.Sdk\targets\Microsoft.NET.Sdk.targets(204,5): message :       CreateSatelliteAssemblies;
                   C:\Program Files\dotnet\sdk\10.0.300-preview.0.26177.108\Sdks\Microsoft.NET.Sdk\targets\Microsoft.NET.Sdk.targets(204,5): message :       GenerateManifests;
                   C:\Program Files\dotnet\sdk\10.0.300-preview.0.26177.108\Sdks\Microsoft.NET.Sdk\targets\Microsoft.NET.Sdk.targets(204,5): message :       GetTargetPath;
                   C:\Program Files\dotnet\sdk\10.0.300-preview.0.26177.108\Sdks\Microsoft.NET.Sdk\targets\Microsoft.NET.Sdk.targets(204,5): message :       PrepareForRun;
                   C:\Program Files\dotnet\sdk\10.0.300-preview.0.26177.108\Sdks\Microsoft.NET.Sdk\targets\Microsoft.NET.Sdk.targets(204,5): message :       UnmanagedRegistration;
                   C:\Program Files\dotnet\sdk\10.0.300-preview.0.26177.108\Sdks\Microsoft.NET.Sdk\targets\Microsoft.NET.Sdk.targets(204,5): message :       IncrementalClean;
                   C:\Program Files\dotnet\sdk\10.0.300-preview.0.26177.108\Sdks\Microsoft.NET.Sdk\targets\Microsoft.NET.Sdk.targets(204,5): message :       PostBuildEvent
                   C:\Program Files\dotnet\sdk\10.0.300-preview.0.26177.108\Sdks\Microsoft.NET.Sdk\targets\Microsoft.NET.Sdk.targets(204,5): message :     ") à C:\Program Files\dotnet\sdk\10.0.300-preview.0.26177.108\Sdks\Microsoft.NET.Sdk\targets\Microsoft.NET.Sdk.targets (204,5)
                   C:\Program Files\dotnet\sdk\10.0.300-preview.0.26177.108\Sdks\Microsoft.NET.Sdk\targets\Microsoft.NET.Sdk.targets(213,5): message : Réassignation de propriété : $(CoreCleanDependsOn)="
                   C:\Program Files\dotnet\sdk\10.0.300-preview.0.26177.108\Sdks\Microsoft.NET.Sdk\targets\Microsoft.NET.Sdk.targets(213,5): message :       _SdkBeforeClean;
                   C:\Program Files\dotnet\sdk\10.0.300-preview.0.26177.108\Sdks\Microsoft.NET.Sdk\targets\Microsoft.NET.Sdk.targets(213,5): message :       
                   C:\Program Files\dotnet\sdk\10.0.300-preview.0.26177.108\Sdks\Microsoft.NET.Sdk\targets\Microsoft.NET.Sdk.targets(213,5): message :     " (valeur précédente : "") à C:\Program Files\dotnet\sdk\10.0.300-preview.0.26177.108\Sdks\Microsoft.NET.Sdk\targets\Microsoft.NET.Sdk.targets (213,5)
                   C:\Program Files\dotnet\sdk\10.0.300-preview.0.26177.108\Sdks\Microsoft.NET.Sdk\targets\Microsoft.NET.Sdk.targets(220,5): message : Réassignation de propriété : $(RebuildDependsOn)="
                   C:\Program Files\dotnet\sdk\10.0.300-preview.0.26177.108\Sdks\Microsoft.NET.Sdk\targets\Microsoft.NET.Sdk.targets(220,5): message :       _SdkBeforeRebuild;
                   C:\Program Files\dotnet\sdk\10.0.300-preview.0.26177.108\Sdks\Microsoft.NET.Sdk\targets\Microsoft.NET.Sdk.targets(220,5): message :       
                   C:\Program Files\dotnet\sdk\10.0.300-preview.0.26177.108\Sdks\Microsoft.NET.Sdk\targets\Microsoft.NET.Sdk.targets(220,5): message :       BeforeRebuild;
                   C:\Program Files\dotnet\sdk\10.0.300-preview.0.26177.108\Sdks\Microsoft.NET.Sdk\targets\Microsoft.NET.Sdk.targets(220,5): message :       Clean;
                   C:\Program Files\dotnet\sdk\10.0.300-preview.0.26177.108\Sdks\Microsoft.NET.Sdk\targets\Microsoft.NET.Sdk.targets(220,5): message :       Build;
                   C:\Program Files\dotnet\sdk\10.0.300-preview.0.26177.108\Sdks\Microsoft.NET.Sdk\targets\Microsoft.NET.Sdk.targets(220,5): message :       AfterRebuild;
                   C:\Program Files\dotnet\sdk\10.0.300-preview.0.26177.108\Sdks\Microsoft.NET.Sdk\targets\Microsoft.NET.Sdk.targets(220,5): message :     
                   C:\Program Files\dotnet\sdk\10.0.300-preview.0.26177.108\Sdks\Microsoft.NET.Sdk\targets\Microsoft.NET.Sdk.targets(220,5): message :     " (valeur précédente : "
                   C:\Program Files\dotnet\sdk\10.0.300-preview.0.26177.108\Sdks\Microsoft.NET.Sdk\targets\Microsoft.NET.Sdk.targets(220,5): message :       BeforeRebuild;
                   C:\Program Files\dotnet\sdk\10.0.300-preview.0.26177.108\Sdks\Microsoft.NET.Sdk\targets\Microsoft.NET.Sdk.targets(220,5): message :       Clean;
                   C:\Program Files\dotnet\sdk\10.0.300-preview.0.26177.108\Sdks\Microsoft.NET.Sdk\targets\Microsoft.NET.Sdk.targets(220,5): message :       Build;
                   C:\Program Files\dotnet\sdk\10.0.300-preview.0.26177.108\Sdks\Microsoft.NET.Sdk\targets\Microsoft.NET.Sdk.targets(220,5): message :       AfterRebuild;
                   C:\Program Files\dotnet\sdk\10.0.300-preview.0.26177.108\Sdks\Microsoft.NET.Sdk\targets\Microsoft.NET.Sdk.targets(220,5): message :     ") à C:\Program Files\dotnet\sdk\10.0.300-preview.0.26177.108\Sdks\Microsoft.NET.Sdk\targets\Microsoft.NET.Sdk.targets (220,5)
                   C:\Program Files\dotnet\sdk\10.0.300-preview.0.26177.108\Sdks\Microsoft.NET.Sdk\targets\Microsoft.NET.Sdk.targets(799,5): message : Réassignation de propriété : $(CompileDependsOn)="
                   C:\Program Files\dotnet\sdk\10.0.300-preview.0.26177.108\Sdks\Microsoft.NET.Sdk\targets\Microsoft.NET.Sdk.targets(799,5): message :       
                   C:\Program Files\dotnet\sdk\10.0.300-preview.0.26177.108\Sdks\Microsoft.NET.Sdk\targets\Microsoft.NET.Sdk.targets(799,5): message :       ResolveReferences;
                   C:\Program Files\dotnet\sdk\10.0.300-preview.0.26177.108\Sdks\Microsoft.NET.Sdk\targets\Microsoft.NET.Sdk.targets(799,5): message :       ResolveKeySource;
                   C:\Program Files\dotnet\sdk\10.0.300-preview.0.26177.108\Sdks\Microsoft.NET.Sdk\targets\Microsoft.NET.Sdk.targets(799,5): message :       SetWin32ManifestProperties;
                   C:\Program Files\dotnet\sdk\10.0.300-preview.0.26177.108\Sdks\Microsoft.NET.Sdk\targets\Microsoft.NET.Sdk.targets(799,5): message :       _SetPreferNativeArm64Win32ManifestProperties;
                   C:\Program Files\dotnet\sdk\10.0.300-preview.0.26177.108\Sdks\Microsoft.NET.Sdk\targets\Microsoft.NET.Sdk.targets(799,5): message :       FindReferenceAssembliesForReferences;
                   C:\Program Files\dotnet\sdk\10.0.300-preview.0.26177.108\Sdks\Microsoft.NET.Sdk\targets\Microsoft.NET.Sdk.targets(799,5): message :       _GenerateCompileInputs;
                   C:\Program Files\dotnet\sdk\10.0.300-preview.0.26177.108\Sdks\Microsoft.NET.Sdk\targets\Microsoft.NET.Sdk.targets(799,5): message :       BeforeCompile;
                   C:\Program Files\dotnet\sdk\10.0.300-preview.0.26177.108\Sdks\Microsoft.NET.Sdk\targets\Microsoft.NET.Sdk.targets(799,5): message :       _TimeStampBeforeCompile;
                   C:\Program Files\dotnet\sdk\10.0.300-preview.0.26177.108\Sdks\Microsoft.NET.Sdk\targets\Microsoft.NET.Sdk.targets(799,5): message :       _GenerateCompileDependencyCache;
                   C:\Program Files\dotnet\sdk\10.0.300-preview.0.26177.108\Sdks\Microsoft.NET.Sdk\targets\Microsoft.NET.Sdk.targets(799,5): message :       CoreCompile;
                   C:\Program Files\dotnet\sdk\10.0.300-preview.0.26177.108\Sdks\Microsoft.NET.Sdk\targets\Microsoft.NET.Sdk.targets(799,5): message :       _TimeStampAfterCompile;
                   C:\Program Files\dotnet\sdk\10.0.300-preview.0.26177.108\Sdks\Microsoft.NET.Sdk\targets\Microsoft.NET.Sdk.targets(799,5): message :       AfterCompile;
                   C:\Program Files\dotnet\sdk\10.0.300-preview.0.26177.108\Sdks\Microsoft.NET.Sdk\targets\Microsoft.NET.Sdk.targets(799,5): message :     ;
                   C:\Program Files\dotnet\sdk\10.0.300-preview.0.26177.108\Sdks\Microsoft.NET.Sdk\targets\Microsoft.NET.Sdk.targets(799,5): message :       _CreateAppHost;
                   C:\Program Files\dotnet\sdk\10.0.300-preview.0.26177.108\Sdks\Microsoft.NET.Sdk\targets\Microsoft.NET.Sdk.targets(799,5): message :       _CreateComHost;
                   C:\Program Files\dotnet\sdk\10.0.300-preview.0.26177.108\Sdks\Microsoft.NET.Sdk\targets\Microsoft.NET.Sdk.targets(799,5): message :       _GetIjwHostPaths;
                   C:\Program Files\dotnet\sdk\10.0.300-preview.0.26177.108\Sdks\Microsoft.NET.Sdk\targets\Microsoft.NET.Sdk.targets(799,5): message :     " (valeur précédente : "
                   C:\Program Files\dotnet\sdk\10.0.300-preview.0.26177.108\Sdks\Microsoft.NET.Sdk\targets\Microsoft.NET.Sdk.targets(799,5): message :       ResolveReferences;
                   C:\Program Files\dotnet\sdk\10.0.300-preview.0.26177.108\Sdks\Microsoft.NET.Sdk\targets\Microsoft.NET.Sdk.targets(799,5): message :       ResolveKeySource;
                   C:\Program Files\dotnet\sdk\10.0.300-preview.0.26177.108\Sdks\Microsoft.NET.Sdk\targets\Microsoft.NET.Sdk.targets(799,5): message :       SetWin32ManifestProperties;
                   C:\Program Files\dotnet\sdk\10.0.300-preview.0.26177.108\Sdks\Microsoft.NET.Sdk\targets\Microsoft.NET.Sdk.targets(799,5): message :       _SetPreferNativeArm64Win32ManifestProperties;
                   C:\Program Files\dotnet\sdk\10.0.300-preview.0.26177.108\Sdks\Microsoft.NET.Sdk\targets\Microsoft.NET.Sdk.targets(799,5): message :       FindReferenceAssembliesForReferences;
                   C:\Program Files\dotnet\sdk\10.0.300-preview.0.26177.108\Sdks\Microsoft.NET.Sdk\targets\Microsoft.NET.Sdk.targets(799,5): message :       _GenerateCompileInputs;
                   C:\Program Files\dotnet\sdk\10.0.300-preview.0.26177.108\Sdks\Microsoft.NET.Sdk\targets\Microsoft.NET.Sdk.targets(799,5): message :       BeforeCompile;
                   C:\Program Files\dotnet\sdk\10.0.300-preview.0.26177.108\Sdks\Microsoft.NET.Sdk\targets\Microsoft.NET.Sdk.targets(799,5): message :       _TimeStampBeforeCompile;
                   C:\Program Files\dotnet\sdk\10.0.300-preview.0.26177.108\Sdks\Microsoft.NET.Sdk\targets\Microsoft.NET.Sdk.targets(799,5): message :       _GenerateCompileDependencyCache;
                   C:\Program Files\dotnet\sdk\10.0.300-preview.0.26177.108\Sdks\Microsoft.NET.Sdk\targets\Microsoft.NET.Sdk.targets(799,5): message :       CoreCompile;
                   C:\Program Files\dotnet\sdk\10.0.300-preview.0.26177.108\Sdks\Microsoft.NET.Sdk\targets\Microsoft.NET.Sdk.targets(799,5): message :       _TimeStampAfterCompile;
                   C:\Program Files\dotnet\sdk\10.0.300-preview.0.26177.108\Sdks\Microsoft.NET.Sdk\targets\Microsoft.NET.Sdk.targets(799,5): message :       AfterCompile;
                   C:\Program Files\dotnet\sdk\10.0.300-preview.0.26177.108\Sdks\Microsoft.NET.Sdk\targets\Microsoft.NET.Sdk.targets(799,5): message :     ") à C:\Program Files\dotnet\sdk\10.0.300-preview.0.26177.108\Sdks\Microsoft.NET.Sdk\targets\Microsoft.NET.Sdk.targets (799,5)
                   C:\Program Files\dotnet\sdk\10.0.300-preview.0.26177.108\Sdks\Microsoft.NET.Sdk\targets\Microsoft.NET.Sdk.targets(1131,5): message : Réassignation de propriété : $(CreateSatelliteAssembliesDependsOn)="
                   C:\Program Files\dotnet\sdk\10.0.300-preview.0.26177.108\Sdks\Microsoft.NET.Sdk\targets\Microsoft.NET.Sdk.targets(1131,5): message :       
                   C:\Program Files\dotnet\sdk\10.0.300-preview.0.26177.108\Sdks\Microsoft.NET.Sdk\targets\Microsoft.NET.Sdk.targets(1131,5): message :       ;
                   C:\Program Files\dotnet\sdk\10.0.300-preview.0.26177.108\Sdks\Microsoft.NET.Sdk\targets\Microsoft.NET.Sdk.targets(1131,5): message :       _GenerateSatelliteAssemblyInputs;
                   C:\Program Files\dotnet\sdk\10.0.300-preview.0.26177.108\Sdks\Microsoft.NET.Sdk\targets\Microsoft.NET.Sdk.targets(1131,5): message :       ComputeIntermediateSatelliteAssemblies;
                   C:\Program Files\dotnet\sdk\10.0.300-preview.0.26177.108\Sdks\Microsoft.NET.Sdk\targets\Microsoft.NET.Sdk.targets(1131,5): message :       GenerateSatelliteAssemblies
                   C:\Program Files\dotnet\sdk\10.0.300-preview.0.26177.108\Sdks\Microsoft.NET.Sdk\targets\Microsoft.NET.Sdk.targets(1131,5): message :     ;
                   C:\Program Files\dotnet\sdk\10.0.300-preview.0.26177.108\Sdks\Microsoft.NET.Sdk\targets\Microsoft.NET.Sdk.targets(1131,5): message :       CoreGenerateSatelliteAssemblies
                   C:\Program Files\dotnet\sdk\10.0.300-preview.0.26177.108\Sdks\Microsoft.NET.Sdk\targets\Microsoft.NET.Sdk.targets(1131,5): message :     " (valeur précédente : "
                   C:\Program Files\dotnet\sdk\10.0.300-preview.0.26177.108\Sdks\Microsoft.NET.Sdk\targets\Microsoft.NET.Sdk.targets(1131,5): message :       ;
                   C:\Program Files\dotnet\sdk\10.0.300-preview.0.26177.108\Sdks\Microsoft.NET.Sdk\targets\Microsoft.NET.Sdk.targets(1131,5): message :       _GenerateSatelliteAssemblyInputs;
                   C:\Program Files\dotnet\sdk\10.0.300-preview.0.26177.108\Sdks\Microsoft.NET.Sdk\targets\Microsoft.NET.Sdk.targets(1131,5): message :       ComputeIntermediateSatelliteAssemblies;
                   C:\Program Files\dotnet\sdk\10.0.300-preview.0.26177.108\Sdks\Microsoft.NET.Sdk\targets\Microsoft.NET.Sdk.targets(1131,5): message :       GenerateSatelliteAssemblies
                   C:\Program Files\dotnet\sdk\10.0.300-preview.0.26177.108\Sdks\Microsoft.NET.Sdk\targets\Microsoft.NET.Sdk.targets(1131,5): message :     ") à C:\Program Files\dotnet\sdk\10.0.300-preview.0.26177.108\Sdks\Microsoft.NET.Sdk\targets\Microsoft.NET.Sdk.targets (1131,5)
                   C:\Program Files\dotnet\sdk\10.0.300-preview.0.26177.108\Sdks\Microsoft.SourceLink.GitLab\build\Microsoft.SourceLink.GitLab.targets(12,5): message : Réassignation de propriété : $(SourceLinkUrlInitializerTargets)=";_InitializeGitHubSourceLinkUrl;_InitializeGitLabSourceLinkUrl" (valeur précédente : ";_InitializeGitHubSourceLinkUrl") à C:\Program Files\dotnet\sdk\10.0.300-preview.0.26177.108\Sdks\Microsoft.SourceLink.GitLab\build\Microsoft.SourceLink.GitLab.targets (12,5)
                   C:\Program Files\dotnet\sdk\10.0.300-preview.0.26177.108\Sdks\Microsoft.SourceLink.GitLab\build\Microsoft.SourceLink.GitLab.targets(13,5): message : Réassignation de propriété : $(SourceControlManagerUrlTranslationTargets)=";TranslateGitHubUrlsInSourceControlInformation;TranslateGitLabUrlsInSourceControlInformation" (valeur précédente : ";TranslateGitHubUrlsInSourceControlInformation") à C:\Program Files\dotnet\sdk\10.0.300-preview.0.26177.108\Sdks\Microsoft.SourceLink.GitLab\build\Microsoft.SourceLink.GitLab.targets (13,5)
                   C:\Program Files\dotnet\sdk\10.0.300-preview.0.26177.108\Sdks\Microsoft.SourceLink.AzureRepos.Git\build\Microsoft.SourceLink.AzureRepos.Git.targets(12,5): message : Réassignation de propriété : $(SourceLinkUrlInitializerTargets)=";_InitializeGitHubSourceLinkUrl;_InitializeGitLabSourceLinkUrl;_InitializeAzureReposGitSourceLinkUrl" (valeur précédente : ";_InitializeGitHubSourceLinkUrl;_InitializeGitLabSourceLinkUrl") à C:\Program Files\dotnet\sdk\10.0.300-preview.0.26177.108\Sdks\Microsoft.SourceLink.AzureRepos.Git\build\Microsoft.SourceLink.AzureRepos.Git.targets (12,5)
                   C:\Program Files\dotnet\sdk\10.0.300-preview.0.26177.108\Sdks\Microsoft.SourceLink.AzureRepos.Git\build\Microsoft.SourceLink.AzureRepos.Git.targets(13,5): message : Réassignation de propriété : $(SourceControlManagerUrlTranslationTargets)=";TranslateGitHubUrlsInSourceControlInformation;TranslateGitLabUrlsInSourceControlInformation;TranslateAzureReposGitUrlsInSourceControlInformation" (valeur précédente : ";TranslateGitHubUrlsInSourceControlInformation;TranslateGitLabUrlsInSourceControlInformation") à C:\Program Files\dotnet\sdk\10.0.300-preview.0.26177.108\Sdks\Microsoft.SourceLink.AzureRepos.Git\build\Microsoft.SourceLink.AzureRepos.Git.targets (13,5)
                   C:\Program Files\dotnet\sdk\10.0.300-preview.0.26177.108\Sdks\Microsoft.SourceLink.Bitbucket.Git\build\Microsoft.SourceLink.Bitbucket.Git.targets(12,5): message : Réassignation de propriété : $(SourceLinkUrlInitializerTargets)=";_InitializeGitHubSourceLinkUrl;_InitializeGitLabSourceLinkUrl;_InitializeAzureReposGitSourceLinkUrl;_InitializeBitbucketGitSourceLinkUrl" (valeur précédente : ";_InitializeGitHubSourceLinkUrl;_InitializeGitLabSourceLinkUrl;_InitializeAzureReposGitSourceLinkUrl") à C:\Program Files\dotnet\sdk\10.0.300-preview.0.26177.108\Sdks\Microsoft.SourceLink.Bitbucket.Git\build\Microsoft.SourceLink.Bitbucket.Git.targets (12,5)
                   C:\Program Files\dotnet\sdk\10.0.300-preview.0.26177.108\Sdks\Microsoft.SourceLink.Bitbucket.Git\build\Microsoft.SourceLink.Bitbucket.Git.targets(13,5): message : Réassignation de propriété : $(SourceControlManagerUrlTranslationTargets)=";TranslateGitHubUrlsInSourceControlInformation;TranslateGitLabUrlsInSourceControlInformation;TranslateAzureReposGitUrlsInSourceControlInformation;TranslateBitbucketGitUrlsInSourceControlInformation" (valeur précédente : ";TranslateGitHubUrlsInSourceControlInformation;TranslateGitLabUrlsInSourceControlInformation;TranslateAzureReposGitUrlsInSourceControlInformation") à C:\Program Files\dotnet\sdk\10.0.300-preview.0.26177.108\Sdks\Microsoft.SourceLink.Bitbucket.Git\build\Microsoft.SourceLink.Bitbucket.Git.targets (13,5)
                   C:\Program Files\dotnet\sdk\10.0.300-preview.0.26177.108\Sdks\Microsoft.NET.Sdk\targets\Microsoft.NET.DesignerSupport.targets(21,5): message : Réassignation de propriété : $(DesignerRuntimeImplementationProjectOutputGroupDependsOn)="
                   C:\Program Files\dotnet\sdk\10.0.300-preview.0.26177.108\Sdks\Microsoft.NET.Sdk\targets\Microsoft.NET.DesignerSupport.targets(21,5): message :       
                   C:\Program Files\dotnet\sdk\10.0.300-preview.0.26177.108\Sdks\Microsoft.NET.Sdk\targets\Microsoft.NET.DesignerSupport.targets(21,5): message :       ;
                   C:\Program Files\dotnet\sdk\10.0.300-preview.0.26177.108\Sdks\Microsoft.NET.Sdk\targets\Microsoft.NET.DesignerSupport.targets(21,5): message :       
                   C:\Program Files\dotnet\sdk\10.0.300-preview.0.26177.108\Sdks\Microsoft.NET.Sdk\targets\Microsoft.NET.DesignerSupport.targets(21,5): message :       ;
                   C:\Program Files\dotnet\sdk\10.0.300-preview.0.26177.108\Sdks\Microsoft.NET.Sdk\targets\Microsoft.NET.DesignerSupport.targets(21,5): message :       BuildOnlySettings;
                   C:\Program Files\dotnet\sdk\10.0.300-preview.0.26177.108\Sdks\Microsoft.NET.Sdk\targets\Microsoft.NET.DesignerSupport.targets(21,5): message :       PrepareForBuild;
                   C:\Program Files\dotnet\sdk\10.0.300-preview.0.26177.108\Sdks\Microsoft.NET.Sdk\targets\Microsoft.NET.DesignerSupport.targets(21,5): message :       AssignTargetPaths;
                   C:\Program Files\dotnet\sdk\10.0.300-preview.0.26177.108\Sdks\Microsoft.NET.Sdk\targets\Microsoft.NET.DesignerSupport.targets(21,5): message :       ResolveReferences
                   C:\Program Files\dotnet\sdk\10.0.300-preview.0.26177.108\Sdks\Microsoft.NET.Sdk\targets\Microsoft.NET.DesignerSupport.targets(21,5): message :     
                   C:\Program Files\dotnet\sdk\10.0.300-preview.0.26177.108\Sdks\Microsoft.NET.Sdk\targets\Microsoft.NET.DesignerSupport.targets(21,5): message :     ;
                   C:\Program Files\dotnet\sdk\10.0.300-preview.0.26177.108\Sdks\Microsoft.NET.Sdk\targets\Microsoft.NET.DesignerSupport.targets(21,5): message :       _GenerateDesignerDepsFile;
                   C:\Program Files\dotnet\sdk\10.0.300-preview.0.26177.108\Sdks\Microsoft.NET.Sdk\targets\Microsoft.NET.DesignerSupport.targets(21,5): message :       _GenerateDesignerRuntimeConfigFile;
                   C:\Program Files\dotnet\sdk\10.0.300-preview.0.26177.108\Sdks\Microsoft.NET.Sdk\targets\Microsoft.NET.DesignerSupport.targets(21,5): message :       GetCopyToOutputDirectoryItems;
                   C:\Program Files\dotnet\sdk\10.0.300-preview.0.26177.108\Sdks\Microsoft.NET.Sdk\targets\Microsoft.NET.DesignerSupport.targets(21,5): message :       _GatherDesignerShadowCopyFiles;
                   C:\Program Files\dotnet\sdk\10.0.300-preview.0.26177.108\Sdks\Microsoft.NET.Sdk\targets\Microsoft.NET.DesignerSupport.targets(21,5): message :     " (valeur précédente : "
                   C:\Program Files\dotnet\sdk\10.0.300-preview.0.26177.108\Sdks\Microsoft.NET.Sdk\targets\Microsoft.NET.DesignerSupport.targets(21,5): message :       ;
                   C:\Program Files\dotnet\sdk\10.0.300-preview.0.26177.108\Sdks\Microsoft.NET.Sdk\targets\Microsoft.NET.DesignerSupport.targets(21,5): message :       
                   C:\Program Files\dotnet\sdk\10.0.300-preview.0.26177.108\Sdks\Microsoft.NET.Sdk\targets\Microsoft.NET.DesignerSupport.targets(21,5): message :       ;
                   C:\Program Files\dotnet\sdk\10.0.300-preview.0.26177.108\Sdks\Microsoft.NET.Sdk\targets\Microsoft.NET.DesignerSupport.targets(21,5): message :       BuildOnlySettings;
                   C:\Program Files\dotnet\sdk\10.0.300-preview.0.26177.108\Sdks\Microsoft.NET.Sdk\targets\Microsoft.NET.DesignerSupport.targets(21,5): message :       PrepareForBuild;
                   C:\Program Files\dotnet\sdk\10.0.300-preview.0.26177.108\Sdks\Microsoft.NET.Sdk\targets\Microsoft.NET.DesignerSupport.targets(21,5): message :       AssignTargetPaths;
                   C:\Program Files\dotnet\sdk\10.0.300-preview.0.26177.108\Sdks\Microsoft.NET.Sdk\targets\Microsoft.NET.DesignerSupport.targets(21,5): message :       ResolveReferences
                   C:\Program Files\dotnet\sdk\10.0.300-preview.0.26177.108\Sdks\Microsoft.NET.Sdk\targets\Microsoft.NET.DesignerSupport.targets(21,5): message :     
                   C:\Program Files\dotnet\sdk\10.0.300-preview.0.26177.108\Sdks\Microsoft.NET.Sdk\targets\Microsoft.NET.DesignerSupport.targets(21,5): message :     ") à C:\Program Files\dotnet\sdk\10.0.300-preview.0.26177.108\Sdks\Microsoft.NET.Sdk\targets\Microsoft.NET.DesignerSupport.targets (21,5)
                   C:\Program Files\dotnet\sdk\10.0.300-preview.0.26177.108\Sdks\Microsoft.NET.Sdk\targets\Microsoft.NET.Sdk.CSharp.targets(31,5): message : Réassignation de propriété : $(DefineConstants)="TRACE;DEBUG" (valeur précédente : "TRACE") à C:\Program Files\dotnet\sdk\10.0.300-preview.0.26177.108\Sdks\Microsoft.NET.Sdk\targets\Microsoft.NET.Sdk.CSharp.targets (31,5)
                   C:\Program Files\dotnet\sdk\10.0.300-preview.0.26177.108\Sdks\Microsoft.NET.Sdk\targets\Microsoft.NET.Sdk.CSharp.targets(45,5): message : Réassignation de propriété : $(WarningsAsErrors)=";NU1605;SYSLIB0011" (valeur précédente : ";NU1605") à C:\Program Files\dotnet\sdk\10.0.300-preview.0.26177.108\Sdks\Microsoft.NET.Sdk\targets\Microsoft.NET.Sdk.CSharp.targets (45,5)
                   C:\Program Files\dotnet\sdk\10.0.300-preview.0.26177.108\NuGet.Build.Tasks.Pack.targets(34,5): message : Réassignation de propriété : $(PackageDescription)="Package Description" (valeur précédente : "") à C:\Program Files\dotnet\sdk\10.0.300-preview.0.26177.108\NuGet.Build.Tasks.Pack.targets (34,5)
                   C:\Program Files\dotnet\sdk\10.0.300-preview.0.26177.108\NuGet.Build.Tasks.Pack.targets(59,5): message : Réassignation de propriété : $(GenerateNuspecDependsOn)="Build;_LoadPackInputItems; _GetTargetFrameworksOutput; _WalkEachTargetPerFramework; _GetPackageFiles; " (valeur précédente : "_LoadPackInputItems; _GetTargetFrameworksOutput; _WalkEachTargetPerFramework; _GetPackageFiles; ") à C:\Program Files\dotnet\sdk\10.0.300-preview.0.26177.108\NuGet.Build.Tasks.Pack.targets (59,5)
                   C:\Program Files\dotnet\sdk\10.0.300-preview.0.26177.108\Sdks\Microsoft.NET.Sdk\Sdk\Sdk.targets(59,5): message : Réassignation de propriété : $(_IsNotSetContainersTargetsDir)="true" (valeur précédente : "false") à C:\Program Files\dotnet\sdk\10.0.300-preview.0.26177.108\Sdks\Microsoft.NET.Sdk\Sdk\Sdk.targets (59,5)
                   C:\Program Files\dotnet\sdk\10.0.300-preview.0.26177.108\Containers\build\Microsoft.NET.Build.Containers.targets(5,5): message : Réassignation de propriété : $(_IsSDKContainerAllowedVersion)="true" (valeur précédente : "false") à C:\Program Files\dotnet\sdk\10.0.300-preview.0.26177.108\Containers\build\Microsoft.NET.Build.Containers.targets (5,5)
                   C:\Program Files\dotnet\sdk\10.0.300-preview.0.26177.108\Containers\build\Microsoft.NET.Build.Containers.targets(15,5): message : Réassignation de propriété : $(_ContainerIsTargetingNet8TFM)="true" (valeur précédente : "false") à C:\Program Files\dotnet\sdk\10.0.300-preview.0.26177.108\Containers\build\Microsoft.NET.Build.Containers.targets (15,5)
                   Remplacement de la cible "ResolveFrameworkReferences" du projet "C:\Program Files\dotnet\sdk\10.0.300-preview.0.26177.108\Microsoft.Common.CurrentVersion.targets" par la cible "ResolveFrameworkReferences" du projet "C:\Program Files\dotnet\sdk\10.0.300-preview.0.26177.108\Sdks\Microsoft.NET.Sdk\targets\Microsoft.NET.Sdk.FrameworkReferenceResolution.targets".
                   Remplacement de la cible "GenerateSupportedTargetFrameworkAlias" du projet "C:\Program Files\dotnet\sdk\10.0.300-preview.0.26177.108\Microsoft.Common.CurrentVersion.targets" par la cible "GenerateSupportedTargetFrameworkAlias" du projet "C:\Program Files\dotnet\sdk\10.0.300-preview.0.26177.108\Sdks\Microsoft.NET.Sdk\targets\Microsoft.NET.Sdk.targets".
                   Remplacement de la cible "GetReferenceAssemblyPaths" du projet "C:\Program Files\dotnet\sdk\10.0.300-preview.0.26177.108\Microsoft.Common.CurrentVersion.targets" par la cible "GetReferenceAssemblyPaths" du projet "C:\Program Files\dotnet\sdk\10.0.300-preview.0.26177.108\Sdks\Microsoft.NET.Sdk\targets\Microsoft.NET.DisableStandardFrameworkResolution.targets".
                   Remplacement de la cible "GetFrameworkPaths" du projet "C:\Program Files\dotnet\sdk\10.0.300-preview.0.26177.108\Microsoft.Common.CurrentVersion.targets" par la cible "GetFrameworkPaths" du projet "C:\Program Files\dotnet\sdk\10.0.300-preview.0.26177.108\Sdks\Microsoft.NET.Sdk\targets\Microsoft.NET.DisableStandardFrameworkResolution.targets".
                   Remplacement de la cible "DesignerRuntimeImplementationProjectOutputGroup" du projet "C:\Program Files\dotnet\sdk\10.0.300-preview.0.26177.108\Microsoft.Common.CurrentVersion.targets" par la cible "DesignerRuntimeImplementationProjectOutputGroup" du projet "C:\Program Files\dotnet\sdk\10.0.300-preview.0.26177.108\Sdks\Microsoft.NET.Sdk\targets\Microsoft.NET.DesignerSupport.targets".
                   Remplacement de la cible "Publish" du projet "C:\Program Files\dotnet\sdk\10.0.300-preview.0.26177.108\Microsoft.Common.CurrentVersion.targets" par la cible "Publish" du projet "C:\Program Files\dotnet\sdk\10.0.300-preview.0.26177.108\Sdks\Microsoft.NET.Sdk\targets\Microsoft.NET.Publish.targets".
                   Remplacement de la cible "ResolveReadyToRunCompilers" du projet "C:\Program Files\dotnet\sdk\10.0.300-preview.0.26177.108\Sdks\Microsoft.NET.Sdk\targets\Microsoft.NET.CrossGen.targets" par la cible "ResolveReadyToRunCompilers" du projet "C:\Program Files\dotnet\sdk\10.0.300-preview.0.26177.108\Sdks\Microsoft.NET.Sdk\targets\Microsoft.NET.Publish.targets".
                   Remplacement de la cible "GetCopyToPublishDirectoryItems" du projet "C:\Program Files\dotnet\sdk\10.0.300-preview.0.26177.108\Microsoft.Common.CurrentVersion.targets" par la cible "GetCopyToPublishDirectoryItems" du projet "C:\Program Files\dotnet\sdk\10.0.300-preview.0.26177.108\Sdks\Microsoft.NET.Sdk\targets\Microsoft.NET.Publish.targets".
                   Remplacement de la cible "Run" du projet "C:\Program Files\dotnet\sdk\10.0.300-preview.0.26177.108\Microsoft.Common.CurrentVersion.targets" par la cible "Run" du projet "C:\Program Files\dotnet\sdk\10.0.300-preview.0.26177.108\Sdks\Microsoft.NET.Sdk\targets\Microsoft.NET.Sdk.targets".
16:28:51.489     0>Propriétés initiales :
                   __DisableWorkloadResolverSentinelPath = C:\Program Files\dotnet\sdk\10.0.300-preview.0.26177.108\DisableWorkloadResolver.sentinel
                   __WindowsAppSdkDefaultImageIncludes = **/*.png;**/*.bmp;**/*.jpg;**/*.dds;**/*.tif;**/*.tga;**/*.gif
                   _AfterSdkPublishDependsOn = Publish
                   _ApiCompatValidatePackageSemaphoreFile = obj\Debug\net8.0\Microsoft.NET.ApiCompat.ValidatePackage.semaphore
                   _BeforePublishNoBuildTargets = 
                         BuildOnlySettings;
                         _PreventProjectReferencesFromBuilding;
                         ResolveReferences;
                         PrepareResourceNames;
                         ComputeIntermediateSatelliteAssemblies;
                         ComputeEmbeddedApphostPaths;
                       
                   _BinaryFormatterObsoleteAsError = true
                   _BuildTasksAssemblyName = Microsoft.Build.Tasks.CodeAnalysis
                   _BuildTasksDirectory = C:\Program Files\dotnet\sdk\10.0.300-preview.0.26177.108\Sdks\Microsoft.NET.Sdk\targets\..\..\..\Roslyn\
                   _ComHostLibraryExtension = .dll
                   _ContainerIsSelfContained = false
                   _ContainerIsTargetingNet8TFM = true
                   _ContainersTargetsDir = C:\Program Files\dotnet\sdk\10.0.300-preview.0.26177.108\Sdks\Microsoft.NET.Sdk\Sdk\..\..\..\Containers\build\
                   _CorePublishTargets = 
                         PrepareForPublish;
                         ComputeAndCopyFilesToPublishDirectory;
                         ;
                         PublishItemsOutputGroup;
                       
                   _DebugSymbolsProduced = true
                   _DefaultArtifactsPathPropsImported = true
                   _DefaultUserProfileRuntimeStorePath = C:\Users\Lenovo\.dotnet\store
                   _DeploymentApplicationManifestIdentity = EasySave.Console.exe
                   _DeploymentBuiltUpdateInterval = 0
                   _DeploymentBuiltUpdateIntervalUnits = Days
                   _DeploymentDeployManifestIdentity = EasySave.Console.application
                   _DeploymentFileMappingExtension = 
                   _DeploymentLauncherBased = true
                   _DeploymentPublishableProjectDefault = true
                   _DeploymentTargetApplicationManifestFileName = EasySave.Console.dll.manifest
                   _DeploymentUrl = 
                   _DesignerDepsFileName = EasySave.Console.designer.deps.json
                   _DesignerDepsFilePath = obj\Debug\net8.0\EasySave.Console.designer.deps.json
                   _DesignerRuntimeConfigFileName = EasySave.Console.designer.runtimeconfig.json
                   _DesignerRuntimeConfigFilePath = obj\Debug\net8.0\EasySave.Console.designer.runtimeconfig.json
                   _DirectoryBuildPropsBasePath = 
                   _DirectoryBuildPropsFile = Directory.Build.props
                   _DirectoryBuildTargetsBasePath = 
                   _DirectoryBuildTargetsFile = Directory.Build.targets
                   _DirectoryPackagesPropsBasePath = 
                   _DirectoryPackagesPropsFile = Directory.Packages.props
                   _DocumentationFileProduced = false
                   _DotNetAppHostExecutableName = apphost.exe
                   _DotNetAppHostExecutableNameWithoutExtension = apphost
                   _DotNetComHostLibraryName = comhost.dll
                   _DotNetComHostLibraryNameWithoutExtension = comhost
                   _DotNetHostExecutableName = dotnet.exe
                   _DotNetHostFxrLibraryName = libhostfxr.so
                   _DotNetHostPolicyLibraryName = libhostpolicy.so
                   _DotNetIjwHostLibraryName = Ijwhost.dll
                   _DotNetIjwHostLibraryNameWithoutExtension = Ijwhost
                   _DotNetSingleFileHostExecutableNameWithoutExtension = singlefilehost
                   _EnableDefaultWindowsPlatform = false
                   _FirstTargetFrameworkToSupportAot = net7.0
                   _FirstTargetFrameworkToSupportSingleFile = net6.0
                   _FirstTargetFrameworkToSupportTrimming = net6.0
                   _FirstTargetFrameworkVersionToSupportAotAnalyzer = 7.0
                   _FirstTargetFrameworkVersionToSupportSingleFileAnalyzer = 6.0
                   _FirstTargetFrameworkVersionToSupportTrimAnalyzer = 6.0
                   _GenerateBindingRedirectsIntermediateAppConfig = obj\Debug\net8.0\EasySave.Console.dll.config
                   _GeneratePublishDependencyFilePropertyInputsCache = C:\Users\Lenovo\Documents\Génie Logiciel\EasySave-Groupe1\EasySave.Console\obj\Debug\net8.0\EasySave.Console.genpublishdeps.cache
                   _GenerateRestoreGraphProjectEntryInputProperties = ExcludeRestorePackageImports=true
                   _GenerateRuntimeConfigurationPropertyInputsCache = C:\Users\Lenovo\Documents\Génie Logiciel\EasySave-Groupe1\EasySave.Console\obj\Debug\net8.0\EasySave.Console.genruntimeconfig.cache
                   _GenerateSingleFileBundlePropertyInputsCache = C:\Users\Lenovo\Documents\Génie Logiciel\EasySave-Groupe1\EasySave.Console\obj\Debug\net8.0\EasySave.Console.genbundle.cache
                   _GenerateSourceLinkFileBeforeTargets = CoreCompile
                   _GenerateSourceLinkFileDependsOnTargets = 
                   _GenerateSupportedRuntimeIntermediateAppConfig = obj\Debug\net8.0\EasySave.Console.dll.withSupportedRuntime.config
                   _GetChildProjectCopyToOutputDirectoryItems = true
                   _GetChildProjectCopyToPublishDirectoryItems = true
                   _IjwHostLibraryExtension = .dll
                   _InitialBaseIntermediateOutputPath = obj\
                   _InitialMSBuildProjectExtensionsPath = C:\Users\Lenovo\Documents\Génie Logiciel\EasySave-Groupe1\EasySave.Console\obj\
                   _IsDisjointMSBuildVersion = False
                   _IsExecutable = true
                   _IsNETCoreOrNETStandard = true
                   _IsNotSetContainersTargetsDir = true
                   _IsSDKContainerAllowedVersion = true
                   _LatestAnalysisLevel = 10.0
                   _MaxAvailableLangVersion = 14.0
                   _MaxSupportedLangVersion = 12.0
                   _MicrosoftSourceLinkCommonAssemblyFile = C:\Program Files\dotnet\sdk\10.0.300-preview.0.26177.108\Sdks\Microsoft.SourceLink.Common\build\..\tools\net\Microsoft.SourceLink.Common.dll
                   _MinimumNonEolSupportedNetCoreTargetFramework = net8.0
                   _MSBuildVersionMajorMinor = 18.6
                   _NativeExecutableExtension = .exe
                   _NativeLibraryExtension = .so
                   _NativeLibraryPrefix = lib
                   _NETAnalyzersSDKAssemblyVersion = 10.0.300
                   _NETCoreSdkIsPreview = true
                   _NetFrameworkHostedCompilersVersion = 5.6.0-2.26177.108
                   _NoneAnalysisLevel = 4.0
                   _NugetFallbackFolder = C:\Program Files\dotnet\sdk\10.0.300-preview.0.26177.108\Sdks\Microsoft.NET.Sdk\targets\..\..\..\..\NuGetFallbackFolder
                   _NugetTargetMonikerAndRID = .NETCoreApp,Version=v8.0
                   _OriginalConfiguration = Debug
                   _OriginalPlatform = AnyCPU
                   _PlatformWithoutConfigurationInference = AnyCPU
                   _PreviewAnalysisLevel = 11.0
                   _ProjectDefaultTargets = Build
                   _PublishNoBuildAlternativeDependsOn = 
                         BuildOnlySettings;
                         _PreventProjectReferencesFromBuilding;
                         ResolveReferences;
                         PrepareResourceNames;
                         ComputeIntermediateSatelliteAssemblies;
                         ComputeEmbeddedApphostPaths;
                       ;
                         PrepareForPublish;
                         ComputeAndCopyFilesToPublishDirectory;
                         ;
                         PublishItemsOutputGroup;
                       
                   _PublishProfileDesignerFolder = Properties
                   _PublishProfileRootFolder = C:\Users\Lenovo\Documents\Génie Logiciel\EasySave-Groupe1\EasySave.Console\Properties\PublishProfiles\
                   _RecursiveTargetForContentCopying = GetCopyToOutputDirectoryItems
                   _ResolveReferenceDependencies = false
                   _RuntimeIdentifierUsesAppHost = true
                   _RuntimePackInWorkloadVersion6 = 6.0.36
                   _RuntimePackInWorkloadVersion7 = 7.0.20
                   _RuntimePackInWorkloadVersion8 = 8.0.26
                   _RuntimePackInWorkloadVersion9 = 9.0.15
                   _RuntimePackInWorkloadVersionCurrent = 10.0.6
                   _SGenDllCreated = false
                   _SGenDllName = EasySave.Console.XmlSerializers.dll
                   _SGenGenerateSerializationAssembliesConfig = Off
                   _SourceLinkAzureReposGitAssemblyFile = C:\Program Files\dotnet\sdk\10.0.300-preview.0.26177.108\Sdks\Microsoft.SourceLink.AzureRepos.Git\build\..\tools\net\Microsoft.SourceLink.AzureRepos.Git.dll
                   _SourceLinkBitbucketAssemblyFile = C:\Program Files\dotnet\sdk\10.0.300-preview.0.26177.108\Sdks\Microsoft.SourceLink.Bitbucket.Git\build\..\tools\net\Microsoft.SourceLink.Bitbucket.Git.dll
                   _SourceLinkGitHubAssemblyFile = C:\Program Files\dotnet\sdk\10.0.300-preview.0.26177.108\Sdks\Microsoft.SourceLink.GitHub\build\..\tools\net\Microsoft.SourceLink.GitHub.dll
                   _SourceLinkGitLabAssemblyFile = C:\Program Files\dotnet\sdk\10.0.300-preview.0.26177.108\Sdks\Microsoft.SourceLink.GitLab\build\..\tools\net\Microsoft.SourceLink.GitLab.dll
                   _SourceLinkPropsImported = true
                   _SourceLinkSdkSubDir = build
                   _SupportedArchitectures = amd64 arm64
                   _SupportedPlatformList = @(SupportedPlatform, ',')
                   _TargetFrameworkDirectories = 
                   _TargetFrameworkVersionValue = 0.0
                   _TargetFrameworkVersionWithoutV = 8.0
                   _TargetLatestRuntimePatchIsDefault = true
                   _TargetPlatformVersionUsesCsWinRT3 = false
                   _TargetsThatPrepareProjectReferences = 
                         AssignProjectConfiguration;
                         _SplitProjectReferencesByFileExistence
                       
                   _UseAttributeForTargetFrameworkInfoPropertyNames = true
                   _UsingDefaultForHasRuntimeOutput = true
                   _UsingDefaultPlatformTarget = true
                   _WindowsDesktopSdkTargetFrameworkVersionFloor = 3.0
                   _WorkloadLibraryPacksFolder = C:\Program Files\dotnet\library-packs
                   AddAdditionalExplicitAssemblyReferences = false
                   AddAppConfigToBuildOutputs = true
                   AllowedOutputExtensionsInPackageBuildOutputFolder = .dll; .exe; .winmd; .json; .pri; .xml ;
                   AllowedOutputExtensionsInSymbolsPackageBuildOutputFolder = .pdb; .mdb; .dll; .exe; .winmd; .json; .pri; .xml ;; 
                   AllowedReferenceAssemblyFileExtensions = 
                         .winmd;
                         .dll;
                         .exe
                       
                   AllowedReferenceRelatedFileExtensions = 
                         .pdb;
                         .xml;
                         .pri;
                         .dll.config;
                         .exe.config
                       
                   AllowUnsafeBlocks = false
                   AlwaysIncludeCoreFrameworkInRuntimeConfig = true
                   AlwaysUseNumericalSuffixInItemNames = true
                   AnalysisLevel = 8.0
                   AppDesignerFolder = Properties
                   AppendPlatformToOutputPath = false
                   AppendRuntimeIdentifierToOutputPath = true
                   AppendTargetFrameworkToOutputPath = true
                   AssemblyFoldersConfigFile = C:\Program Files\dotnet\sdk\10.0.300-preview.0.26177.108\AssemblyFolders.config
                   AssemblyFoldersSuffix = AssemblyFoldersEx
                   AssemblyName = EasySave.Console
                   AssemblySearchPaths = {CandidateAssemblyFiles};{HintPathFromItem};{TargetFrameworkDirectory};{RawFileName}
                   AssemblyTitle = EasySave.Console
                   AssetTargetFallback = ;net461;net462;net47;net471;net472;net48;net481
                   AssignTargetPathsDependsOn = 
                   Authors = EasySave.Console
                   AutomaticallyUseReferenceAssemblyPackages = true
                   AutoUnifyAssemblyReferences = true
                   AvailablePlatforms = Any CPU,x86,x64,ARM32,ARM64
                   BaseIntermediateOutputPath = obj\
                   BaseOutputPath = bin\
                   BaseOutputPathWasSpecified = true
                   BuildCompileAction = Build
                   BuildDependsOn = 
                         BeforeBuild;
                         CoreBuild;
                         AfterBuild
                       
                   BuildGenerateSourcesAction = Build
                   BuildingProject = false
                   BuildInParallel = true
                   BuildLinkAction = Build
                   BuildOutputTargetFolder = lib
                   BuildProjectReferences = true
                   BuiltProjectOutputGroupDependenciesDependsOn = 
                         ;
                         
                         ;
                         BuildOnlySettings;
                         PrepareForBuild;
                         AssignTargetPaths;
                         ResolveReferences
                       
                       
                   BuiltProjectOutputGroupDependsOn = PrepareForBuild
                   BundledMSBuildVersion = 18.6.0
                   BundledNETCoreAppPackageVersion = 10.0.5
                   BundledNETCoreAppTargetFrameworkVersion = 10.0
                   BundledNETCorePlatformsPackageVersion = 10.0.5-servicing.26153.111
                   BundledNETStandardPackageVersion = 2.1.0
                   BundledNETStandardTargetFrameworkVersion = 2.1
                   BundledRuntimeIdentifierGraphFile = C:\Program Files\dotnet\sdk\10.0.300-preview.0.26177.108\RuntimeIdentifierGraph.json
                   CheckEolTargetFramework = true
                   CheckEolWorkloads = true
                   CheckForOverflowUnderflow = false
                   CleanDependsOn = 
                         BeforeClean;
                         UnmanagedUnregistration;
                         CoreClean;
                         CleanReferencedProjects;
                         CleanPublishFolder;
                         AfterClean
                       
                   CleanFile = EasySave.Console.csproj.FileListAbsolute.txt
                   ClickOncePublishDir = bin\Debug\net8.0\publish\
                   CodeAnalysisRuleIds = CA1000;CA1001;CA1002;CA1003;CA1005;CA1008;CA1010;CA1012;CA1014;CA1016;CA1017;CA1018;CA1019;CA1021;CA1024;CA1027;CA1028;CA1030;CA1031;CA1032;CA1033;CA1034;CA1036;CA1040;CA1041;CA1043;CA1044;CA1045;CA1046;CA1047;CA1050;CA1051;CA1052;CA1054;CA1055;CA1056;CA1058;CA1060;CA1061;CA1062;CA1063;CA1064;CA1065;CA1066;CA1067;CA1068;CA1069;CA1070;CA1200;CA1303;CA1304;CA1305;CA1307;CA1308;CA1309;CA1310;CA1311;CA1401;CA1416;CA1417;CA1418;CA1419;CA1420;CA1421;CA1422;CA1501;CA1502;CA1505;CA1506;CA1507;CA1508;CA1509;CA1510;CA1511;CA1512;CA1513;CA1514;CA1515;CA1516;CA1700;CA1707;CA1708;CA1710;CA1711;CA1712;CA1713;CA1715;CA1716;CA1720;CA1721;CA1724;CA1725;CA1727;CA1802;CA1805;CA1806;CA1810;CA1812;CA1813;CA1814;CA1815;CA1816;CA1819;CA1820;CA1821;CA1822;CA1823;CA1824;CA1825;CA1826;CA1827;CA1828;CA1829;CA1830;CA1831;CA1832;CA1833;CA1834;CA1835;CA1836;CA1837;CA1838;CA1839;CA1840;CA1841;CA1842;CA1843;CA1844;CA1845;CA1846;CA1847;CA1848;CA1849;CA1850;CA1851;CA1852;CA1853;CA1854;CA1855;CA1856;CA1857;CA1858;CA1859;CA1860;CA1861;CA1862;CA1863;CA1864;CA1865;CA1866;CA1867;CA1868;CA1869;CA1870;CA1871;CA1872;CA1873;CA1874;CA1875;CA2000;CA2002;CA2007;CA2008;CA2009;CA2011;CA2012;CA2013;CA2014;CA2015;CA2016;CA2017;CA2018;CA2019;CA2020;CA2021;CA2022;CA2023;CA2024;CA2025;CA2100;CA2101;CA2119;CA2153;CA2200;CA2201;CA2207;CA2208;CA2211;CA2213;CA2214;CA2215;CA2216;CA2217;CA2218;CA2219;CA2224;CA2225;CA2226;CA2227;CA2231;CA2234;CA2235;CA2237;CA2241;CA2242;CA2243;CA2244;CA2245;CA2246;CA2247;CA2248;CA2249;CA2250;CA2251;CA2252;CA2253;CA2254;CA2255;CA2256;CA2257;CA2258;CA2259;CA2260;CA2261;CA2262;CA2263;CA2264;CA2265;CA2300;CA2301;CA2302;CA2305;CA2310;CA2311;CA2312;CA2315;CA2321;CA2322;CA2326;CA2327;CA2328;CA2329;CA2330;CA2350;CA2351;CA2352;CA2353;CA2354;CA2355;CA2356;CA2361;CA2362;CA3001;CA3002;CA3003;CA3004;CA3005;CA3006;CA3007;CA3008;CA3009;CA3010;CA3011;CA3012;CA3061;CA3075;CA3076;CA3077;CA3147;CA5350;CA5351;CA5358;CA5359;CA5360;CA5361;CA5362;CA5363;CA5364;CA5365;CA5366;CA5367;CA5368;CA5369;CA5370;CA5371;CA5372;CA5373;CA5374;CA5375;CA5376;CA5377;CA5378;CA5379;CA5380;CA5381;CA5382;CA5383;CA5384;CA5385;CA5386;CA5387;CA5388;CA5389;CA5390;CA5391;CA5392;CA5393;CA5394;CA5395;CA5396;CA5397;CA5398;CA5399;CA5400;CA5401;CA5402;CA5403;CA5404;CA5405
                   CodeAnalysisTargets = C:\Program Files\dotnet\sdk\10.0.300-preview.0.26177.108\Microsoft\VisualStudio\v18.0\CodeAnalysis\Microsoft.CodeAnalysis.targets
                   CommandLineArgsForDesignTimeEvaluation = -langversion:12.0 -define:TRACE
                   CommonOutputGroupsDependsOn = 
                         ;
                         BuildOnlySettings;
                         PrepareForBuild;
                         AssignTargetPaths;
                         ResolveReferences
                       
                   CommonTargetsPath = C:\Program Files\dotnet\sdk\10.0.300-preview.0.26177.108\Microsoft.Common.CurrentVersion.targets
                   CommonXamlResourcesDirectory = C:\Program Files\dotnet\sdk\10.0.300-preview.0.26177.108\\
                   Company = EasySave.Console
                   CompileDependsOn = 
                         
                         ResolveReferences;
                         ResolveKeySource;
                         SetWin32ManifestProperties;
                         _SetPreferNativeArm64Win32ManifestProperties;
                         FindReferenceAssembliesForReferences;
                         _GenerateCompileInputs;
                         BeforeCompile;
                         _TimeStampBeforeCompile;
                         _GenerateCompileDependencyCache;
                         CoreCompile;
                         _TimeStampAfterCompile;
                         AfterCompile;
                       ;
                         _CreateAppHost;
                         _CreateComHost;
                         _GetIjwHostPaths;
                       
                   CompileLicxFilesDependsOn = 
                   CompilerApiVersion = roslyn5.6
                   CompilerGeneratedFilesOutputPath = 
                   ComputeIntermediateSatelliteAssembliesDependsOn = 
                         CreateManifestResourceNames
                       
                   ComputeNETCoreBuildOutputFiles = true
                   ComReferenceExecuteAsTool = false
                   ComReferenceNoClassMembers = false
                   Configuration = Debug
                   ConfigurationName = Debug
                   Configurations = Debug;Release
                   ConsiderPlatformAsProcessorArchitecture = true
                   ContainerCustomTasksAssembly = C:\Program Files\dotnet\sdk\10.0.300-preview.0.26177.108\Containers\build\..\tasks\net10.0\Microsoft.NET.Build.Containers.dll
                   ContainerCustomTasksFolder = C:\Program Files\dotnet\sdk\10.0.300-preview.0.26177.108\Containers\build\..\tasks\net10.0\
                   ContainerizeFolder = C:\Program Files\dotnet\sdk\10.0.300-preview.0.26177.108\Containers\build\..\containerize\
                   ContainerizeFolderName = containerize
                   ContainerTaskFolderName = tasks
                   ContainerTaskFramework = net10.0
                   ContentFilesProjectOutputGroupDependsOn = PrepareForBuild;AssignTargetPaths
                   ContentPreprocessorOutputDirectory = obj\Debug\net8.0\NuGet\
                   ContentTargetFolders = content;contentFiles
                   ContinueOnError = false
                   CopyBuildOutputToPublishDirectory = true
                   CopyConflictingTransitiveContent = false
                   CopyLocalLockFileAssemblies = true
                   CopyOutputSymbolsToPublishDirectory = true
                   CoreBuildDependsOn = 
                         _CheckForBuildWithNoBuild;
                         
                         BuildOnlySettings;
                         PrepareForBuild;
                         PreBuildEvent;
                         ResolveReferences;
                         PrepareResources;
                         ResolveKeySource;
                         Compile;
                         ExportWindowsMDFile;
                         UnmanagedUnregistration;
                         GenerateSerializationAssemblies;
                         CreateSatelliteAssemblies;
                         GenerateManifests;
                         GetTargetPath;
                         PrepareForRun;
                         UnmanagedRegistration;
                         IncrementalClean;
                         PostBuildEvent
                       ;
                         GenerateBuildDependencyFile;
                         GenerateBuildRuntimeConfigurationFiles
                       
                   CoreCleanDependsOn = 
                         _SdkBeforeClean;
                         
                       
                   CoreCompileDependsOn = ;_ComputeNonExistentFileProperty;ResolveCodeAnalysisRuleSet
                   CoreResGenDependsOn = FindReferenceAssembliesForReferences
                   CreateCustomManifestResourceNamesDependsOn = 
                   CreateHardLinksForCopyAdditionalFilesIfPossible = false
                   CreateManifestResourceNamesDependsOn = 
                   CreateSatelliteAssembliesDependsOn = 
                         
                         ;
                         _GenerateSatelliteAssemblyInputs;
                         ComputeIntermediateSatelliteAssemblies;
                         GenerateSatelliteAssemblies
                       ;
                         CoreGenerateSatelliteAssemblies
                       
                   CreateSymbolicLinksForCopyAdditionalFilesIfPossible = false
                   CSharpCoreTargetsPath = C:\Program Files\dotnet\sdk\10.0.300-preview.0.26177.108\Sdks\Microsoft.NET.Sdk\targets\..\..\..\Roslyn\Microsoft.CSharp.Core.targets
                   CSharpDesignTimeTargetsPath = C:\Program Files\dotnet\sdk\10.0.300-preview.0.26177.108\\Microsoft\VisualStudio\Managed\Microsoft.CSharp.DesignTime.targets
                   CSharpTargetsPath = C:\Program Files\dotnet\sdk\10.0.300-preview.0.26177.108\Microsoft.CSharp.CurrentVersion.targets
                   CustomAfterDirectoryBuildProps = ;C:\Program Files\dotnet\sdk\10.0.300-preview.0.26177.108\Sdks\Microsoft.NET.Sdk\Sdk\UseArtifactsOutputPath.props
                   CustomAfterMicrosoftCommonProps = C:\Program Files\dotnet\sdk\10.0.300-preview.0.26177.108\\vCurrent\Custom.After.Microsoft.Common.props
                   CustomAfterMicrosoftCommonTargets = C:\Program Files\dotnet\sdk\10.0.300-preview.0.26177.108\\vCurrent\Custom.After.Microsoft.Common.targets
                   CustomAfterMicrosoftCSharpTargets = C:\Program Files\dotnet\sdk\10.0.300-preview.0.26177.108\\vCurrent\Custom.After.Microsoft.CSharp.targets
                   CustomBeforeMicrosoftCommonProps = C:\Program Files\dotnet\sdk\10.0.300-preview.0.26177.108\\vCurrent\Custom.Before.Microsoft.Common.props
                   CustomBeforeMicrosoftCommonTargets = C:\Program Files\dotnet\sdk\10.0.300-preview.0.26177.108\\vCurrent\Custom.Before.Microsoft.Common.targets
                   CustomBeforeMicrosoftCSharpTargets = C:\Program Files\dotnet\sdk\10.0.300-preview.0.26177.108\\vCurrent\Custom.Before.Microsoft.CSharp.targets
                   DebugSymbols = true
                   DebugSymbolsProjectOutputGroupDependenciesDependsOn = 
                         ;
                         
                         ;
                         BuildOnlySettings;
                         PrepareForBuild;
                         AssignTargetPaths;
                         ResolveReferences
                       
                       
                   DebugSymbolsProjectOutputGroupDependsOn = 
                   DebugType = portable
                   DefaultAllowedOutputExtensionsInPackageBuildOutputFolder = .dll; .exe; .winmd; .json; .pri; .xml
                   DefaultAppHostRuntimeIdentifier = win-x64
                   DefaultCopyToPublishDirectoryMetadata = true
                   DefaultExcludesInProjectFolder = ;;**/.*/**
                   DefaultImplicitPackages = Microsoft.NETCore.App;NETStandard.Library
                   DefaultItemExcludes = ;bin\Debug\/**;obj\Debug\/**;bin\/**;obj\/**;bin\Debug\net8.0\publish\/**;**/*.user;**/*.*proj;**/*.sln;**/*.slnx;**/*.vssscc;**/.DS_Store
                   DefaultLanguageSourceExtension = .cs
                   DefaultProjectTypeGuid = {FAE04EC0-301F-11D3-BF4B-00C04F79EFBC}
                   DefineCommonCapabilities = true
                   DefineCommonItemSchemas = true
                   DefineCommonReferenceSchemas = true
                   DefineConstants = TRACE;DEBUG
                   DelaySign = 
                   DeploymentComputeClickOnceManifestInfoDependsOn = 
                         CleanPublishFolder;
                         GetCopyToOutputDirectoryItems;
                         _DeploymentGenerateTrustInfo;
                         
                       
                   DesignerRuntimeImplementationProjectOutputGroupDependsOn = 
                         
                         ;
                         
                         ;
                         BuildOnlySettings;
                         PrepareForBuild;
                         AssignTargetPaths;
                         ResolveReferences
                       
                       ;
                         _GenerateDesignerDepsFile;
                         _GenerateDesignerRuntimeConfigFile;
                         GetCopyToOutputDirectoryItems;
                         _GatherDesignerShadowCopyFiles;
                       
                   DesignTimeAssemblySearchPaths = {CandidateAssemblyFiles};{HintPathFromItem};{TargetFrameworkDirectory};{RawFileName}
                   DesignTimeAutoUnify = true
                   DesignTimeResolveAssemblyReferencesDependsOn = 
                         GetFrameworkPaths;
                         GetReferenceAssemblyPaths;
                         ResolveReferences
                       
                   Deterministic = true
                   DevEnvDir = *Undefined*
                   DisableHandlePackageFileConflicts = true
                   DisableLogTaskParameter_ConvertToAbsolutePath_Path = true
                   DisableLogTaskParameter_FindUnderPath_OutOfPath = true
                   DisableLogTaskParameter_RemoveDuplicates_Inputs = true
                   DisableLogTaskParameterItemMetadata_ConvertToAbsolutePath_AbsolutePaths = true
                   DisableLogTaskParameterItemMetadata_Copy_CopiedFiles = true
                   DisableLogTaskParameterItemMetadata_Copy_DestinationFiles = true
                   DisableLogTaskParameterItemMetadata_Copy_SourceFiles = true
                   DisableLogTaskParameterItemMetadata_FindUnderPath_Files = true
                   DisableLogTaskParameterItemMetadata_FindUnderPath_InPath = true
                   DisableLogTaskParameterItemMetadata_GenerateResource_FilesWritten = true
                   DisableLogTaskParameterItemMetadata_Hash_ItemsToHash = true
                   DisableLogTaskParameterItemMetadata_RemoveDuplicates_Filtered = true
                   DisableLogTaskParameterItemMetadata_WriteLinesToFile_Lines = true
                   DisableStandardFrameworkResolution = true
                   DocumentationFile = 
                   DocumentationProjectOutputGroupDependenciesDependsOn = 
                         ;
                         
                         ;
                         BuildOnlySettings;
                         PrepareForBuild;
                         AssignTargetPaths;
                         ResolveReferences
                       
                       
                   DocumentationProjectOutputGroupDependsOn = 
                   DOTNET_CLI_HOME = C:\Users\Lenovo\Documents\Génie Logiciel\EasySave-Groupe1\.appdata\dotnet-cli
                   DOTNET_CLI_TELEMETRY_OPTOUT = 1
                   DOTNET_HOST_PATH = C:\Program Files\dotnet\dotnet.exe
                   DOTNET_SKIP_FIRST_TIME_EXPERIENCE = 1
                   DotNetApiCompatTaskAssembly = C:\Program Files\dotnet\sdk\10.0.300-preview.0.26177.108\Sdks\Microsoft.NET.Sdk\targets\..\tools\net10.0\Microsoft.DotNet.ApiCompat.Task.dll
                   DotnetCliToolTargetFramework = netcoreapp2.2
                   DotNetSdkSupportsVSHostObjectRemoting = true
                   EffectiveAnalysisLevel = 8.0
                   EffectiveCodeAnalysisTreatWarningsAsErrors = 
                   EffectiveTargetPlatformVersion = 
                   EmbeddedResourceUseDependentUponConvention = true
                   EmbeddedWin32Manifest = 
                   EmbedUntrackedSources = true
                   EmitAssetsLogMessages = true
                   EmitCompilerGeneratedFiles = false
                   EmitLegacyAssetsFileItems = false
                   EnableAppxPackageTargetsForUwpClassLibraries = true
                   EnableDefaultCompileItems = true
                   EnableDefaultEmbeddedResourceItems = true
                   EnableDefaultItems = true
                   EnableDefaultNoneItems = true
                   EnableFrameworkPathOverride = false
                   EnableNETAnalyzers = true
                   EnableSdkContainerSupport = true
                   EnableSourceControlManagerQueries = true
                   EnableSourceLink = true
                   EnableUnsafeBinaryFormatterSerialization = false
                   EnableWebSdkImplicitPackageVersions = false
                   EnforceCodeStyleInBuild = false
                   ErrorReport = prompt
                   ExpandSDKAllowedReferenceExtensions = 
                         .winmd;
                         .dll
                       
                   ExpandSDKReferencesDependsOn = 
                         ResolveSDKReferences
                       
                   FileAlignment = 512
                   FindInvalidProjectReferencesDependsOn = 
                         GetReferenceTargetPlatformMonikers
                       
                   Framework20Dir = @(_TargetFramework20DirectoryItem)
                   Framework30Dir = @(_TargetFramework30DirectoryItem)
                   Framework35Dir = @(_TargetFramework35DirectoryItem)
                   Framework40Dir = @(_TargetFramework40DirectoryItem)
                   FrameworkDir = @(_TargetFramework40DirectoryItem)
                   FrameworkPathOverride = 
                   FrameworkRegistryBase = Software\Microsoft\.NETCoreApp
                   FrameworkSDKDir = @(_TargetFrameworkSDKDirectoryItem)
                   FullReferenceAssemblyNames = Full
                   GenerateAssemblyCompanyAttribute = true
                   GenerateAssemblyConfigurationAttribute = true
                   GenerateAssemblyCopyrightAttribute = true
                   GenerateAssemblyDescriptionAttribute = true
                   GenerateAssemblyFileVersionAttribute = true
                   GenerateAssemblyInfo = true
                   GenerateAssemblyInformationalVersionAttribute = true
                   GenerateAssemblyMetadataAttributes = true
                   GenerateAssemblyProductAttribute = true
                   GenerateAssemblyTitleAttribute = true
                   GenerateAssemblyTrademarkAttribute = true
                   GenerateAssemblyVersionAttribute = true
                   GenerateBindingRedirectsOutputType = true
                   GenerateClickOnceManifests = 
                   GeneratedAssemblyInfoFile = obj\Debug\net8.0\EasySave.Console.AssemblyInfo.cs
                   GenerateDependencyFile = true
                   GeneratedGlobalUsingsFile = obj\Debug\net8.0\EasySave.Console.GlobalUsings.g.cs
                   GenerateDisableRuntimeMarshallingAttribute = true
                   GenerateDocumentationFile = false
                   GenerateFullPaths = true
                   GenerateInternalsVisibleToAttributes = true
                   GenerateManifestsDependsOn = 
                         SetWin32ManifestProperties;
                         GenerateApplicationManifest;
                         GenerateDeploymentManifest
                       
                   GenerateNeutralResourcesLanguageAttribute = true
                   GenerateNuspecDependsOn = Build;_LoadPackInputItems; _GetTargetFrameworksOutput; _WalkEachTargetPerFramework; _GetPackageFiles; 
                   GeneratePackageOnBuild = false
                   GenerateRepositoryUrlAttribute = true
                   GenerateResourceMSBuildArchitecture = CurrentArchitecture
                   GenerateResourceMSBuildRuntime = CurrentRuntime
                   GenerateResourceUsePreserializedResources = true
                   GenerateResourceWarnOnBinaryFormatterUse = true
                   GenerateRuntimeConfigDevFile = false
                   GenerateRuntimeConfigurationFiles = true
                   GenerateSatelliteAssembliesForCore = true
                   GenerateSupportedOSPlatformAttribute = true
                   GenerateTargetFrameworkAttribute = true
                   GenerateTargetPlatformAttribute = true
                   GetCopyToOutputDirectoryItemsDependsOn = 
                         AssignTargetPaths;
                         
                         AssignProjectConfiguration;
                         _SplitProjectReferencesByFileExistence
                       ;
                         _GetProjectReferenceTargetFrameworkProperties;
                         _PopulateCommonStateForGetCopyToOutputDirectoryItems
                       
                   GetFrameworkPathsDependsOn = 
                   GetReferenceNearestTargetFrameworkTaskSupportsTargetFrameworkPropertyParameter = true
                   GetReferenceNearestTargetFrameworkTaskSupportsTargetPlatformParameter = true
                   GetTargetPathWithTargetPlatformMonikerDependsOn = 
                   HasRuntimeOutput = true
                   HideWarningsAndErrors = false
                   HighEntropyVA = true
                   ImplicitConfigurationDefine = DEBUG
                   ImplicitUsings = enable
                   ImportByWildcardAfterMicrosoftCommonProps = true
                   ImportByWildcardAfterMicrosoftCommonTargets = true
                   ImportByWildcardAfterMicrosoftCSharpTargets = true
                   ImportByWildcardBeforeMicrosoftCommonProps = true
                   ImportByWildcardBeforeMicrosoftCommonTargets = true
                   ImportByWildcardBeforeMicrosoftCSharpTargets = true
                   ImportDirectoryBuildProps = true
                   ImportDirectoryBuildTargets = true
                   ImportDirectoryPackagesProps = true
                   ImportFrameworkWinFXTargets = false
                   ImportNuGetBuildTasksPackTargetsFromSdk = true
                   ImportProjectExtensionProps = true
                   ImportProjectExtensionTargets = true
                   ImportUserLocationsByWildcardAfterMicrosoftCommonProps = true
                   ImportUserLocationsByWildcardAfterMicrosoftCommonTargets = true
                   ImportUserLocationsByWildcardAfterMicrosoftCSharpTargets = true
                   ImportUserLocationsByWildcardBeforeMicrosoftCommonProps = true
                   ImportUserLocationsByWildcardBeforeMicrosoftCommonTargets = true
                   ImportUserLocationsByWildcardBeforeMicrosoftCSharpTargets = true
                   IncludeBuildOutput = true
                   IncludeContentInPack = true
                   IncludeFileVersionsInDependencyFile = true
                   IncludeMainProjectInDepsFile = true
                   IncludeProjectsNotInAssetsFileInDepsFile = true
                   IncludeSourceRevisionInInformationalVersion = true
                   IncludeSymbolsInSingleFile = false
                   InnerBuildProperty = TargetFramework
                   InnerBuildPropertyValues = TargetFrameworks
                   IntermediateOutputPath = obj\Debug\net8.0\
                   IsPackable = true
                   IsPublishable = true
                   IsRestoreTargetsFileLoaded = true
                   IsRidAgnostic = false
                   Language = C#
                   LanguageTargets = C:\Program Files\dotnet\sdk\10.0.300-preview.0.26177.108\Microsoft.CSharp.targets
                   LangVersion = 12.0
                   MarkPackageReferencesAsExternallyResolved = true
                   MaxSupportedLangVersion = 12.0
                   MaxTargetPath = 100
                   MicrosoftBuildTasksGitAssemblyFile = C:\Program Files\dotnet\sdk\10.0.300-preview.0.26177.108\Sdks\Microsoft.Build.Tasks.Git\build\..\tools\net\Microsoft.Build.Tasks.Git.dll
                   MicrosoftCommonPropsHasBeenImported = true
                   MicrosoftNETBuildExtensionsTargets = C:\Program Files\dotnet\sdk\10.0.300-preview.0.26177.108\\Microsoft\Microsoft.NET.Build.Extensions\Microsoft.NET.Build.Extensions.targets
                   MicrosoftNETBuildExtensionsTasksAssembly = C:\Program Files\dotnet\sdk\10.0.300-preview.0.26177.108\Microsoft\Microsoft.NET.Build.Extensions\\tools\net10.0\Microsoft.NET.Build.Extensions.Tasks.dll
                   MicrosoftNETBuildTasksAssembly = C:\Program Files\dotnet\sdk\10.0.300-preview.0.26177.108\Sdks\Microsoft.NET.Sdk\targets\..\tools\net10.0\Microsoft.NET.Build.Tasks.dll
                   MicrosoftNETBuildTasksDirectory = C:\Program Files\dotnet\sdk\10.0.300-preview.0.26177.108\Sdks\Microsoft.NET.Sdk\targets\..\tools\net10.0\
                   MicrosoftNETBuildTasksDirectoryRoot = C:\Program Files\dotnet\sdk\10.0.300-preview.0.26177.108\Sdks\Microsoft.NET.Sdk\targets\..\tools\
                   MicrosoftNETBuildTasksTFM = net10.0
                   MicrosoftNETFrameworkReferenceAssembliesLatestPackageVersion = 1.0.3
                   MicrosoftNETWindowsWorkloadInstalled = true
                   MinimumMSBuildVersion = 18.0.0
                   MsAppxPackageTargets = C:\Program Files\dotnet\sdk\10.0.300-preview.0.26177.108\Microsoft\VisualStudio\v18.0\AppxPackage\Microsoft.AppXPackage.Targets
                   MSBuildAllProjects = C:\Users\Lenovo\Documents\Génie Logiciel\EasySave-Groupe1\EasySave.Console\obj\EasySave.Console.csproj.nuget.g.props;;C:\Program Files\dotnet\sdk\10.0.300-preview.0.26177.108\Current\Microsoft.Common.targets\ImportAfter\Microsoft.TestPlatform.ImportAfter.targets
                   MSBuildAssemblyVersion = 18.0
                   MSBuildBinPath = C:\Program Files\dotnet\sdk\10.0.300-preview.0.26177.108
                   MSBuildCopyContentTransitively = true
                   MSBuildCopyMarkerName = EasySave.75EEAA2D.Up2Date
                   MSBuildDisableFeaturesFromVersion = 999.999
                   MSBuildEnableWorkloadResolver = true
                   MSBuildExtensionsPath = C:\Program Files\dotnet\sdk\10.0.300-preview.0.26177.108\
                   MSBuildExtensionsPath32 = C:\Program Files\dotnet\sdk\10.0.300-preview.0.26177.108
                   MSBuildExtensionsPath64 = C:\Program Files\dotnet\sdk\10.0.300-preview.0.26177.108
                   MSBUILDFAILONDRIVEENUMERATINGWILDCARD = 1
                   MSBuildFileVersion = 18.6.0.17808
                   MSBuildLoadMicrosoftTargetsReadOnly = true
                   MSBuildNodeCount = 4
                   MSBuildProgramFiles32 = C:\Program Files (x86)
                   MSBuildProjectDefaultTargets = Build
                   MSBuildProjectDirectory = C:\Users\Lenovo\Documents\Génie Logiciel\EasySave-Groupe1\EasySave.Console
                   MSBuildProjectDirectoryNoRoot = Users\Lenovo\Documents\Génie Logiciel\EasySave-Groupe1\EasySave.Console
                   MSBuildProjectExtension = .csproj
                   MSBuildProjectExtensionsPath = C:\Users\Lenovo\Documents\Génie Logiciel\EasySave-Groupe1\EasySave.Console\obj\
                   MSBuildProjectFile = EasySave.Console.csproj
                   MSBuildProjectFullPath = C:\Users\Lenovo\Documents\Génie Logiciel\EasySave-Groupe1\EasySave.Console\EasySave.Console.csproj
                   MSBuildProjectName = EasySave.Console
                   MSBuildRuntimeType = Core
                   MSBuildSDKsPath = C:\Program Files\dotnet\sdk\10.0.300-preview.0.26177.108\Sdks
                   MSBuildSemanticVersion = 18.6.0-preview-26177-108+cf1948f9c
                   MSBuildStartupDirectory = C:\Users\Lenovo\Documents\Génie Logiciel\EasySave-Groupe1\EasySave.Console
                   MSBuildToolsPath = C:\Program Files\dotnet\sdk\10.0.300-preview.0.26177.108
                   MSBuildToolsVersion = Current
                   MSBuildUserExtensionsPath = C:\Users\Lenovo\AppData\Local\Microsoft\MSBuild
                   MSBUILDUSESERVER = 0
                   MSBuildUseVisualStudioDirectoryLayout = False
                   MSBuildVersion = 18.6.0
                   MSBuildWarningsAsErrors = ;NU1605
                   MSBuildWarningsAsMessages = ;1701;1702
                   MSBuildWarningsNotAsErrors = 
                   MsTestToolsTargets = C:\Program Files\dotnet\sdk\10.0.300-preview.0.26177.108\Microsoft\VisualStudio\v18.0\TeamTest\Microsoft.TeamTest.targets
                   NETCoreAppMaximumVersion = 10.0
                   NetCoreRoot = C:\Program Files\dotnet\
                   NETCoreSdkBundledCliToolsProps = C:\Program Files\dotnet\sdk\10.0.300-preview.0.26177.108\Sdks\Microsoft.NET.Sdk\targets\..\..\..\Microsoft.NETCoreSdk.BundledCliTools.props
                   NETCoreSdkBundledMSBuildInformationProps = C:\Program Files\dotnet\sdk\10.0.300-preview.0.26177.108\Sdks\Microsoft.NET.Sdk\targets\..\..\..\Microsoft.NETCoreSdk.BundledMSBuildInformation.props
                   NETCoreSdkBundledVersionsProps = C:\Program Files\dotnet\sdk\10.0.300-preview.0.26177.108\Sdks\Microsoft.NET.Sdk\targets\..\..\..\Microsoft.NETCoreSdk.BundledVersions.props
                   NETCoreSdkPortableRuntimeIdentifier = win-x64
                   NETCoreSdkRuntimeIdentifier = win-x64
                   NETCoreSdkVersion = 10.0.300-preview.0.26177.108
                   NetCoreTargetingPackRoot = C:\Program Files\dotnet\packs
                   NoCompilerStandardLib = true
                   NoStdLib = true
                   NoWarn = 1701;1702
                   NuGetAudit = true
                   NuGetAuditLevel = low
                   NuGetAuditMode = direct
                   NuGetBuildTasksPackTargets = C:\Program Files\dotnet\sdk\10.0.300-preview.0.26177.108\Sdks\Microsoft.NET.Sdk\Sdk\..\..\..\NuGet.Build.Tasks.Pack.targets
                   NuGetInteractive = 
                   NuGetPackageFolders = C:\Users\Lenovo\.nuget\packages\;C:\Program Files (x86)\Microsoft Visual Studio\Shared\NuGetPackages
                   NuGetPackageRoot = C:\Users\Lenovo\.nuget\packages\
                   NuGetPackTaskAssemblyFile = NuGet.Build.Tasks.Pack.dll
                   NuGetProjectStyle = PackageReference
                   NuGetPropsFile = C:\Program Files\dotnet\sdk\10.0.300-preview.0.26177.108\NuGet.props
                   NuGetRestoreTargets = C:\Program Files\dotnet\sdk\10.0.300-preview.0.26177.108\NuGet.targets
                   NuGetTargetMoniker = .NETCoreApp,Version=v8.0
                   NuGetToolVersion = 7.0.0
                   Nullable = enable
                   NuspecOutputPath = obj\Debug\
                   Optimize = false
                   OutDir = bin\Debug\net8.0\
                   OutputPath = bin\Debug\net8.0\
                   OutputType = Exe
                   OverwriteReadOnlyFiles = false
                   PackageDescription = Package Description
                   PackageDownloadSupported = true
                   PackageId = EasySave.Console
                   PackageOutputPath = bin\Debug\
                   PackageRequireLicenseAcceptance = false
                   PackageVersion = 1.0.0
                   PackDependsOn = ; _GetRestoreProjectStyle; _IntermediatePack; GenerateNuspec; 
                   PackRelease = true
                   Platform = AnyCPU
                   PlatformName = AnyCPU
                   Platforms = AnyCPU
                   PostBuildEventDependsOn = 
                   PreBuildEventDependsOn = 
                   Prefer32Bit = false
                   PreferNativeArm64 = false
                   PrepareForBuildDependsOn = ;GetFrameworkPaths;GetReferenceAssemblyPaths;AssignLinkMetadata
                   PrepareForRunDependsOn = 
                         CopyFilesToOutputDirectory
                       
                   PrepareProjectReferencesDependsOn = 
                         AssignProjectConfiguration;
                         _SplitProjectReferencesByFileExistence;
                         _GetProjectReferenceTargetFrameworkProperties;
                         _GetProjectReferencePlatformProperties
                       
                   PrepareResourceNamesDependsOn = 
                         AssignTargetPaths;
                         SplitResourcesByCulture;
                         CreateManifestResourceNames;
                         CreateCustomManifestResourceNames
                       
                   PrepareResourcesDependsOn = 
                         ResolvePackageDependenciesForBuild;
                         _HandlePackageFileConflicts;
                         
                         ;
                         PrepareResourceNames;
                         ResGen;
                         CompileLicxFiles
                       
                       
                   PreserveCompilationReferences = 
                   ProcessorArchitecture = msil
                   ProcessorArchitectureAsPlatform = AnyCPU
                   ProduceReferenceAssembly = true
                   Product = EasySave.Console
                   ProjectAssetsCacheFile = C:\Users\Lenovo\Documents\Génie Logiciel\EasySave-Groupe1\EasySave.Console\obj\Debug\net8.0\EasySave.Console.assets.cache
                   ProjectAssetsFile = C:\Users\Lenovo\Documents\Génie Logiciel\EasySave-Groupe1\EasySave.Console\obj\project.assets.json
                   ProjectDepsFileName = EasySave.Console.deps.json
                   ProjectDepsFilePath = C:\Users\Lenovo\Documents\Génie Logiciel\EasySave-Groupe1\EasySave.Console\bin\Debug\net8.0\EasySave.Console.deps.json
                   ProjectDesignTimeAssemblyResolutionSearchPaths = 
                         {CandidateAssemblyFiles};
                         ;
                         {HintPathFromItem};
                         {TargetFrameworkDirectory};
                         {Registry:Software\Microsoft\.NETCoreApp,v8.0,AssemblyFoldersEx};
                         {RawFileName};
                         C:\Users\Lenovo\Documents\Génie Logiciel\EasySave-Groupe1\EasySave.Console\bin\Debug\net8.0\
                       
                   ProjectDir = C:\Users\Lenovo\Documents\Génie Logiciel\EasySave-Groupe1\EasySave.Console\
                   ProjectExt = .csproj
                   ProjectFileName = EasySave.Console.csproj
                   ProjectFlavor = Client
                   ProjectName = EasySave.Console
                   ProjectPath = C:\Users\Lenovo\Documents\Génie Logiciel\EasySave-Groupe1\EasySave.Console\EasySave.Console.csproj
                   ProjectRuntimeConfigFileName = EasySave.Console.runtimeconfig.json
                   ProjectRuntimeConfigFilePath = C:\Users\Lenovo\Documents\Génie Logiciel\EasySave-Groupe1\EasySave.Console\bin\Debug\net8.0\EasySave.Console.runtimeconfig.json
                   PrunePackageDataRoot = C:\Program Files\dotnet\sdk\10.0.300-preview.0.26177.108\PrunePackageData
                   PublishableProject = true
                   PublishBuildDependsOn = 
                         BuildOnlySettings;
                         PrepareForBuild;
                         ResolveReferences;
                         PrepareResources;
                         ResolveKeySource;
                         GenerateSerializationAssemblies;
                         CreateSatelliteAssemblies;
                       
                   PublishContainerDependsOn = 
                         _ContainerVerifySDKVersion;
                         ComputeContainerConfig;
                         _CheckContainersPackage;
                       
                   PublishDependsOn = 
                         SetGenerateManifests;
                         Build;
                         PublishOnly
                       
                   PublishDir = bin\Debug\net8.0\publish\
                   PublishDirName = publish
                   PublishDocumentationFile = true
                   PublishDocumentationFiles = true
                   PublishItemsOutputGroupDependsOn = 
                         ;
                         ResolveReferences;
                         ComputeResolvedFilesToPublishList;
                         _ComputeFilesToBundle;
                       
                   PublishOnlyDependsOn = 
                         SetGenerateManifests;
                         PublishBuild;
                         BeforePublish;
                         GenerateManifests;
                         CopyFilesToOutputDirectory;
                         _CopyFilesToPublishFolder;
                         _DeploymentGenerateBootstrapper;
                         ResolveKeySource;
                         _DeploymentSignClickOnceDeployment;
                         AfterPublish
                       
                   PublishProfileImported = false
                   PublishReadyToRunComposite = false
                   PublishReadyToRunPerfmapFormatVersion = 1
                   PublishReadyToRunUseCrossgen2 = true
                   PublishReadyToRunUseRuntimePackOptimizationData = true
                   PublishReferencesDocumentationFiles = true
                   PublishRelease = true
                   RebuildDependsOn = 
                         _SdkBeforeRebuild;
                         
                         BeforeRebuild;
                         Clean;
                         Build;
                         AfterRebuild;
                       
                       
                   RefAssembliesFolderName = refs
                   ReferenceCopyLocalPathsOutputGroupDependsOn = 
                         ;
                         
                         ;
                         BuildOnlySettings;
                         PrepareForBuild;
                         AssignTargetPaths;
                         ResolveReferences
                       
                       
                   ReportingServicesTargets = C:\Program Files\dotnet\sdk\10.0.300-preview.0.26177.108\\Microsoft\VisualStudio\v18.0\ReportingServices\Microsoft.ReportingServices.targets
                   ResGenDependsOn = ResolveAssemblyReferences;SplitResourcesByCulture;BeforeResGen;CoreResGen;AfterResGen
                   ResGenExecuteAsTool = false
                   ResolveAssemblyReferenceOutputUnresolvedAssemblyConflicts = true
                   ResolveAssemblyReferencesDependsOn = 
                         
                         
                         ResolveProjectReferences;
                         FindInvalidProjectReferences;
                         GetFrameworkPaths;
                         GetReferenceAssemblyPaths;
                         PrepareForBuild;
                         ResolveSDKReferences;
                         ExpandSDKReferences;
                       ;
                         ResolvePackageDependenciesForBuild;
                         _HandlePackageFileConflicts;
                       ;
                         ResolveTargetingPackAssets;
                       
                   ResolveNuGetPackages = false
                   ResolvePackageDependenciesForBuildDependsOn = 
                         ResolveLockFileReferences;
                         ResolveLockFileAnalyzers;
                         ResolveLockFileCopyLocalFiles;
                         ResolveRuntimePackAssets;
                         RunProduceContentAssets;
                         IncludeTransitiveProjectReferences
                       
                   ResolveReferencesDependsOn = 
                         BeforeResolveReferences;
                         AssignProjectConfiguration;
                         ResolveProjectReferences;
                         FindInvalidProjectReferences;
                         ResolveNativeReferences;
                         ResolveAssemblyReferences;
                         GenerateBindingRedirects;
                         GenerateBindingRedirectsUpdateAppConfig;
                         ResolveComReferences;
                         AfterResolveReferences
                       
                   ResolveSDKReferencesDependsOn = 
                         GetInstalledSDKLocations
                       
                   Restore = false
                   RestoreAdditionalProjectSources = ;C:\Program Files\dotnet\library-packs
                   RestoreBuildInParallel = true
                   RestoreContinueOnError = WarnAndContinue
                   RestoreEnablePackagePruning = false
                   RestoreOutputPath = C:\Users\Lenovo\Documents\Génie Logiciel\EasySave-Groupe1\EasySave.Console\obj\
                   RestorePackagePruningDefault = false
                   RestoreProjectStyle = PackageReference
                   RestoreRecursive = true
                   RestoreSuccess = True
                   RestoreTaskAssemblyFile = NuGet.Build.Tasks.dll
                   RestoreTool = NuGet
                   RestoreUseSkipNonexistentTargets = true
                   RootNamespace = EasySave.Console
                   RoslynAssembliesPath = C:\Program Files\dotnet\sdk\10.0.300-preview.0.26177.108\Sdks\Microsoft.NET.Sdk\targets\..\..\..\Roslyn\bincore
                   RoslynCompilerType = Core
                   RoslynCoreAssembliesPath = C:\Program Files\dotnet\sdk\10.0.300-preview.0.26177.108\Sdks\Microsoft.NET.Sdk\targets\..\..\..\Roslyn\bincore
                   RoslynTargetsPath = C:\Program Files\dotnet\sdk\10.0.300-preview.0.26177.108\Sdks\Microsoft.NET.Sdk\targets\..\..\..\Roslyn
                   RoslynTasksAssembly = C:\Program Files\dotnet\sdk\10.0.300-preview.0.26177.108\Sdks\Microsoft.NET.Sdk\targets\..\..\..\Roslyn\Microsoft.Build.Tasks.CodeAnalysis.dll
                   RunArguments = 
                   RunCommand = C:\Users\Lenovo\Documents\Génie Logiciel\EasySave-Groupe1\EasySave.Console\bin\Debug\net8.0\EasySave.Console.exe
                   RunDependsOn = 
                   RunPackageValidationDependsOn = CollectApiCompatInputs;_GetReferencePathFromInnerProjects;
                   RuntimeIdentifierGraphPath = C:\Program Files\dotnet\sdk\10.0.300-preview.0.26177.108/PortableRuntimeIdentifierGraph.json
                   RunWorkingDirectory = 
                   SatelliteDllsProjectOutputGroupDependenciesDependsOn = 
                         ;
                         
                         ;
                         BuildOnlySettings;
                         PrepareForBuild;
                         AssignTargetPaths;
                         ResolveReferences
                       
                       
                   SatelliteDllsProjectOutputGroupDependsOn = ;PrepareForBuild;PrepareResourceNames
                   SdkAnalysisLevel = 10.0.300
                   SDKContainerSupportEnabled = true
                   SDKRedistOutputGroupDependsOn = ResolveSDKReferences;ExpandSDKReferences
                   SDKReferenceDirectoryRoot = C:\Users\Lenovo\AppData\Local\Microsoft SDKs;C:\Program Files (x86)\Microsoft SDKs
                   SDKReferenceRegistryRoot = Software\Microsoft\Microsoft SDKs
                   SelfContained = false
                   SGenFilesOutputGroupDependenciesDependsOn = 
                         ;
                         
                         ;
                         BuildOnlySettings;
                         PrepareForBuild;
                         AssignTargetPaths;
                         ResolveReferences
                       
                       
                   SGenFilesOutputGroupDependsOn = 
                   SGenShouldGenerateSerializer = true
                   SGenUseKeep = false
                   SGenUseProxyTypes = true
                   ShouldMarkCertainSDKReferencesAsRuntimeOnly = true
                   SignAssembly = false
                   SkipCopyUnchangedFiles = true
                   SkipImportNuGetBuildTargets = true
                   SkipImportNuGetProps = true
                   SolutionDir = *Undefined*
                   SolutionExt = *Undefined*
                   SolutionFileName = *Undefined*
                   SolutionName = *Undefined*
                   SolutionPath = *Undefined*
                   SourceControlInformationFeatureSupported = true
                   SourceControlManagerUrlTranslationTargets = ;TranslateGitHubUrlsInSourceControlInformation;TranslateGitLabUrlsInSourceControlInformation;TranslateAzureReposGitUrlsInSourceControlInformation;TranslateBitbucketGitUrlsInSourceControlInformation
                   SourceFilesProjectOutputGroupDependsOn = PrepareForBuild;AssignTargetPaths
                   SourceLinkUrlInitializerTargets = ;_InitializeGitHubSourceLinkUrl;_InitializeGitLabSourceLinkUrl;_InitializeAzureReposGitSourceLinkUrl;_InitializeBitbucketGitSourceLinkUrl
                   SourceRootMappedPathsFeatureSupported = true
                   SupportedOSPlatformVersion = 
                   SupportsRoslynComponentVersioning = true
                   SuppressDependenciesWhenPacking = false
                   SymbolPackageFormat = symbols.nupkg
                   TargetCulture = *
                   TargetDeployManifestFileName = EasySave.Console.application
                   TargetDir = C:\Users\Lenovo\Documents\Génie Logiciel\EasySave-Groupe1\EasySave.Console\bin\Debug\net8.0\
                   TargetedFrameworkDir = @(_TargetedFrameworkDirectoryItem)
                   TargetedSDKArchitecture = msil
                   TargetedSDKConfiguration = Debug
                   TargetExt = .dll
                   TargetFileName = EasySave.Console.dll
                   TargetFramework = net8.0
                   TargetFrameworkDirectory = 
                   TargetFrameworkIdentifier = .NETCoreApp
                   TargetFrameworkMoniker = .NETCoreApp,Version=v8.0
                   TargetFrameworkMonikerAssemblyAttributesPath = obj\Debug\net8.0\.NETCoreApp,Version=v8.0.AssemblyAttributes.cs
                   TargetFrameworkMonikerDisplayName = .NET 8.0
                   TargetFrameworkSDKToolsDirectory = 
                   TargetFrameworkVersion = v8.0
                   TargetLatestRuntimePatch = false
                   TargetName = EasySave.Console
                   TargetPath = C:\Users\Lenovo\Documents\Génie Logiciel\EasySave-Groupe1\EasySave.Console\bin\Debug\net8.0\EasySave.Console.dll
                   TargetPlatformDisplayName =  
                   TargetPlatformIdentifier = 
                   TargetPlatformRegistryBase = Software\Microsoft\Microsoft SDKs\
                   TargetPlatformSdkPath = 
                   TargetPlatformVersion = 
                   TargetRefPath = C:\Users\Lenovo\Documents\Génie Logiciel\EasySave-Groupe1\EasySave.Console\obj\Debug\net8.0\ref\EasySave.Console.dll
                   TargetRuntime = Managed
                   TargetsForTfmSpecificContentInPackage = ;_PackProjectToolValidation
                   TargetsNet8 = true
                   ToolDepsJsonGeneratorProject = C:\Program Files\dotnet\sdk\10.0.300-preview.0.26177.108\Sdks\Microsoft.NET.Sdk\targets\GenerateDeps\GenerateDeps.proj
                   TreatWarningsAsErrors = false
                   TrimDepsJsonLibrariesWithoutAssets = true
                   UnmanagedRegistrationDependsOn = 
                   UnmanagedUnregistrationDependsOn = 
                   UnsupportedTargetFrameworkVersion = 11.0
                   UseAppHost = true
                   UseCommonOutputDirectory = false
                   UseDefaultPlatformLookupTables = true
                   UseHostCompilerIfAvailable = true
                   UseMSBuildTestInfrastructure = false
                   UseOSWinMdReferences = false
                   UseRidGraph = false
                   UserProfileRuntimeStorePath = C:\Users\Lenovo\.dotnet\store
                   UserRuntimeConfig = C:\Users\Lenovo\Documents\Génie Logiciel\EasySave-Groupe1\EasySave.Console/runtimeconfig.template.json
                   UseSourcePath = true
                   UsingMicrosoftNETSdk = true
                   UsingNETSdkDefaults = true
                   Utf8Output = true
                   ValidateRuntimeIdentifierCompatibility = false
                   VerifyMatchingImplicitPackageVersion = true
                   Version = 1.0.0
                   VersionPrefix = 1.0.0
                   VisualBasicCoreTargetsPath = C:\Program Files\dotnet\sdk\10.0.300-preview.0.26177.108\Sdks\Microsoft.NET.Sdk\targets\..\..\..\Roslyn\Microsoft.VisualBasic.Core.targets
                   VisualStudioVersion = 18.0
                   VSTestConsolePath = C:\Program Files\dotnet\sdk\10.0.300-preview.0.26177.108\vstest.console.dll
                   VSTestNoBuild = False
                   VSTestTargets = C:\Program Files\dotnet\sdk\10.0.300-preview.0.26177.108\\Microsoft.TestPlatform.targets
                   VSTestTaskAssemblyFile = Microsoft.TestPlatform.Build.dll
                   VsTestUseMSBuildOutput = False
                   WarningLevel = 8
                   WarningsAsErrors = ;NU1605;SYSLIB0011
                   WarnOnPackingNonPackableProject = false
                   WebReference_EnableLegacyEventingModel = false
                   WebReference_EnableProperties = true
                   WebReference_EnableSQLTypes = true
                   WMSJSProject = WJProject
                   WMSJSProjectDirectory = JavaScript
                   YieldDuringToolExecution = true

16:28:51.489     0>Éléments initiaux :
                   _AllDirectoriesAbove
                       C:\
                       C:\Users
                       C:\Users\Lenovo
                       C:\Users\Lenovo\Documents
                       C:\Users\Lenovo\Documents\Génie Logiciel
                       C:\Users\Lenovo\Documents\Génie Logiciel\EasySave-Groupe1
                       C:\Users\Lenovo\Documents\Génie Logiciel\EasySave-Groupe1\EasySave.Console
                   _ApplicationManifestFinal
                       bin\Debug\net8.0\EasySave.Console.dll.manifest
                           TargetPath = EasySave.Console.dll.manifest
                   _DebugSymbolsIntermediatePath
                       obj\Debug\net8.0\EasySave.Console.pdb
                   _DebugSymbolsOutputPath
                       bin\Debug\net8.0\EasySave.Console.pdb
                   _DeploymentManifestEntryPoint
                       obj\Debug\net8.0\EasySave.Console.dll
                           TargetPath = EasySave.Console.dll
                   _EolNetCoreTargetFrameworkVersions
                       1.0
                       1.1
                       2.0
                       2.1
                       2.2
                       3.0
                       3.1
                       5.0
                       6.0
                       7.0
                   _ExcludedKnownRuntimeIdentiferPlatforms
                       rhel.6
                       rhel.6
                       rhel.6
                       rhel.6
                       rhel.6
                       rhel.6
                       rhel.6
                       rhel.6
                       rhel.6
                       rhel.6
                       rhel.6
                       rhel.6
                       rhel.6
                       rhel.6
                       rhel.6
                       rhel.6
                       rhel.6
                       tizen.4.0.0
                       tizen.4.0.0
                       tizen.4.0.0
                       tizen.4.0.0
                       tizen.4.0.0
                       tizen.4.0.0
                       tizen.4.0.0
                       tizen.4.0.0
                       tizen.4.0.0
                       tizen.4.0.0
                       tizen.4.0.0
                       tizen.4.0.0
                       tizen.4.0.0
                       tizen.4.0.0
                       tizen.4.0.0
                       tizen.4.0.0
                       tizen.4.0.0
                       tizen.4.0.0
                       tizen.4.0.0
                       tizen.4.0.0
                       tizen.4.0.0
                       tizen.4.0.0
                       tizen.4.0.0
                       tizen.4.0.0
                       tizen.4.0.0
                       tizen.4.0.0
                       tizen.4.0.0
                       tizen.4.0.0
                       tizen.4.0.0
                       tizen.4.0.0
                       tizen.4.0.0
                       tizen.4.0.0
                       tizen.4.0.0
                       tizen.4.0.0
                       tizen.4.0.0
                       tizen.4.0.0
                       tizen.4.0.0
                       tizen.4.0.0
                       tizen.4.0.0
                       tizen.4.0.0
                       tizen.5.0.0
                       tizen.5.0.0
                       tizen.5.0.0
                       tizen.5.0.0
                       tizen.5.0.0
                       tizen.5.0.0
                       tizen.5.0.0
                       tizen.5.0.0
                       tizen.5.0.0
                       tizen.5.0.0
                       tizen.5.0.0
                       tizen.5.0.0
                       tizen.5.0.0
                       tizen.5.0.0
                       tizen.5.0.0
                       tizen.5.0.0
                       tizen.5.0.0
                       tizen.5.0.0
                       tizen.5.0.0
                       tizen.5.0.0
                       tizen.5.0.0
                       tizen.5.0.0
                       tizen.5.0.0
                       tizen.5.0.0
                       tizen.5.0.0
                       tizen.5.0.0
                       tizen.5.0.0
                       tizen.5.0.0
                       tizen.5.0.0
                       tizen.5.0.0
                       tizen.5.0.0
                       tizen.5.0.0
                       tizen.5.0.0
                       tizen.5.0.0
                       tizen.5.0.0
                       tizen.5.0.0
                       tizen.5.0.0
                       tizen.5.0.0
                       tizen.5.0.0
                       tizen.5.0.0
                   _KnownRuntimeIdentiferPlatforms
                       any
                       any
                       any
                       any
                       any
                       any
                       any
                       any
                       any
                       any
                       any
                       any
                       any
                       any
                       any
                       any
                       any
                       any
                       any
                       any
                       any
                       any
                       any
                       any
                       any
                       any
                       any
                       any
                       any
                       any
                       any
                       any
                       any
                       any
                       any
                       any
                       any
                       any
                       any
                       aot
                       aot
                       aot
                       aot
                       aot
                       aot
                       aot
                       aot
                       aot
                       aot
                       aot
                       aot
                       aot
                       aot
                       aot
                       aot
                       aot
                       aot
                       aot
                       aot
                       aot
                       aot
                       aot
                       aot
                       aot
                       aot
                       aot
                       aot
                       aot
                       aot
                       aot
                       aot
                       aot
                       aot
                       aot
                       aot
                       aot
                       aot
                       aot
                       freebsd
                       freebsd
                       freebsd
                       freebsd
                       freebsd
                       freebsd
                       freebsd
                       freebsd
                       freebsd
                       freebsd
                       freebsd
                       freebsd
                       freebsd
                       freebsd
                       freebsd
                       freebsd
                       freebsd
                       freebsd
                       freebsd
                       freebsd
                       freebsd
                       freebsd
                       freebsd
                       freebsd
                       freebsd
                       freebsd
                       freebsd
                       freebsd
                       freebsd
                       freebsd
                       freebsd
                       freebsd
                       freebsd
                       freebsd
                       freebsd
                       freebsd
                       freebsd
                       freebsd
                       freebsd
                       illumos
                       illumos
                       illumos
                       illumos
                       illumos
                       illumos
                       illumos
                       illumos
                       illumos
                       illumos
                       illumos
                       illumos
                       illumos
                       illumos
                       illumos
                       illumos
                       illumos
                       illumos
                       illumos
                       illumos
                       illumos
                       illumos
                       illumos
                       illumos
                       illumos
                       illumos
                       illumos
                       illumos
                       illumos
                       illumos
                       illumos
                       illumos
                       illumos
                       illumos
                       illumos
                       illumos
                       illumos
                       illumos
                       illumos
                       solaris
                       solaris
                       solaris
                       solaris
                       solaris
                       solaris
                       solaris
                       solaris
                       solaris
                       solaris
                       solaris
                       solaris
                       solaris
                       solaris
                       solaris
                       solaris
                       solaris
                       solaris
                       solaris
                       solaris
                       solaris
                       solaris
                       solaris
                       solaris
                       solaris
                       solaris
                       solaris
                       solaris
                       solaris
                       solaris
                       solaris
                       solaris
                       solaris
                       solaris
                       solaris
                       solaris
                       solaris
                       solaris
                       solaris
                       unix
                       unix
                       unix
                       unix
                       unix
                       unix
                       unix
                       unix
                       unix
                       unix
                       unix
                       unix
                       unix
                       unix
                       unix
                       unix
                       unix
                       unix
                       unix
                       unix
                       unix
                       unix
                       unix
                       unix
                       unix
                       unix
                       unix
                       unix
                       unix
                       unix
                       unix
                       unix
                       unix
                       unix
                       unix
                       unix
                       unix
                       unix
                       unix
                   _OutputPathItem
                       bin\Debug\net8.0\
                   _ResolveComReferenceCache
                       obj\Debug\net8.0\EasySave.Console.csproj.ResolveComReference.cache
                   _UnmanagedRegistrationCache
                       obj\EasySave.Console.csproj.UnmanagedRegistration.cache
                   AdditionalProbingPath
                       C:\Users\Lenovo\.dotnet\store\|arch|\|tfm|
                   AdditionalTargetFrameworkInfoProperty
                       _IsExecutable
                       _SelfContainedWasSpecified
                       IsRidAgnostic
                       SelfContained
                       ShouldBeValidatedAsExecutableReference
                   Analyzer
                       C:\Program Files\dotnet\sdk\10.0.300-preview.0.26177.108\Sdks\Microsoft.NET.Sdk\targets\..\analyzers\Microsoft.CodeAnalysis.CSharp.NetAnalyzers.dll
                           IsImplicitlyDefined = true
                       C:\Program Files\dotnet\sdk\10.0.300-preview.0.26177.108\Sdks\Microsoft.NET.Sdk\targets\..\analyzers\Microsoft.CodeAnalysis.NetAnalyzers.dll
                           IsImplicitlyDefined = true
                   AppConfigFileDestination
                       bin\Debug\net8.0\EasySave.Console.dll.config
                   ApplicationManifest
                       obj\Debug\net8.0\EasySave.Console.dll.manifest
                           TargetPath = EasySave.Console.dll.manifest
                   BuiltProjectOutputGroupKeyOutput
                       C:\Users\Lenovo\Documents\Génie Logiciel\EasySave-Groupe1\EasySave.Console\obj\Debug\net8.0\EasySave.Console.dll
                           IsKeyOutput = true
                           FinalOutputPath = C:\Users\Lenovo\Documents\Génie Logiciel\EasySave-Groupe1\EasySave.Console\bin\Debug\net8.0\EasySave.Console.dll
                           TargetPath = EasySave.Console.dll
                   ClsidMap
                       obj\Debug\net8.0\EasySave.Console.clsidmap
                   Compile
                       ConsoleMenuRuntime.cs
                       MenuManager.cs
                       Program.cs
                   CompilerVisibleProperty
                       _SupportedPlatformList
                       EnableComHosting
                       EnableGeneratedComInterfaceComImportInterop
                       EnforceExtendedAnalyzerRules
                       InvariantGlobalization
                       PlatformNeutralAssembly
                       ProjectDir
                       ProjectTypeGuids
                       RootNamespace
                       TargetFramework
                       TargetFrameworkIdentifier
                       TargetFrameworkVersion
                       TargetPlatformMinVersion
                       UsingMicrosoftNETSdkWeb
                   CopyUpToDateMarker
                       C:\Users\Lenovo\Documents\Génie Logiciel\EasySave-Groupe1\EasySave.Console\obj\Debug\net8.0\EasySave.75EEAA2D.Up2Date
                   CreateDirectory
                       C:\Users\Lenovo\Documents\Génie Logiciel\EasySave-Groupe1\EasySave.Console\obj\Debug\net8.0\refint\
                       obj\Debug\net8.0\ref
                   DebugSymbolsProjectOutputGroupOutput
                       C:\Users\Lenovo\Documents\Génie Logiciel\EasySave-Groupe1\EasySave.Console\obj\Debug\net8.0\EasySave.Console.pdb
                           FinalOutputPath = C:\Users\Lenovo\Documents\Génie Logiciel\EasySave-Groupe1\EasySave.Console\bin\Debug\net8.0\EasySave.Console.pdb
                           TargetPath = EasySave.Console.pdb
                   DeployManifest
                       obj\Debug\net8.0\EasySave.Console.application
                           TargetPath = EasySave.Console.application
                   EmbedInBinlog
                       C:\Users\Lenovo\Documents\Génie Logiciel\EasySave-Groupe1\EasySave.Console\obj\project.assets.json
                   FrameworkReference
                       Microsoft.NETCore.App
                           IsImplicitlyDefined = true
                           PrivateAssets = All
                           Pack = false
                   GenerateRuntimeConfigurationFilesInputs
                       C:\Users\Lenovo\Documents\Génie Logiciel\EasySave-Groupe1\EasySave.Console\obj\Debug\net8.0\EasySave.Console.assets.cache
                       C:\Users\Lenovo\Documents\Génie Logiciel\EasySave-Groupe1\EasySave.Console\obj\project.assets.json
                   GlobalAnalyzerConfigFiles
                       C:\.globalconfig
                       C:\Users\.globalconfig
                       C:\Users\Lenovo\.globalconfig
                       C:\Users\Lenovo\Documents\.globalconfig
                       C:\Users\Lenovo\Documents\Génie Logiciel\.globalconfig
                       C:\Users\Lenovo\Documents\Génie Logiciel\EasySave-Groupe1\.globalconfig
                       C:\Users\Lenovo\Documents\Génie Logiciel\EasySave-Groupe1\EasySave.Console\.globalconfig
                   ImplicitPackageReferenceVersion
                       Microsoft.AspNetCore.All
                           LatestVersion = 2.1.30
                           DefaultVersion = 2.1.1
                           TargetFrameworkVersion = 2.1
                       Microsoft.AspNetCore.All
                           LatestVersion = 2.2.8
                           DefaultVersion = 2.2.0
                           TargetFrameworkVersion = 2.2
                       Microsoft.AspNetCore.App
                           LatestVersion = 2.1.30
                           DefaultVersion = 2.1.1
                           TargetFrameworkVersion = 2.1
                       Microsoft.AspNetCore.App
                           LatestVersion = 2.2.8
                           DefaultVersion = 2.2.0
                           TargetFrameworkVersion = 2.2
                       Microsoft.NETCore.App
                           LatestVersion = 1.0.16
                           DefaultVersion = 1.0.5
                           TargetFrameworkVersion = 1.0
                       Microsoft.NETCore.App
                           LatestVersion = 1.1.13
                           DefaultVersion = 1.1.2
                           TargetFrameworkVersion = 1.1
                       Microsoft.NETCore.App
                           LatestVersion = 2.0.9
                           DefaultVersion = 2.0.0
                           TargetFrameworkVersion = 2.0
                       Microsoft.NETCore.App
                           LatestVersion = 2.1.30
                           DefaultVersion = 2.1.0
                           TargetFrameworkVersion = 2.1
                       Microsoft.NETCore.App
                           LatestVersion = 2.2.8
                           DefaultVersion = 2.2.0
                           TargetFrameworkVersion = 2.2
                   IntermediateAssembly
                       obj\Debug\net8.0\EasySave.Console.dll
                   IntermediateRefAssembly
                       obj\Debug\net8.0\refint\EasySave.Console.dll
                   KnownAppHostPack
                       Microsoft.NETCore.App
                           ExcludedRuntimeIdentifiers = android
                           AppHostRuntimeIdentifiers = linux-arm;linux-arm64;linux-musl-arm64;linux-musl-x64;linux-x64;osx-x64;tizen.4.0.0-armel;tizen.5.0.0-armel;win-arm64;win-x64;win-x86;linux-musl-arm;osx-arm64;linux-s390x;linux-loongarch64;linux-bionic-arm;linux-bionic-arm64;linux-bionic-x64;linux-bionic-x86;linux-ppc64le;freebsd-x64;freebsd-arm64;linux-riscv64;linux-musl-riscv64;linux-musl-loongarch64
                           TargetFramework = net10.0
                           AppHostPackNamePattern = Microsoft.NETCore.App.Host.**RID**
                           AppHostPackVersion = 10.0.5
                       Microsoft.NETCore.App
                           ExcludedRuntimeIdentifiers = android
                           AppHostRuntimeIdentifiers = linux-arm;linux-arm64;linux-musl-arm64;linux-musl-x64;linux-x64;osx-x64;tizen.4.0.0-armel;tizen.5.0.0-armel;win-arm64;win-x64;win-x86;linux-musl-arm;osx-arm64;linux-s390x;linux-loongarch64;linux-bionic-arm;linux-bionic-arm64;linux-bionic-x64;linux-bionic-x86;linux-ppc64le;freebsd-x64;freebsd-arm64;linux-riscv64;linux-musl-riscv64;linux-musl-loongarch64
                           TargetFramework = net9.0
                           AppHostPackNamePattern = Microsoft.NETCore.App.Host.**RID**
                           AppHostPackVersion = 9.0.14
                       Microsoft.NETCore.App
                           ExcludedRuntimeIdentifiers = android
                           AppHostRuntimeIdentifiers = linux-arm;linux-arm64;linux-musl-arm64;linux-musl-x64;linux-x64;osx-x64;tizen.4.0.0-armel;tizen.5.0.0-armel;win-arm64;win-x64;win-x86;linux-musl-arm;osx-arm64;linux-s390x;linux-loongarch64;linux-bionic-arm;linux-bionic-arm64;linux-bionic-x64;linux-bionic-x86;linux-ppc64le;freebsd-x64;freebsd-arm64
                           TargetFramework = net8.0
                           AppHostPackNamePattern = Microsoft.NETCore.App.Host.**RID**
                           AppHostPackVersion = 8.0.25
                       Microsoft.NETCore.App
                           ExcludedRuntimeIdentifiers = android
                           AppHostRuntimeIdentifiers = linux-arm;linux-arm64;linux-musl-arm64;linux-musl-x64;linux-x64;osx-x64;tizen.4.0.0-armel;tizen.5.0.0-armel;win-arm;win-arm64;win-x64;win-x86;linux-musl-arm;osx-arm64;linux-s390x;linux-loongarch64;linux-bionic-arm;linux-bionic-arm64;linux-bionic-x64;linux-bionic-x86;linux-ppc64le
                           TargetFramework = net7.0
                           AppHostPackNamePattern = Microsoft.NETCore.App.Host.**RID**
                           AppHostPackVersion = 7.0.20
                       Microsoft.NETCore.App
                           ExcludedRuntimeIdentifiers = android
                           AppHostRuntimeIdentifiers = linux-arm;linux-arm64;linux-musl-arm64;linux-musl-x64;linux-x64;osx-x64;tizen.4.0.0-armel;tizen.5.0.0-armel;win-arm;win-arm64;win-x64;win-x86;linux-musl-arm;osx-arm64;linux-s390x;linux-loongarch64
                           TargetFramework = net6.0
                           AppHostPackNamePattern = Microsoft.NETCore.App.Host.**RID**
                           AppHostPackVersion = 6.0.36
                       Microsoft.NETCore.App
                           AppHostRuntimeIdentifiers = linux-arm;linux-arm64;linux-musl-arm64;linux-musl-x64;linux-x64;osx-x64;tizen.4.0.0-armel;tizen.5.0.0-armel;win-arm;win-arm64;win-x64;win-x86;linux-musl-arm
                           TargetFramework = net5.0
                           AppHostPackNamePattern = Microsoft.NETCore.App.Host.**RID**
                           AppHostPackVersion = 5.0.17
                       Microsoft.NETCore.App
                           AppHostRuntimeIdentifiers = linux-arm;linux-arm64;linux-musl-arm64;linux-musl-x64;linux-x64;osx-x64;tizen.4.0.0-armel;tizen.5.0.0-armel;win-arm;win-arm64;win-x64;win-x86
                           TargetFramework = netcoreapp3.1
                           AppHostPackNamePattern = Microsoft.NETCore.App.Host.**RID**
                           AppHostPackVersion = 3.1.32
                       Microsoft.NETCore.App
                           AppHostRuntimeIdentifiers = linux-arm;linux-arm64;linux-musl-arm64;linux-musl-x64;linux-x64;osx-x64;tizen.4.0.0-armel;tizen.5.0.0-armel;win-arm;win-arm64;win-x64;win-x86
                           TargetFramework = netcoreapp3.0
                           AppHostPackNamePattern = Microsoft.NETCore.App.Host.**RID**
                           AppHostPackVersion = 3.0.3
                   KnownAspNetCorePack
                       Microsoft.AspNetCore.App.Internal.Assets
                           TargetFramework = net10.0
                           AspNetCorePackVersion = 10.0.5
                   KnownCrossgen2Pack
                       Microsoft.NETCore.App.Crossgen2
                           Crossgen2RuntimeIdentifiers = linux-musl-x64;linux-x64;win-x64;linux-arm;linux-arm64;linux-musl-arm;linux-musl-arm64;osx-arm64;osx-x64;win-arm64;win-x86;freebsd-x64;freebsd-arm64;linux-riscv64;linux-musl-riscv64;linux-loongarch64;linux-musl-loongarch64
                           TargetFramework = net10.0
                           Crossgen2PackNamePattern = Microsoft.NETCore.App.Crossgen2.**RID**
                           Crossgen2PackVersion = 10.0.5
                           Crossgen2PortableRuntimeIdentifiers = linux-musl-x64;linux-x64;win-x64;linux-arm;linux-arm64;linux-musl-arm;linux-musl-arm64;osx-arm64;osx-x64;win-arm64;win-x86;freebsd-x64;freebsd-arm64;linux-riscv64;linux-musl-riscv64;linux-loongarch64;linux-musl-loongarch64
                       Microsoft.NETCore.App.Crossgen2
                           Crossgen2RuntimeIdentifiers = linux-musl-x64;linux-x64;win-x64;linux-arm;linux-arm64;linux-musl-arm;linux-musl-arm64;osx-arm64;osx-x64;win-arm64;win-x86;freebsd-x64;freebsd-arm64;linux-riscv64;linux-musl-riscv64;linux-loongarch64;linux-musl-loongarch64
                           TargetFramework = net9.0
                           Crossgen2PackNamePattern = Microsoft.NETCore.App.Crossgen2.**RID**
                           Crossgen2PackVersion = 9.0.14
                       Microsoft.NETCore.App.Crossgen2
                           Crossgen2RuntimeIdentifiers = linux-musl-x64;linux-x64;win-x64;linux-arm;linux-arm64;linux-musl-arm;linux-musl-arm64;osx-arm64;osx-x64;win-arm64;win-x86;freebsd-x64;freebsd-arm64
                           TargetFramework = net8.0
                           Crossgen2PackNamePattern = Microsoft.NETCore.App.Crossgen2.**RID**
                           Crossgen2PackVersion = 8.0.25
                       Microsoft.NETCore.App.Crossgen2
                           Crossgen2RuntimeIdentifiers = linux-musl-x64;linux-x64;win-x64;linux-arm;linux-arm64;linux-musl-arm;linux-musl-arm64;osx-arm64;osx-x64;win-arm;win-arm64;win-x86
                           TargetFramework = net7.0
                           Crossgen2PackNamePattern = Microsoft.NETCore.App.Crossgen2.**RID**
                           Crossgen2PackVersion = 7.0.20
                       Microsoft.NETCore.App.Crossgen2
                           Crossgen2RuntimeIdentifiers = linux-musl-x64;linux-x64;win-x64;linux-arm;linux-arm64;linux-musl-arm;linux-musl-arm64;osx-arm64;osx-x64;win-arm;win-arm64;win-x86
                           TargetFramework = net6.0
                           Crossgen2PackNamePattern = Microsoft.NETCore.App.Crossgen2.**RID**
                           Crossgen2PackVersion = 6.0.36
                       Microsoft.NETCore.App.Crossgen2
                           Crossgen2RuntimeIdentifiers = linux-musl-x64;linux-x64;win-x64
                           TargetFramework = net5.0
                           Crossgen2PackNamePattern = Microsoft.NETCore.App.Crossgen2.**RID**
                           Crossgen2PackVersion = 5.0.17
                   KnownFrameworkReference
                       Microsoft.AspNetCore.App
                           TargetFramework = netcoreapp3.1
                           DefaultRuntimeFrameworkVersion = 3.1.0
                           TargetingPackName = Microsoft.AspNetCore.App.Ref
                           LatestRuntimeFrameworkVersion = 3.1.32
                           RuntimePackRuntimeIdentifiers = win-x64;win-x86;win-arm;osx-x64;linux-musl-x64;linux-musl-arm64;linux-x64;linux-arm;linux-arm64
                           RuntimePackNamePatterns = Microsoft.AspNetCore.App.Runtime.**RID**
                           TargetingPackVersion = 3.1.10
                           RuntimeFrameworkName = Microsoft.AspNetCore.App
                       Microsoft.AspNetCore.App
                           TargetFramework = net10.0
                           DefaultRuntimeFrameworkVersion = 10.0.0
                           TargetingPackName = Microsoft.AspNetCore.App.Ref
                           LatestRuntimeFrameworkVersion = 10.0.5
                           RuntimePackExcludedRuntimeIdentifiers = android;linux-bionic
                           RuntimePackRuntimeIdentifiers = win-x64;win-x86;osx-x64;linux-musl-x64;linux-musl-arm64;linux-x64;linux-arm;linux-arm64;linux-musl-arm;win-arm64;osx-arm64;linux-s390x;linux-loongarch64;linux-ppc64le;freebsd-x64;freebsd-arm64;linux-riscv64;linux-musl-riscv64;linux-loongarch64;linux-musl-loongarch64
                           RuntimePackNamePatterns = Microsoft.AspNetCore.App.Runtime.**RID**
                           TargetingPackVersion = 10.0.5
                           RuntimeFrameworkName = Microsoft.AspNetCore.App
                       Microsoft.AspNetCore.App
                           TargetFramework = net5.0
                           DefaultRuntimeFrameworkVersion = 5.0.0
                           TargetingPackName = Microsoft.AspNetCore.App.Ref
                           LatestRuntimeFrameworkVersion = 5.0.17
                           RuntimePackRuntimeIdentifiers = win-x64;win-x86;win-arm;osx-x64;linux-musl-x64;linux-musl-arm64;linux-x64;linux-arm;linux-arm64;linux-musl-arm;win-arm64
                           RuntimePackNamePatterns = Microsoft.AspNetCore.App.Runtime.**RID**
                           TargetingPackVersion = 5.0.0
                           RuntimeFrameworkName = Microsoft.AspNetCore.App
                       Microsoft.AspNetCore.App
                           TargetFramework = net6.0
                           DefaultRuntimeFrameworkVersion = 6.0.0
                           TargetingPackName = Microsoft.AspNetCore.App.Ref
                           LatestRuntimeFrameworkVersion = 6.0.36
                           RuntimePackRuntimeIdentifiers = win-x64;win-x86;win-arm;osx-x64;linux-musl-x64;linux-musl-arm64;linux-x64;linux-arm;linux-arm64;linux-musl-arm;win-arm64;osx-arm64;linux-s390x;linux-loongarch64
                           RuntimePackNamePatterns = Microsoft.AspNetCore.App.Runtime.**RID**
                           TargetingPackVersion = 6.0.36
                           RuntimeFrameworkName = Microsoft.AspNetCore.App
                       Microsoft.AspNetCore.App
                           TargetFramework = netcoreapp3.0
                           DefaultRuntimeFrameworkVersion = 3.0.0
                           TargetingPackName = Microsoft.AspNetCore.App.Ref
                           LatestRuntimeFrameworkVersion = 3.0.3
                           RuntimePackRuntimeIdentifiers = win-x64;win-x86;win-arm;osx-x64;linux-musl-x64;linux-musl-arm64;linux-x64;linux-arm;linux-arm64
                           RuntimePackNamePatterns = Microsoft.AspNetCore.App.Runtime.**RID**
                           TargetingPackVersion = 3.0.1
                           RuntimeFrameworkName = Microsoft.AspNetCore.App
                       Microsoft.AspNetCore.App
                           TargetFramework = net9.0
                           DefaultRuntimeFrameworkVersion = 9.0.0
                           TargetingPackName = Microsoft.AspNetCore.App.Ref
                           LatestRuntimeFrameworkVersion = 9.0.14
                           RuntimePackExcludedRuntimeIdentifiers = android;linux-bionic
                           RuntimePackRuntimeIdentifiers = win-x64;win-x86;osx-x64;linux-musl-x64;linux-musl-arm64;linux-x64;linux-arm;linux-arm64;linux-musl-arm;win-arm64;osx-arm64;linux-s390x;linux-loongarch64;linux-ppc64le;freebsd-x64;freebsd-arm64;linux-riscv64;linux-musl-riscv64;linux-loongarch64;linux-musl-loongarch64
                           RuntimePackNamePatterns = Microsoft.AspNetCore.App.Runtime.**RID**
                           TargetingPackVersion = 9.0.14
                           RuntimeFrameworkName = Microsoft.AspNetCore.App
                       Microsoft.AspNetCore.App
                           TargetFramework = net7.0
                           DefaultRuntimeFrameworkVersion = 7.0.0
                           TargetingPackName = Microsoft.AspNetCore.App.Ref
                           LatestRuntimeFrameworkVersion = 7.0.20
                           RuntimePackExcludedRuntimeIdentifiers = android
                           RuntimePackRuntimeIdentifiers = win-x64;win-x86;win-arm;osx-x64;linux-musl-x64;linux-musl-arm64;linux-x64;linux-arm;linux-arm64;linux-musl-arm;win-arm64;osx-arm64;linux-s390x;linux-loongarch64;linux-ppc64le
                           RuntimePackNamePatterns = Microsoft.AspNetCore.App.Runtime.**RID**
                           TargetingPackVersion = 7.0.20
                           RuntimeFrameworkName = Microsoft.AspNetCore.App
                       Microsoft.AspNetCore.App
                           TargetFramework = net8.0
                           DefaultRuntimeFrameworkVersion = 8.0.0
                           TargetingPackName = Microsoft.AspNetCore.App.Ref
                           LatestRuntimeFrameworkVersion = 8.0.25
                           RuntimePackExcludedRuntimeIdentifiers = android;linux-bionic
                           RuntimePackRuntimeIdentifiers = win-x64;win-x86;osx-x64;linux-musl-x64;linux-musl-arm64;linux-x64;linux-arm;linux-arm64;linux-musl-arm;win-arm64;osx-arm64;linux-s390x;linux-loongarch64;linux-ppc64le;freebsd-x64;freebsd-arm64
                           RuntimePackNamePatterns = Microsoft.AspNetCore.App.Runtime.**RID**
                           TargetingPackVersion = 8.0.25
                           RuntimeFrameworkName = Microsoft.AspNetCore.App
                       Microsoft.NETCore.App
                           TargetFramework = net10.0
                           DefaultRuntimeFrameworkVersion = 10.0.0
                           TargetingPackName = Microsoft.NETCore.App.Ref
                           LatestRuntimeFrameworkVersion = 10.0.5
                           RuntimePackRuntimeIdentifiers = linux-arm;linux-arm64;linux-musl-arm64;linux-musl-x64;linux-x64;osx-x64;tizen.4.0.0-armel;tizen.5.0.0-armel;win-arm64;win-x64;win-x86;linux-musl-arm;osx-arm64;linux-s390x;linux-loongarch64;linux-bionic-arm;linux-bionic-arm64;linux-bionic-x64;linux-bionic-x86;linux-ppc64le;freebsd-x64;freebsd-arm64;linux-riscv64;linux-musl-riscv64;linux-musl-loongarch64;android-arm64;android-x64
                           RuntimePackNamePatterns = Microsoft.NETCore.App.Runtime.**RID**
                           TargetingPackVersion = 10.0.5
                           RuntimeFrameworkName = Microsoft.NETCore.App
                       Microsoft.NETCore.App
                           TargetFramework = netcoreapp3.0
                           DefaultRuntimeFrameworkVersion = 3.0.0
                           TargetingPackName = Microsoft.NETCore.App.Ref
                           LatestRuntimeFrameworkVersion = 3.0.3
                           RuntimePackRuntimeIdentifiers = linux-arm;linux-arm64;linux-musl-arm64;linux-musl-x64;linux-x64;osx-x64;tizen.4.0.0-armel;tizen.5.0.0-armel;win-arm;win-arm64;win-x64;win-x86
                           RuntimePackNamePatterns = Microsoft.NETCore.App.Runtime.**RID**
                           TargetingPackVersion = 3.0.0
                           IsTrimmable = true
                           RuntimeFrameworkName = Microsoft.NETCore.App
                       Microsoft.NETCore.App
                           TargetFramework = netcoreapp3.1
                           DefaultRuntimeFrameworkVersion = 3.1.0
                           TargetingPackName = Microsoft.NETCore.App.Ref
                           LatestRuntimeFrameworkVersion = 3.1.32
                           RuntimePackRuntimeIdentifiers = linux-arm;linux-arm64;linux-musl-arm64;linux-musl-x64;linux-x64;osx-x64;tizen.4.0.0-armel;tizen.5.0.0-armel;win-arm;win-arm64;win-x64;win-x86
                           RuntimePackNamePatterns = Microsoft.NETCore.App.Runtime.**RID**
                           TargetingPackVersion = 3.1.0
                           IsTrimmable = true
                           RuntimeFrameworkName = Microsoft.NETCore.App
                       Microsoft.NETCore.App
                           TargetFramework = net5.0
                           DefaultRuntimeFrameworkVersion = 5.0.0
                           TargetingPackName = Microsoft.NETCore.App.Ref
                           LatestRuntimeFrameworkVersion = 5.0.17
                           RuntimePackRuntimeIdentifiers = linux-arm;linux-arm64;linux-musl-arm64;linux-musl-x64;linux-x64;osx-x64;tizen.4.0.0-armel;tizen.5.0.0-armel;win-arm;win-arm64;win-x64;win-x86;linux-musl-arm;browser-wasm
                           RuntimePackNamePatterns = Microsoft.NETCore.App.Runtime.**RID**
                           TargetingPackVersion = 5.0.0
                           IsTrimmable = true
                           RuntimeFrameworkName = Microsoft.NETCore.App
                       Microsoft.NETCore.App
                           TargetFramework = net7.0
                           DefaultRuntimeFrameworkVersion = 7.0.0
                           TargetingPackName = Microsoft.NETCore.App.Ref
                           LatestRuntimeFrameworkVersion = 7.0.20
                           RuntimePackRuntimeIdentifiers = linux-arm;linux-arm64;linux-musl-arm64;linux-musl-x64;linux-x64;osx-x64;tizen.4.0.0-armel;tizen.5.0.0-armel;win-arm;win-arm64;win-x64;win-x86;linux-musl-arm;osx-arm64;linux-s390x;linux-loongarch64;linux-bionic-arm;linux-bionic-arm64;linux-bionic-x64;linux-bionic-x86;linux-ppc64le
                           RuntimePackNamePatterns = Microsoft.NETCore.App.Runtime.**RID**
                           TargetingPackVersion = 7.0.20
                           RuntimeFrameworkName = Microsoft.NETCore.App
                       Microsoft.NETCore.App
                           TargetFramework = net6.0
                           DefaultRuntimeFrameworkVersion = 6.0.0
                           TargetingPackName = Microsoft.NETCore.App.Ref
                           LatestRuntimeFrameworkVersion = 6.0.36
                           RuntimePackRuntimeIdentifiers = linux-arm;linux-arm64;linux-musl-arm64;linux-musl-x64;linux-x64;osx-x64;tizen.4.0.0-armel;tizen.5.0.0-armel;win-arm;win-arm64;win-x64;win-x86;linux-musl-arm;osx-arm64;linux-s390x;linux-loongarch64
                           RuntimePackNamePatterns = Microsoft.NETCore.App.Runtime.**RID**
                           TargetingPackVersion = 6.0.36
                           RuntimeFrameworkName = Microsoft.NETCore.App
                       Microsoft.NETCore.App
                           TargetFramework = net8.0
                           DefaultRuntimeFrameworkVersion = 8.0.0
                           TargetingPackName = Microsoft.NETCore.App.Ref
                           LatestRuntimeFrameworkVersion = 8.0.25
                           RuntimePackRuntimeIdentifiers = linux-arm;linux-arm64;linux-musl-arm64;linux-musl-x64;linux-x64;osx-x64;tizen.4.0.0-armel;tizen.5.0.0-armel;win-arm64;win-x64;win-x86;linux-musl-arm;osx-arm64;linux-s390x;linux-loongarch64;linux-bionic-arm;linux-bionic-arm64;linux-bionic-x64;linux-bionic-x86;linux-ppc64le;freebsd-x64;freebsd-arm64
                           RuntimePackNamePatterns = Microsoft.NETCore.App.Runtime.**RID**
                           TargetingPackVersion = 8.0.25
                           RuntimeFrameworkName = Microsoft.NETCore.App
                       Microsoft.NETCore.App
                           TargetFramework = net9.0
                           DefaultRuntimeFrameworkVersion = 9.0.0
                           TargetingPackName = Microsoft.NETCore.App.Ref
                           LatestRuntimeFrameworkVersion = 9.0.14
                           RuntimePackRuntimeIdentifiers = linux-arm;linux-arm64;linux-musl-arm64;linux-musl-x64;linux-x64;osx-x64;tizen.4.0.0-armel;tizen.5.0.0-armel;win-arm64;win-x64;win-x86;linux-musl-arm;osx-arm64;linux-s390x;linux-loongarch64;linux-bionic-arm;linux-bionic-arm64;linux-bionic-x64;linux-bionic-x86;linux-ppc64le;freebsd-x64;freebsd-arm64;linux-riscv64;linux-musl-riscv64;linux-musl-loongarch64
                           RuntimePackNamePatterns = Microsoft.NETCore.App.Runtime.**RID**
                           TargetingPackVersion = 9.0.14
                           RuntimeFrameworkName = Microsoft.NETCore.App
                       Microsoft.WindowsDesktop.App
                           TargetFramework = net8.0
                           DefaultRuntimeFrameworkVersion = 8.0.0
                           TargetingPackName = Microsoft.WindowsDesktop.App.Ref
                           IsWindowsOnly = true
                           LatestRuntimeFrameworkVersion = 8.0.25
                           RuntimePackRuntimeIdentifiers = win-x64;win-x86;win-arm64
                           RuntimePackNamePatterns = Microsoft.WindowsDesktop.App.Runtime.**RID**
                           TargetingPackVersion = 8.0.25
                           RuntimeFrameworkName = Microsoft.WindowsDesktop.App
                       Microsoft.WindowsDesktop.App
                           TargetFramework = net7.0
                           DefaultRuntimeFrameworkVersion = 7.0.0
                           TargetingPackName = Microsoft.WindowsDesktop.App.Ref
                           IsWindowsOnly = true
                           LatestRuntimeFrameworkVersion = 7.0.20
                           RuntimePackRuntimeIdentifiers = win-x64;win-x86;win-arm64
                           RuntimePackNamePatterns = Microsoft.WindowsDesktop.App.Runtime.**RID**
                           TargetingPackVersion = 7.0.20
                           RuntimeFrameworkName = Microsoft.WindowsDesktop.App
                       Microsoft.WindowsDesktop.App
                           TargetFramework = netcoreapp3.1
                           DefaultRuntimeFrameworkVersion = 3.1.0
                           TargetingPackName = Microsoft.WindowsDesktop.App.Ref
                           IsWindowsOnly = true
                           LatestRuntimeFrameworkVersion = 3.1.32
                           RuntimePackRuntimeIdentifiers = win-x64;win-x86
                           RuntimePackNamePatterns = Microsoft.WindowsDesktop.App.Runtime.**RID**
                           TargetingPackVersion = 3.1.0
                           RuntimeFrameworkName = Microsoft.WindowsDesktop.App
                       Microsoft.WindowsDesktop.App
                           TargetFramework = net6.0
                           DefaultRuntimeFrameworkVersion = 6.0.0
                           TargetingPackName = Microsoft.WindowsDesktop.App.Ref
                           IsWindowsOnly = true
                           LatestRuntimeFrameworkVersion = 6.0.36
                           RuntimePackRuntimeIdentifiers = win-x64;win-x86;win-arm64
                           RuntimePackNamePatterns = Microsoft.WindowsDesktop.App.Runtime.**RID**
                           TargetingPackVersion = 6.0.36
                           RuntimeFrameworkName = Microsoft.WindowsDesktop.App
                       Microsoft.WindowsDesktop.App
                           TargetFramework = net10.0
                           DefaultRuntimeFrameworkVersion = 10.0.0
                           TargetingPackName = Microsoft.WindowsDesktop.App.Ref
                           IsWindowsOnly = true
                           LatestRuntimeFrameworkVersion = 10.0.5
                           RuntimePackRuntimeIdentifiers = win-x64;win-x86;win-arm64
                           RuntimePackNamePatterns = Microsoft.WindowsDesktop.App.Runtime.**RID**
                           TargetingPackVersion = 10.0.5
                           RuntimeFrameworkName = Microsoft.WindowsDesktop.App
                       Microsoft.WindowsDesktop.App
                           TargetFramework = netcoreapp3.0
                           DefaultRuntimeFrameworkVersion = 3.0.0
                           TargetingPackName = Microsoft.WindowsDesktop.App.Ref
                           IsWindowsOnly = true
                           LatestRuntimeFrameworkVersion = 3.0.3
                           RuntimePackRuntimeIdentifiers = win-x64;win-x86
                           RuntimePackNamePatterns = Microsoft.WindowsDesktop.App.Runtime.**RID**
                           TargetingPackVersion = 3.0.0
                           RuntimeFrameworkName = Microsoft.WindowsDesktop.App
                       Microsoft.WindowsDesktop.App
                           TargetFramework = net9.0
                           DefaultRuntimeFrameworkVersion = 9.0.0
                           TargetingPackName = Microsoft.WindowsDesktop.App.Ref
                           IsWindowsOnly = true
                           LatestRuntimeFrameworkVersion = 9.0.14
                           RuntimePackRuntimeIdentifiers = win-x64;win-x86;win-arm64
                           RuntimePackNamePatterns = Microsoft.WindowsDesktop.App.Runtime.**RID**
                           TargetingPackVersion = 9.0.14
                           RuntimeFrameworkName = Microsoft.WindowsDesktop.App
                       Microsoft.WindowsDesktop.App
                           TargetFramework = net5.0
                           DefaultRuntimeFrameworkVersion = 5.0.0
                           TargetingPackName = Microsoft.WindowsDesktop.App.Ref
                           IsWindowsOnly = true
                           LatestRuntimeFrameworkVersion = 5.0.17
                           RuntimePackRuntimeIdentifiers = win-x64;win-x86;win-arm64
                           RuntimePackNamePatterns = Microsoft.WindowsDesktop.App.Runtime.**RID**
                           TargetingPackVersion = 5.0.0
                           RuntimeFrameworkName = Microsoft.WindowsDesktop.App
                       Microsoft.WindowsDesktop.App.WindowsForms
                           TargetFramework = net6.0
                           DefaultRuntimeFrameworkVersion = 6.0.0
                           TargetingPackName = Microsoft.WindowsDesktop.App.Ref
                           IsWindowsOnly = true
                           LatestRuntimeFrameworkVersion = 6.0.36
                           RuntimePackRuntimeIdentifiers = win-x64;win-x86;win-arm64
                           RuntimePackNamePatterns = Microsoft.WindowsDesktop.App.Runtime.**RID**
                           TargetingPackVersion = 6.0.36
                           Profile = WindowsForms
                           RuntimeFrameworkName = Microsoft.WindowsDesktop.App
                       Microsoft.WindowsDesktop.App.WindowsForms
                           TargetFramework = net10.0
                           DefaultRuntimeFrameworkVersion = 10.0.0
                           TargetingPackName = Microsoft.WindowsDesktop.App.Ref
                           IsWindowsOnly = true
                           LatestRuntimeFrameworkVersion = 10.0.5
                           RuntimePackRuntimeIdentifiers = win-x64;win-x86;win-arm64
                           RuntimePackNamePatterns = Microsoft.WindowsDesktop.App.Runtime.**RID**
                           TargetingPackVersion = 10.0.5
                           Profile = WindowsForms
                           RuntimeFrameworkName = Microsoft.WindowsDesktop.App
                       Microsoft.WindowsDesktop.App.WindowsForms
                           TargetFramework = net5.0
                           DefaultRuntimeFrameworkVersion = 5.0.0
                           TargetingPackName = Microsoft.WindowsDesktop.App.Ref
                           IsWindowsOnly = true
                           LatestRuntimeFrameworkVersion = 5.0.17
                           RuntimePackRuntimeIdentifiers = win-x64;win-x86;win-arm64
                           RuntimePackNamePatterns = Microsoft.WindowsDesktop.App.Runtime.**RID**
                           TargetingPackVersion = 5.0.0
                           Profile = WindowsForms
                           RuntimeFrameworkName = Microsoft.WindowsDesktop.App
                       Microsoft.WindowsDesktop.App.WindowsForms
                           TargetFramework = netcoreapp3.1
                           DefaultRuntimeFrameworkVersion = 3.1.0
                           TargetingPackName = Microsoft.WindowsDesktop.App.Ref
                           IsWindowsOnly = true
                           LatestRuntimeFrameworkVersion = 3.1.32
                           RuntimePackRuntimeIdentifiers = win-x64;win-x86
                           RuntimePackNamePatterns = Microsoft.WindowsDesktop.App.Runtime.**RID**
                           TargetingPackVersion = 3.1.0
                           Profile = WindowsForms
                           RuntimeFrameworkName = Microsoft.WindowsDesktop.App
                       Microsoft.WindowsDesktop.App.WindowsForms
                           TargetFramework = net9.0
                           DefaultRuntimeFrameworkVersion = 9.0.0
                           TargetingPackName = Microsoft.WindowsDesktop.App.Ref
                           IsWindowsOnly = true
                           LatestRuntimeFrameworkVersion = 9.0.14
                           RuntimePackRuntimeIdentifiers = win-x64;win-x86;win-arm64
                           RuntimePackNamePatterns = Microsoft.WindowsDesktop.App.Runtime.**RID**
                           TargetingPackVersion = 9.0.14
                           Profile = WindowsForms
                           RuntimeFrameworkName = Microsoft.WindowsDesktop.App
                       Microsoft.WindowsDesktop.App.WindowsForms
                           TargetFramework = net7.0
                           DefaultRuntimeFrameworkVersion = 7.0.0
                           TargetingPackName = Microsoft.WindowsDesktop.App.Ref
                           IsWindowsOnly = true
                           LatestRuntimeFrameworkVersion = 7.0.20
                           RuntimePackRuntimeIdentifiers = win-x64;win-x86;win-arm64
                           RuntimePackNamePatterns = Microsoft.WindowsDesktop.App.Runtime.**RID**
                           TargetingPackVersion = 7.0.20
                           Profile = WindowsForms
                           RuntimeFrameworkName = Microsoft.WindowsDesktop.App
                       Microsoft.WindowsDesktop.App.WindowsForms
                           TargetFramework = netcoreapp3.0
                           DefaultRuntimeFrameworkVersion = 3.0.0
                           TargetingPackName = Microsoft.WindowsDesktop.App.Ref
                           IsWindowsOnly = true
                           LatestRuntimeFrameworkVersion = 3.0.3
                           RuntimePackRuntimeIdentifiers = win-x64;win-x86
                           RuntimePackNamePatterns = Microsoft.WindowsDesktop.App.Runtime.**RID**
                           TargetingPackVersion = 3.0.0
                           Profile = WindowsForms
                           RuntimeFrameworkName = Microsoft.WindowsDesktop.App
                       Microsoft.WindowsDesktop.App.WindowsForms
                           TargetFramework = net8.0
                           DefaultRuntimeFrameworkVersion = 8.0.0
                           TargetingPackName = Microsoft.WindowsDesktop.App.Ref
                           IsWindowsOnly = true
                           LatestRuntimeFrameworkVersion = 8.0.25
                           RuntimePackRuntimeIdentifiers = win-x64;win-x86;win-arm64
                           RuntimePackNamePatterns = Microsoft.WindowsDesktop.App.Runtime.**RID**
                           TargetingPackVersion = 8.0.25
                           Profile = WindowsForms
                           RuntimeFrameworkName = Microsoft.WindowsDesktop.App
                       Microsoft.WindowsDesktop.App.WPF
                           TargetFramework = netcoreapp3.0
                           DefaultRuntimeFrameworkVersion = 3.0.0
                           TargetingPackName = Microsoft.WindowsDesktop.App.Ref
                           IsWindowsOnly = true
                           LatestRuntimeFrameworkVersion = 3.0.3
                           RuntimePackRuntimeIdentifiers = win-x64;win-x86
                           RuntimePackNamePatterns = Microsoft.WindowsDesktop.App.Runtime.**RID**
                           TargetingPackVersion = 3.0.0
                           Profile = WPF
                           RuntimeFrameworkName = Microsoft.WindowsDesktop.App
                       Microsoft.WindowsDesktop.App.WPF
                           TargetFramework = net8.0
                           DefaultRuntimeFrameworkVersion = 8.0.0
                           TargetingPackName = Microsoft.WindowsDesktop.App.Ref
                           IsWindowsOnly = true
                           LatestRuntimeFrameworkVersion = 8.0.25
                           RuntimePackRuntimeIdentifiers = win-x64;win-x86;win-arm64
                           RuntimePackNamePatterns = Microsoft.WindowsDesktop.App.Runtime.**RID**
                           TargetingPackVersion = 8.0.25
                           Profile = WPF
                           RuntimeFrameworkName = Microsoft.WindowsDesktop.App
                       Microsoft.WindowsDesktop.App.WPF
                           TargetFramework = net5.0
                           DefaultRuntimeFrameworkVersion = 5.0.0
                           TargetingPackName = Microsoft.WindowsDesktop.App.Ref
                           IsWindowsOnly = true
                           LatestRuntimeFrameworkVersion = 5.0.17
                           RuntimePackRuntimeIdentifiers = win-x64;win-x86;win-arm64
                           RuntimePackNamePatterns = Microsoft.WindowsDesktop.App.Runtime.**RID**
                           TargetingPackVersion = 5.0.0
                           Profile = WPF
                           RuntimeFrameworkName = Microsoft.WindowsDesktop.App
                       Microsoft.WindowsDesktop.App.WPF
                           TargetFramework = netcoreapp3.1
                           DefaultRuntimeFrameworkVersion = 3.1.0
                           TargetingPackName = Microsoft.WindowsDesktop.App.Ref
                           IsWindowsOnly = true
                           LatestRuntimeFrameworkVersion = 3.1.32
                           RuntimePackRuntimeIdentifiers = win-x64;win-x86
                           RuntimePackNamePatterns = Microsoft.WindowsDesktop.App.Runtime.**RID**
                           TargetingPackVersion = 3.1.0
                           Profile = WPF
                           RuntimeFrameworkName = Microsoft.WindowsDesktop.App
                       Microsoft.WindowsDesktop.App.WPF
                           TargetFramework = net9.0
                           DefaultRuntimeFrameworkVersion = 9.0.0
                           TargetingPackName = Microsoft.WindowsDesktop.App.Ref
                           IsWindowsOnly = true
                           LatestRuntimeFrameworkVersion = 9.0.14
                           RuntimePackRuntimeIdentifiers = win-x64;win-x86;win-arm64
                           RuntimePackNamePatterns = Microsoft.WindowsDesktop.App.Runtime.**RID**
                           TargetingPackVersion = 9.0.14
                           Profile = WPF
                           RuntimeFrameworkName = Microsoft.WindowsDesktop.App
                       Microsoft.WindowsDesktop.App.WPF
                           TargetFramework = net6.0
                           DefaultRuntimeFrameworkVersion = 6.0.0
                           TargetingPackName = Microsoft.WindowsDesktop.App.Ref
                           IsWindowsOnly = true
                           LatestRuntimeFrameworkVersion = 6.0.36
                           RuntimePackRuntimeIdentifiers = win-x64;win-x86;win-arm64
                           RuntimePackNamePatterns = Microsoft.WindowsDesktop.App.Runtime.**RID**
                           TargetingPackVersion = 6.0.36
                           Profile = WPF
                           RuntimeFrameworkName = Microsoft.WindowsDesktop.App
                       Microsoft.WindowsDesktop.App.WPF
                           TargetFramework = net7.0
                           DefaultRuntimeFrameworkVersion = 7.0.0
                           TargetingPackName = Microsoft.WindowsDesktop.App.Ref
                           IsWindowsOnly = true
                           LatestRuntimeFrameworkVersion = 7.0.20
                           RuntimePackRuntimeIdentifiers = win-x64;win-x86;win-arm64
                           RuntimePackNamePatterns = Microsoft.WindowsDesktop.App.Runtime.**RID**
                           TargetingPackVersion = 7.0.20
                           Profile = WPF
                           RuntimeFrameworkName = Microsoft.WindowsDesktop.App
                       Microsoft.WindowsDesktop.App.WPF
                           TargetFramework = net10.0
                           DefaultRuntimeFrameworkVersion = 10.0.0
                           TargetingPackName = Microsoft.WindowsDesktop.App.Ref
                           IsWindowsOnly = true
                           LatestRuntimeFrameworkVersion = 10.0.5
                           RuntimePackRuntimeIdentifiers = win-x64;win-x86;win-arm64
                           RuntimePackNamePatterns = Microsoft.WindowsDesktop.App.Runtime.**RID**
                           TargetingPackVersion = 10.0.5
                           Profile = WPF
                           RuntimeFrameworkName = Microsoft.WindowsDesktop.App
                       NETStandard.Library
                           TargetFramework = netstandard2.1
                           TargetingPackName = NETStandard.Library.Ref
                           TargetingPackVersion = 2.1.0
                   KnownILCompilerPack
                       Microsoft.DotNet.ILCompiler
                           ILCompilerPackNamePattern = runtime.**RID**.Microsoft.DotNet.ILCompiler
                           ILCompilerRuntimePackNamePattern = Microsoft.NETCore.App.Runtime.NativeAOT.**RID**
                           TargetFramework = net10.0
                           ILCompilerPackVersion = 10.0.5
                           ILCompilerRuntimeIdentifiers = linux-arm64;linux-musl-arm64;linux-musl-x64;linux-x64;win-arm64;win-x64;osx-x64;osx-arm64;freebsd-x64;freebsd-arm64;linux-arm;linux-musl-arm;linux-loongarch64;linux-musl-loongarch64;win-x86;linux-riscv64;linux-musl-riscv64
                           ILCompilerPortableRuntimeIdentifiers = linux-arm64;linux-musl-arm64;linux-musl-x64;linux-x64;win-arm64;win-x64;osx-x64;osx-arm64;freebsd-x64;freebsd-arm64;linux-arm;linux-musl-arm;linux-loongarch64;linux-musl-loongarch64;win-x86;linux-riscv64;linux-musl-riscv64
                       Microsoft.DotNet.ILCompiler
                           ILCompilerPackNamePattern = runtime.**RID**.Microsoft.DotNet.ILCompiler
                           TargetFramework = net9.0
                           ILCompilerPackVersion = 9.0.14
                           ILCompilerRuntimeIdentifiers = linux-arm64;linux-musl-arm64;linux-musl-x64;linux-x64;win-arm64;win-x64;osx-x64;osx-arm64;freebsd-x64;freebsd-arm64;linux-arm;linux-musl-arm;linux-loongarch64;linux-musl-loongarch64;win-x86
                       Microsoft.DotNet.ILCompiler
                           ILCompilerPackNamePattern = runtime.**RID**.Microsoft.DotNet.ILCompiler
                           TargetFramework = net8.0
                           ILCompilerPackVersion = 8.0.25
                           ILCompilerRuntimeIdentifiers = linux-arm64;linux-musl-arm64;linux-musl-x64;linux-x64;win-arm64;win-x64;osx-x64;osx-arm64;freebsd-x64;freebsd-arm64
                       Microsoft.DotNet.ILCompiler
                           ILCompilerPackNamePattern = runtime.**RID**.Microsoft.DotNet.ILCompiler
                           TargetFramework = net7.0
                           ILCompilerPackVersion = 7.0.20
                           ILCompilerRuntimeIdentifiers = linux-arm64;linux-musl-arm64;linux-musl-x64;linux-x64;win-arm64;win-x64
                   KnownILLinkPack
                       Microsoft.NET.ILLink.Tasks
                           TargetFramework = net10.0
                           ILLinkPackVersion = 10.0.5
                       Microsoft.NET.ILLink.Tasks
                           TargetFramework = net9.0
                           ILLinkPackVersion = 9.0.14
                       Microsoft.NET.ILLink.Tasks
                           TargetFramework = net8.0
                           ILLinkPackVersion = 8.0.25
                       Microsoft.NET.ILLink.Tasks
                           TargetFramework = net7.0
                           ILLinkPackVersion = 7.0.100-1.23211.1
                       Microsoft.NET.ILLink.Tasks
                           TargetFramework = net6.0
                           ILLinkPackVersion = 7.0.100-1.23211.1
                       Microsoft.NET.ILLink.Tasks
                           TargetFramework = net5.0
                           ILLinkPackVersion = 7.0.100-1.23211.1
                       Microsoft.NET.ILLink.Tasks
                           TargetFramework = netcoreapp3.1
                           ILLinkPackVersion = 7.0.100-1.23211.1
                       Microsoft.NET.ILLink.Tasks
                           TargetFramework = netcoreapp3.0
                           ILLinkPackVersion = 7.0.100-1.23211.1
                   KnownRuntimePack
                       Microsoft.NETCore.App
                           TargetFramework = net10.0
                           LatestRuntimeFrameworkVersion = 10.0.5
                           RuntimePackRuntimeIdentifiers = ios-arm64;iossimulator-arm64;iossimulator-x64;tvos-arm64;tvossimulator-arm64;tvossimulator-x64;maccatalyst-arm64;maccatalyst-x64;linux-bionic-arm64;linux-bionic-x64;osx-arm64;osx-x64;freebsd-arm64;freebsd-x64;linux-x64;linux-arm;linux-arm64;linux-loongarch64;linux-bionic-arm;linux-musl-x64;linux-musl-arm;linux-musl-arm64;linux-musl-loongarch64;win-x64;win-x86;win-arm64;browser-wasm;wasi-wasm;linux-riscv64;linux-musl-riscv64;android-arm64;android-x64
                           RuntimePackNamePatterns = Microsoft.NETCore.App.Runtime.NativeAOT.**RID**
                           RuntimePackLabels = NativeAOT
                           RuntimeFrameworkName = Microsoft.NETCore.App
                       Microsoft.NETCore.App
                           TargetFramework = net10.0
                           LatestRuntimeFrameworkVersion = 10.0.5
                           RuntimePackRuntimeIdentifiers = linux-arm;linux-arm64;linux-musl-arm64;linux-musl-x64;linux-x64;osx-x64;win-arm64;win-x64;win-x86;linux-musl-arm;osx-arm64;linux-s390x;linux-loongarch64;browser-wasm;ios-arm64;ios-arm;iossimulator-arm64;iossimulator-x64;iossimulator-x86;tvos-arm64;tvossimulator-arm64;tvossimulator-x64;maccatalyst-x64;maccatalyst-arm64;android-arm64;android-arm;android-x64;android-x86;freebsd-x64;freebsd-arm64;wasi-wasm;linux-riscv64;linux-musl-riscv64;linux-loongarch64;linux-musl-loongarch64
                           RuntimePackNamePatterns = Microsoft.NETCore.App.Runtime.Mono.**RID**
                           RuntimePackLabels = Mono
                           RuntimeFrameworkName = Microsoft.NETCore.App
                       Microsoft.NETCore.App
                           TargetFramework = net9.0
                           LatestRuntimeFrameworkVersion = 9.0.14
                           RuntimePackRuntimeIdentifiers = ios-arm64;iossimulator-arm64;iossimulator-x64;tvos-arm64;tvossimulator-arm64;tvossimulator-x64;maccatalyst-arm64;maccatalyst-x64;linux-bionic-arm64;linux-bionic-x64;osx-arm64;osx-x64;freebsd-arm64;freebsd-x64;linux-x64;linux-arm;linux-arm64;linux-loongarch64;linux-bionic-arm;linux-musl-x64;linux-musl-arm;linux-musl-arm64;linux-musl-loongarch64;win-x64;win-x86;win-arm64;browser-wasm;wasi-wasm
                           RuntimePackNamePatterns = Microsoft.NETCore.App.Runtime.NativeAOT.**RID**
                           RuntimePackLabels = NativeAOT
                           RuntimeFrameworkName = Microsoft.NETCore.App
                       Microsoft.NETCore.App
                           TargetFramework = net9.0
                           LatestRuntimeFrameworkVersion = 9.0.14
                           RuntimePackRuntimeIdentifiers = linux-arm;linux-arm64;linux-musl-arm64;linux-musl-x64;linux-x64;osx-x64;win-arm64;win-x64;win-x86;linux-musl-arm;osx-arm64;linux-s390x;linux-loongarch64;browser-wasm;ios-arm64;ios-arm;iossimulator-arm64;iossimulator-x64;iossimulator-x86;tvos-arm64;tvossimulator-arm64;tvossimulator-x64;maccatalyst-x64;maccatalyst-arm64;android-arm64;android-arm;android-x64;android-x86;freebsd-x64;freebsd-arm64;wasi-wasm;linux-riscv64;linux-musl-riscv64;linux-loongarch64;linux-musl-loongarch64
                           RuntimePackNamePatterns = Microsoft.NETCore.App.Runtime.Mono.**RID**
                           RuntimePackLabels = Mono
                           RuntimeFrameworkName = Microsoft.NETCore.App
                       Microsoft.NETCore.App
                           TargetFramework = net8.0
                           LatestRuntimeFrameworkVersion = 8.0.25
                           RuntimePackRuntimeIdentifiers = ios-arm64;iossimulator-arm64;iossimulator-x64;tvos-arm64;tvossimulator-arm64;tvossimulator-x64;maccatalyst-arm64;maccatalyst-x64;linux-bionic-arm64;linux-bionic-x64;osx-arm64;osx-x64;freebsd-arm64;freebsd-x64
                           RuntimePackNamePatterns = Microsoft.NETCore.App.Runtime.NativeAOT.**RID**
                           RuntimePackLabels = NativeAOT
                           RuntimeFrameworkName = Microsoft.NETCore.App
                       Microsoft.NETCore.App
                           TargetFramework = net8.0
                           LatestRuntimeFrameworkVersion = 8.0.25
                           RuntimePackRuntimeIdentifiers = linux-arm;linux-arm64;linux-musl-arm64;linux-musl-x64;linux-x64;osx-x64;win-arm64;win-x64;win-x86;linux-musl-arm;osx-arm64;linux-s390x;linux-loongarch64;browser-wasm;ios-arm64;ios-arm;iossimulator-arm64;iossimulator-x64;iossimulator-x86;tvos-arm64;tvossimulator-arm64;tvossimulator-x64;maccatalyst-x64;maccatalyst-arm64;android-arm64;android-arm;android-x64;android-x86;freebsd-x64;freebsd-arm64;wasi-wasm
                           RuntimePackNamePatterns = Microsoft.NETCore.App.Runtime.Mono.**RID**
                           RuntimePackLabels = Mono
                           RuntimeFrameworkName = Microsoft.NETCore.App
                       Microsoft.NETCore.App
                           TargetFramework = net7.0
                           LatestRuntimeFrameworkVersion = 7.0.20
                           RuntimePackRuntimeIdentifiers = linux-arm;linux-arm64;linux-musl-arm64;linux-musl-x64;linux-x64;osx-x64;win-arm;win-arm64;win-x64;win-x86;linux-musl-arm;osx-arm64;linux-s390x;linux-loongarch64;browser-wasm;ios-arm64;ios-arm;iossimulator-arm64;iossimulator-x64;iossimulator-x86;tvos-arm64;tvossimulator-arm64;tvossimulator-x64;maccatalyst-x64;maccatalyst-arm64;android-arm64;android-arm;android-x64;android-x86
                           RuntimePackNamePatterns = Microsoft.NETCore.App.Runtime.Mono.**RID**
                           RuntimePackLabels = Mono
                           RuntimeFrameworkName = Microsoft.NETCore.App
                       Microsoft.NETCore.App
                           TargetFramework = net6.0
                           LatestRuntimeFrameworkVersion = 6.0.36
                           RuntimePackRuntimeIdentifiers = linux-arm;linux-arm64;linux-musl-arm64;linux-musl-x64;linux-x64;osx-x64;win-arm;win-arm64;win-x64;win-x86;linux-musl-arm;osx-arm64;linux-s390x;linux-loongarch64;browser-wasm;ios-arm64;ios-arm;iossimulator-arm64;iossimulator-x64;iossimulator-x86;tvos-arm64;tvossimulator-arm64;tvossimulator-x64;maccatalyst-x64;maccatalyst-arm64;android-arm64;android-arm;android-x64;android-x86
                           RuntimePackNamePatterns = Microsoft.NETCore.App.Runtime.Mono.**RID**
                           RuntimePackLabels = Mono
                           RuntimeFrameworkName = Microsoft.NETCore.App
                   KnownWebAssemblySdkPack
                       Microsoft.NET.Sdk.WebAssembly.Pack
                           TargetFramework = net10.0
                           WebAssemblySdkPackVersion = 10.0.6
                       Microsoft.NET.Sdk.WebAssembly.Pack
                           TargetFramework = net9.0
                           WebAssemblySdkPackVersion = 10.0.6
                       Microsoft.NET.Sdk.WebAssembly.Pack
                           TargetFramework = net8.0
                           WebAssemblySdkPackVersion = 10.0.6
                       Microsoft.NET.Sdk.WebAssembly.Pack
                           TargetFramework = net7.0
                           WebAssemblySdkPackVersion = 10.0.6
                       Microsoft.NET.Sdk.WebAssembly.Pack
                           TargetFramework = net6.0
                           WebAssemblySdkPackVersion = 10.0.6
                   PackageConflictOverrides
                       NETStandard.Library
                           OverriddenPackages = 
                           Microsoft.Win32.Primitives|4.3.0;
                           System.AppContext|4.3.0;
                           System.Collections|4.3.0;
                           System.Collections.Concurrent|4.3.0;
                           System.Collections.Immutable|1.4.0;
                           System.Collections.NonGeneric|4.3.0;
                           System.Collections.Specialized|4.3.0;
                           System.ComponentModel|4.3.0;
                           System.ComponentModel.EventBasedAsync|4.3.0;
                           System.ComponentModel.Primitives|4.3.0;
                           System.ComponentModel.TypeConverter|4.3.0;
                           System.Console|4.3.0;
                           System.Data.Common|4.3.0;
                           System.Diagnostics.Contracts|4.3.0;
                           System.Diagnostics.Debug|4.3.0;
                           System.Diagnostics.FileVersionInfo|4.3.0;
                           System.Diagnostics.Process|4.3.0;
                           System.Diagnostics.StackTrace|4.3.0;
                           System.Diagnostics.TextWriterTraceListener|4.3.0;
                           System.Diagnostics.Tools|4.3.0;
                           System.Diagnostics.TraceSource|4.3.0;
                           System.Diagnostics.Tracing|4.3.0;
                           System.Dynamic.Runtime|4.3.0;
                           System.Globalization|4.3.0;
                           System.Globalization.Calendars|4.3.0;
                           System.Globalization.Extensions|4.3.0;
                           System.IO|4.3.0;
                           System.IO.Compression|4.3.0;
                           System.IO.Compression.ZipFile|4.3.0;
                           System.IO.FileSystem|4.3.0;
                           System.IO.FileSystem.DriveInfo|4.3.0;
                           System.IO.FileSystem.Primitives|4.3.0;
                           System.IO.FileSystem.Watcher|4.3.0;
                           System.IO.IsolatedStorage|4.3.0;
                           System.IO.MemoryMappedFiles|4.3.0;
                           System.IO.Pipes|4.3.0;
                           System.IO.UnmanagedMemoryStream|4.3.0;
                           System.Linq|4.3.0;
                           System.Linq.Expressions|4.3.0;
                           System.Linq.Queryable|4.3.0;
                           System.Net.Http|4.3.0;
                           System.Net.NameResolution|4.3.0;
                           System.Net.Primitives|4.3.0;
                           System.Net.Requests|4.3.0;
                           System.Net.Security|4.3.0;
                           System.Net.Sockets|4.3.0;
                           System.Net.WebHeaderCollection|4.3.0;
                           System.ObjectModel|4.3.0;
                           System.Private.DataContractSerialization|4.3.0;
                           System.Reflection|4.3.0;
                           System.Reflection.Emit|4.3.0;
                           System.Reflection.Emit.ILGeneration|4.3.0;
                           System.Reflection.Emit.Lightweight|4.3.0;
                           System.Reflection.Extensions|4.3.0;
                           System.Reflection.Primitives|4.3.0;
                           System.Reflection.TypeExtensions|4.3.0;
                           System.Resources.ResourceManager|4.3.0;
                           System.Runtime|4.3.0;
                           System.Runtime.Extensions|4.3.0;
                           System.Runtime.Handles|4.3.0;
                           System.Runtime.InteropServices|4.3.0;
                           System.Runtime.InteropServices.RuntimeInformation|4.3.0;
                           System.Runtime.Loader|4.3.0;
                           System.Runtime.Numerics|4.3.0;
                           System.Runtime.Serialization.Formatters|4.3.0;
                           System.Runtime.Serialization.Json|4.3.0;
                           System.Runtime.Serialization.Primitives|4.3.0;
                           System.Security.AccessControl|4.4.0;
                           System.Security.Claims|4.3.0;
                           System.Security.Cryptography.Algorithms|4.3.0;
                           System.Security.Cryptography.Csp|4.3.0;
                           System.Security.Cryptography.Encoding|4.3.0;
                           System.Security.Cryptography.Primitives|4.3.0;
                           System.Security.Cryptography.X509Certificates|4.3.0;
                           System.Security.Cryptography.Xml|4.4.0;
                           System.Security.Principal|4.3.0;
                           System.Security.Principal.Windows|4.4.0;
                           System.Text.Encoding|4.3.0;
                           System.Text.Encoding.Extensions|4.3.0;
                           System.Text.RegularExpressions|4.3.0;
                           System.Threading|4.3.0;
                           System.Threading.Overlapped|4.3.0;
                           System.Threading.Tasks|4.3.0;
                           System.Threading.Tasks.Extensions|4.3.0;
                           System.Threading.Tasks.Parallel|4.3.0;
                           System.Threading.Thread|4.3.0;
                           System.Threading.ThreadPool|4.3.0;
                           System.Threading.Timer|4.3.0;
                           System.ValueTuple|4.3.0;
                           System.Xml.ReaderWriter|4.3.0;
                           System.Xml.XDocument|4.3.0;
                           System.Xml.XmlDocument|4.3.0;
                           System.Xml.XmlSerializer|4.3.0;
                           System.Xml.XPath|4.3.0;
                           System.Xml.XPath.XDocument|4.3.0;
                         
                   PotentialEditorConfigFiles
                       C:\.editorconfig
                       C:\Users\.editorconfig
                       C:\Users\Lenovo\.editorconfig
                       C:\Users\Lenovo\Documents\.editorconfig
                       C:\Users\Lenovo\Documents\Génie Logiciel\.editorconfig
                       C:\Users\Lenovo\Documents\Génie Logiciel\EasySave-Groupe1\.editorconfig
                       C:\Users\Lenovo\Documents\Génie Logiciel\EasySave-Groupe1\EasySave.Console\.editorconfig
                   PreprocessorValue
                       assemblyname
                           Value = EasySave.Console
                       filename
                           Value = EasySave.Console.csproj
                       fullpath
                           Value = C:\Users\Lenovo\Documents\Génie Logiciel\EasySave-Groupe1\EasySave.Console
                       outputfilename
                           Value = EasySave.Console.dll
                       rootnamespace
                           Value = EasySave.Console
                   ProjectCapability
                       AllTargetOutputGroups
                       AssemblyReferences
                       COMReferences
                       CrossPlatformExecutable
                       CSharp
                       DeclaredSourceItems
                       GenerateDocumentationFile
                       LanguageService
                       Managed
                       NativeAOT
                       NetSdkOCIImageBuild
                       OutputGroups
                       Pack
                       ProjectReferences
                       ReferencesFolder
                       RelativePathDerivedDefaultNamespace
                       SharedProjectReferences
                       SingleFileGenerators
                       SupportsComputeRunCommand
                       SupportsHotReload
                       UserSourceItems
                       VisualStudioWellKnownOutputGroups
                   ProjectReference
                       ..\EasySave\EasySave.csproj
                           ReferenceSourceTarget = ProjectReference
                           OutputItemType = 
                           Targets = 
                   PropertyPageSchema
                       C:\Program Files\dotnet\sdk\10.0.300-preview.0.26177.108\\assemblyreference.xaml
                           Context = ;BrowseObject
                       C:\Program Files\dotnet\sdk\10.0.300-preview.0.26177.108\\COMReference.xaml
                           Context = ;BrowseObject
                       C:\Program Files\dotnet\sdk\10.0.300-preview.0.26177.108\\Content.xaml
                           Context = File;BrowseObject
                       C:\Program Files\dotnet\sdk\10.0.300-preview.0.26177.108\\CSharp.BrowseObject.xaml
                           Context = BrowseObject
                       C:\Program Files\dotnet\sdk\10.0.300-preview.0.26177.108\\CSharp.ProjectItemsSchema.xaml
                       C:\Program Files\dotnet\sdk\10.0.300-preview.0.26177.108\\CSharp.xaml
                           Context = File
                       C:\Program Files\dotnet\sdk\10.0.300-preview.0.26177.108\\Debugger_General.xaml
                           Context = Project
                       C:\Program Files\dotnet\sdk\10.0.300-preview.0.26177.108\\EmbeddedResource.xaml
                           Context = File;BrowseObject
                       C:\Program Files\dotnet\sdk\10.0.300-preview.0.26177.108\\Folder.xaml
                           Context = File;BrowseObject
                       C:\Program Files\dotnet\sdk\10.0.300-preview.0.26177.108\\General_File.xaml
                           Context = File
                       C:\Program Files\dotnet\sdk\10.0.300-preview.0.26177.108\\General.BrowseObject.xaml
                           Context = BrowseObject
                       C:\Program Files\dotnet\sdk\10.0.300-preview.0.26177.108\\General.xaml
                           Context = Project
                       C:\Program Files\dotnet\sdk\10.0.300-preview.0.26177.108\\None.xaml
                           Context = File;BrowseObject
                       C:\Program Files\dotnet\sdk\10.0.300-preview.0.26177.108\\ProjectItemsSchema.xaml
                       C:\Program Files\dotnet\sdk\10.0.300-preview.0.26177.108\\ProjectReference.xaml
                           Context = ;BrowseObject
                       C:\Program Files\dotnet\sdk\10.0.300-preview.0.26177.108\\ResolvedAssemblyReference.xaml
                           Context = ProjectSubscriptionService;BrowseObject
                       C:\Program Files\dotnet\sdk\10.0.300-preview.0.26177.108\\ResolvedCOMReference.xaml
                           Context = ProjectSubscriptionService;BrowseObject
                       C:\Program Files\dotnet\sdk\10.0.300-preview.0.26177.108\\ResolvedProjectReference.xaml
                           Context = ProjectSubscriptionService;BrowseObject
                       C:\Program Files\dotnet\sdk\10.0.300-preview.0.26177.108\\SCC.xaml
                           Context = Invisible
                       C:\Program Files\dotnet\sdk\10.0.300-preview.0.26177.108\\SpecialFolder.xaml
                           Context = File;ProjectSubscriptionService
                   RegFreeComManifest
                       obj\Debug\net8.0\EasySave.Console.X.manifest
                   RuntimeHostConfigurationOption
                       System.Runtime.Serialization.EnableUnsafeBinaryFormatterSerialization
                           Value = false
                           Trim = true
                   SdkSupportedTargetPlatformIdentifier
                       ios
                           DisplayName = iOS
                       maccatalyst
                           DisplayName = MacCatalyst
                       macos
                           DisplayName = macOS
                       tvos
                           DisplayName = tvOS
                       windows
                           DisplayName = Windows
                   SourceLinkAzureReposGitHost
                       dev.azure.com
                       visualstudio.com
                       vsts.me
                   SourceLinkBitbucketGitHost
                       bitbucket.org
                           EnterpriseEdition = false
                   SourceLinkGitHubHost
                       github.com
                           ContentUrl = https://raw.githubusercontent.com
                   SourceLinkGitLabHost
                       gitlab.com
                   SourceRoot
                       C:\Program Files (x86)\Microsoft Visual Studio\Shared\NuGetPackages\
                       C:\Users\Lenovo\.nuget\packages\
                   SupportedNETCoreAppTargetFramework
                       .NETCoreApp,Version=v1.0
                           DisplayName = .NET Core 1.0
                           Alias = netcoreapp1.0
                       .NETCoreApp,Version=v1.1
                           DisplayName = .NET Core 1.1
                           Alias = netcoreapp1.1
                       .NETCoreApp,Version=v10.0
                           DisplayName = .NET 10.0
                           Alias = net10.0
                       .NETCoreApp,Version=v2.0
                           DisplayName = .NET Core 2.0
                           Alias = netcoreapp2.0
                       .NETCoreApp,Version=v2.1
                           DisplayName = .NET Core 2.1
                           Alias = netcoreapp2.1
                       .NETCoreApp,Version=v2.2
                           DisplayName = .NET Core 2.2
                           Alias = netcoreapp2.2
                       .NETCoreApp,Version=v3.0
                           DisplayName = .NET Core 3.0
                           Alias = netcoreapp3.0
                       .NETCoreApp,Version=v3.1
                           DisplayName = .NET Core 3.1
                           Alias = netcoreapp3.1
                       .NETCoreApp,Version=v5.0
                           DisplayName = .NET 5.0
                           Alias = net5.0
                       .NETCoreApp,Version=v6.0
                           DisplayName = .NET 6.0
                           Alias = net6.0
                       .NETCoreApp,Version=v7.0
                           DisplayName = .NET 7.0
                           Alias = net7.0
                       .NETCoreApp,Version=v8.0
                           DisplayName = .NET 8.0
                           Alias = net8.0
                       .NETCoreApp,Version=v9.0
                           DisplayName = .NET 9.0
                           Alias = net9.0
                   SupportedNETFrameworkTargetFramework
                       .NETFramework,Version=v2.0
                           DisplayName = .NET Framework 2.0
                           Alias = net20
                       .NETFramework,Version=v3.0
                           DisplayName = .NET Framework 3.0
                           Alias = net30
                       .NETFramework,Version=v3.5
                           DisplayName = .NET Framework 3.5
                           Alias = net35
                       .NETFramework,Version=v4.0
                           DisplayName = .NET Framework 4.0
                           Alias = net40
                       .NETFramework,Version=v4.5
                           DisplayName = .NET Framework 4.5
                           Alias = net45
                       .NETFramework,Version=v4.5.1
                           DisplayName = .NET Framework 4.5.1
                           Alias = net451
                       .NETFramework,Version=v4.5.2
                           DisplayName = .NET Framework 4.5.2
                           Alias = net452
                       .NETFramework,Version=v4.6
                           DisplayName = .NET Framework 4.6
                           Alias = net46
                       .NETFramework,Version=v4.6.1
                           DisplayName = .NET Framework 4.6.1
                           Alias = net461
                       .NETFramework,Version=v4.6.2
                           DisplayName = .NET Framework 4.6.2
                           Alias = net462
                       .NETFramework,Version=v4.7
                           DisplayName = .NET Framework 4.7
                           Alias = net47
                       .NETFramework,Version=v4.7.1
                           DisplayName = .NET Framework 4.7.1
                           Alias = net471
                       .NETFramework,Version=v4.7.2
                           DisplayName = .NET Framework 4.7.2
                           Alias = net472
                       .NETFramework,Version=v4.8
                           DisplayName = .NET Framework 4.8
                           Alias = net48
                       .NETFramework,Version=v4.8.1
                           DisplayName = .NET Framework 4.8.1
                           Alias = net481
                   SupportedNETStandardTargetFramework
                       .NETStandard,Version=v1.0
                           DisplayName = .NET Standard 1.0
                           Alias = netstandard1.0
                       .NETStandard,Version=v1.1
                           DisplayName = .NET Standard 1.1
                           Alias = netstandard1.1
                       .NETStandard,Version=v1.2
                           DisplayName = .NET Standard 1.2
                           Alias = netstandard1.2
                       .NETStandard,Version=v1.3
                           DisplayName = .NET Standard 1.3
                           Alias = netstandard1.3
                       .NETStandard,Version=v1.4
                           DisplayName = .NET Standard 1.4
                           Alias = netstandard1.4
                       .NETStandard,Version=v1.5
                           DisplayName = .NET Standard 1.5
                           Alias = netstandard1.5
                       .NETStandard,Version=v1.6
                           DisplayName = .NET Standard 1.6
                           Alias = netstandard1.6
                       .NETStandard,Version=v2.0
                           DisplayName = .NET Standard 2.0
                           Alias = netstandard2.0
                       .NETStandard,Version=v2.1
                           DisplayName = .NET Standard 2.1
                           Alias = netstandard2.1
                   SupportedPlatform
                       Linux
                       macOS
                       Windows
                   SupportedTargetFramework
                       .NETCoreApp,Version=v1.0
                           DisplayName = .NET Core 1.0
                           Alias = netcoreapp1.0
                       .NETCoreApp,Version=v1.1
                           DisplayName = .NET Core 1.1
                           Alias = netcoreapp1.1
                       .NETCoreApp,Version=v10.0
                           DisplayName = .NET 10.0
                           Alias = net10.0
                       .NETCoreApp,Version=v2.0
                           DisplayName = .NET Core 2.0
                           Alias = netcoreapp2.0
                       .NETCoreApp,Version=v2.1
                           DisplayName = .NET Core 2.1
                           Alias = netcoreapp2.1
                       .NETCoreApp,Version=v2.2
                           DisplayName = .NET Core 2.2
                           Alias = netcoreapp2.2
                       .NETCoreApp,Version=v3.0
                           DisplayName = .NET Core 3.0
                           Alias = netcoreapp3.0
                       .NETCoreApp,Version=v3.1
                           DisplayName = .NET Core 3.1
                           Alias = netcoreapp3.1
                       .NETCoreApp,Version=v5.0
                           DisplayName = .NET 5.0
                           Alias = net5.0
                       .NETCoreApp,Version=v6.0
                           DisplayName = .NET 6.0
                           Alias = net6.0
                       .NETCoreApp,Version=v7.0
                           DisplayName = .NET 7.0
                           Alias = net7.0
                       .NETCoreApp,Version=v8.0
                           DisplayName = .NET 8.0
                           Alias = net8.0
                       .NETCoreApp,Version=v9.0
                           DisplayName = .NET 9.0
                           Alias = net9.0
                       .NETFramework,Version=v2.0
                           DisplayName = .NET Framework 2.0
                           Alias = net20
                       .NETFramework,Version=v3.0
                           DisplayName = .NET Framework 3.0
                           Alias = net30
                       .NETFramework,Version=v3.5
                           DisplayName = .NET Framework 3.5
                           Alias = net35
                       .NETFramework,Version=v4.0
                           DisplayName = .NET Framework 4.0
                           Alias = net40
                       .NETFramework,Version=v4.5
                           DisplayName = .NET Framework 4.5
                           Alias = net45
                       .NETFramework,Version=v4.5.1
                           DisplayName = .NET Framework 4.5.1
                           Alias = net451
                       .NETFramework,Version=v4.5.2
                           DisplayName = .NET Framework 4.5.2
                           Alias = net452
                       .NETFramework,Version=v4.6
                           DisplayName = .NET Framework 4.6
                           Alias = net46
                       .NETFramework,Version=v4.6.1
                           DisplayName = .NET Framework 4.6.1
                           Alias = net461
                       .NETFramework,Version=v4.6.2
                           DisplayName = .NET Framework 4.6.2
                           Alias = net462
                       .NETFramework,Version=v4.7
                           DisplayName = .NET Framework 4.7
                           Alias = net47
                       .NETFramework,Version=v4.7.1
                           DisplayName = .NET Framework 4.7.1
                           Alias = net471
                       .NETFramework,Version=v4.7.2
                           DisplayName = .NET Framework 4.7.2
                           Alias = net472
                       .NETFramework,Version=v4.8
                           DisplayName = .NET Framework 4.8
                           Alias = net48
                       .NETFramework,Version=v4.8.1
                           DisplayName = .NET Framework 4.8.1
                           Alias = net481
                       .NETStandard,Version=v1.0
                           DisplayName = .NET Standard 1.0
                           Alias = netstandard1.0
                       .NETStandard,Version=v1.1
                           DisplayName = .NET Standard 1.1
                           Alias = netstandard1.1
                       .NETStandard,Version=v1.2
                           DisplayName = .NET Standard 1.2
                           Alias = netstandard1.2
                       .NETStandard,Version=v1.3
                           DisplayName = .NET Standard 1.3
                           Alias = netstandard1.3
                       .NETStandard,Version=v1.4
                           DisplayName = .NET Standard 1.4
                           Alias = netstandard1.4
                       .NETStandard,Version=v1.5
                           DisplayName = .NET Standard 1.5
                           Alias = netstandard1.5
                       .NETStandard,Version=v1.6
                           DisplayName = .NET Standard 1.6
                           Alias = netstandard1.6
                       .NETStandard,Version=v2.0
                           DisplayName = .NET Standard 2.0
                           Alias = netstandard2.0
                       .NETStandard,Version=v2.1
                           DisplayName = .NET Standard 2.1
                           Alias = netstandard2.1
                   Using
                       System
                       System.Collections.Generic
                       System.IO
                       System.Linq
                       System.Net.Http
                       System.Threading
                       System.Threading.Tasks
                   WindowsSdkSupportedTargetPlatformVersion
                       10.0.17763.0
                           WindowsSdkPackageVersion = 10.0.17763.57
                           MinimumNETVersion = 8.0
                       10.0.17763.0
                           WindowsSdkPackageVersion = 10.0.17763.55
                           MinimumNETVersion = 6.0
                       10.0.17763.0
                           WindowsSdkPackageVersion = 10.0.17763.26
                           MinimumNETVersion = 5.0
                       10.0.17763.1
                           WindowsSdkPackageVersion = 10.0.17763.57
                           MinimumNETVersion = 10.0
                       10.0.18362.0
                           WindowsSdkPackageVersion = 10.0.18362.55
                           MinimumNETVersion = 6.0
                       10.0.18362.0
                           WindowsSdkPackageVersion = 10.0.18362.57
                           MinimumNETVersion = 8.0
                       10.0.18362.0
                           WindowsSdkPackageVersion = 10.0.18362.26
                           MinimumNETVersion = 5.0
                       10.0.18362.1
                           WindowsSdkPackageVersion = 10.0.18362.57
                           MinimumNETVersion = 10.0
                       10.0.19041.0
                           WindowsSdkPackageVersion = 10.0.19041.55
                           MinimumNETVersion = 6.0
                       10.0.19041.0
                           WindowsSdkPackageVersion = 10.0.19041.26
                           MinimumNETVersion = 5.0
                       10.0.19041.0
                           WindowsSdkPackageVersion = 10.0.19041.57
                           MinimumNETVersion = 8.0
                       10.0.19041.1
                           WindowsSdkPackageVersion = 10.0.19041.57
                           MinimumNETVersion = 10.0
                       10.0.20348.0
                           WindowsSdkPackageVersion = 10.0.20348.55
                           MinimumNETVersion = 6.0
                       10.0.20348.0
                           WindowsSdkPackageVersion = 10.0.20348.26
                           MinimumNETVersion = 5.0
                       10.0.20348.0
                           WindowsSdkPackageVersion = 10.0.20348.57
                           MinimumNETVersion = 8.0
                       10.0.20348.1
                           WindowsSdkPackageVersion = 10.0.20348.57
                           MinimumNETVersion = 10.0
                       10.0.22000.0
                           WindowsSdkPackageVersion = 10.0.22000.57
                           MinimumNETVersion = 8.0
                       10.0.22000.0
                           WindowsSdkPackageVersion = 10.0.22000.55
                           MinimumNETVersion = 6.0
                       10.0.22000.0
                           WindowsSdkPackageVersion = 10.0.22000.26
                           MinimumNETVersion = 5.0
                       10.0.22000.1
                           WindowsSdkPackageVersion = 10.0.22000.57
                           MinimumNETVersion = 10.0
                       10.0.22621.0
                           WindowsSdkPackageVersion = 10.0.22621.57
                           MinimumNETVersion = 8.0
                       10.0.22621.0
                           WindowsSdkPackageVersion = 10.0.22621.55
                           MinimumNETVersion = 6.0
                       10.0.22621.1
                           WindowsSdkPackageVersion = 10.0.22621.57
                           MinimumNETVersion = 10.0
                       10.0.26100.0
                           WindowsSdkPackageVersion = 10.0.26100.55
                           MinimumNETVersion = 6.0
                       10.0.26100.0
                           WindowsSdkPackageVersion = 10.0.26100.57
                           MinimumNETVersion = 8.0
                       10.0.26100.1
                           WindowsSdkPackageVersion = 10.0.26100.57
                           MinimumNETVersion = 10.0
                       7.0
                       8.0

16:28:51.491     1>Projet "C:\Users\Lenovo\Documents\Génie Logiciel\EasySave-Groupe1\EasySave.Console\EasySave.Console.csproj" sur le nœud 1 (Compile cible(s)).
16:28:51.500     1>Cible "BeforeResolveReferences : (IdCible:2)" dans le fichier "C:\Program Files\dotnet\sdk\10.0.300-preview.0.26177.108\Microsoft.Common.CurrentVersion.targets" du projet "C:\Users\Lenovo\Documents\Génie Logiciel\EasySave-Groupe1\EasySave.Console\EasySave.Console.csproj" (la cible "ResolveReferences" en dépend) :
16:28:51.525     1>Génération de la cible "BeforeResolveReferences" terminée dans le projet "EasySave.Console.csproj". : (IdCible:2)
16:28:51.526     1>Cible "IgnoreJavaScriptOutputAssembly : (IdCible:3)" dans le fichier "C:\Program Files\dotnet\sdk\10.0.300-preview.0.26177.108\Microsoft.Common.CurrentVersion.targets" du projet "C:\Users\Lenovo\Documents\Génie Logiciel\EasySave-Groupe1\EasySave.Console\EasySave.Console.csproj" (la cible "AssignProjectConfiguration" en dépend) :
16:28:51.536     1>Génération de la cible "IgnoreJavaScriptOutputAssembly" terminée dans le projet "EasySave.Console.csproj". : (IdCible:3)
16:28:51.539     1>Cible "_CheckForLanguageAndFeatureCombinationSupport : (IdCible:4)" dans le fichier "C:\Program Files\dotnet\sdk\10.0.300-preview.0.26177.108\Sdks\Microsoft.NET.Sdk\targets\Microsoft.NET.RuntimeIdentifierInference.targets" du projet "C:\Users\Lenovo\Documents\Génie Logiciel\EasySave-Groupe1\EasySave.Console\EasySave.Console.csproj" (la cible "ProcessFrameworkReferences" en dépend) :
16:28:51.547     1>Génération de la cible "_CheckForLanguageAndFeatureCombinationSupport" terminée dans le projet "EasySave.Console.csproj". : (IdCible:4)
16:28:51.547     1>Cible "_ComputeToolPackInputsToProcessFrameworkReferences : (IdCible:5)" dans le fichier "C:\Program Files\dotnet\sdk\10.0.300-preview.0.26177.108\Sdks\Microsoft.NET.Sdk\targets\Microsoft.NET.Publish.targets" du projet "C:\Users\Lenovo\Documents\Génie Logiciel\EasySave-Groupe1\EasySave.Console\EasySave.Console.csproj" (la cible "ProcessFrameworkReferences" en dépend) :
                   Propriété définie : _RequiresILLinkPack=false
                   Propriété définie : _MinNonEolTargetFrameworkForTrimming=net8.0
                   Propriété définie : _MinNonEolTargetFrameworkForSingleFile=net8.0
                   Propriété définie : _MinNonEolTargetFrameworkForAot=net8.0
16:28:51.558     1>Génération de la cible "_ComputeToolPackInputsToProcessFrameworkReferences" terminée dans le projet "EasySave.Console.csproj". : (IdCible:5)
16:28:51.558     1>Cible "ProcessFrameworkReferences : (IdCible:6)" dans le fichier "C:\Program Files\dotnet\sdk\10.0.300-preview.0.26177.108\Sdks\Microsoft.NET.Sdk\targets\Microsoft.NET.Sdk.FrameworkReferenceResolution.targets" du projet "C:\Users\Lenovo\Documents\Génie Logiciel\EasySave-Groupe1\EasySave.Console\EasySave.Console.csproj" (la cible "ResolvePackageAssets" en dépend) :
                   Utilisation de la tâche "CheckForDuplicateFrameworkReferences" à partir de l'assembly "C:\Program Files\dotnet\sdk\10.0.300-preview.0.26177.108\Sdks\Microsoft.NET.Sdk\targets\..\tools\net10.0\Microsoft.NET.Build.Tasks.dll".
                   Tâche "CheckForDuplicateFrameworkReferences" (IDTâche:2)
                     Paramètre de tâche :
                         FrameworkReferences=
                             Microsoft.NETCore.App
                                     IsImplicitlyDefined=true
                                     Pack=false
                                     PrivateAssets=All (IDTâche:2)
                     Paramètre de tâche :MoreInformationLink=https://aka.ms/sdkimplicitrefs (IDTâche:2)
                   Exécution de la tâche "CheckForDuplicateFrameworkReferences" terminée. (IDTâche:2)
                   Propriété définie : EnableTargetingPackDownload=true
                   Propriété définie : EnableRuntimePackDownload=true
                   Propriété définie : RequiresAspNetWebAssets=false
                   Utilisation de la tâche "ProcessFrameworkReferences" à partir de l'assembly "C:\Program Files\dotnet\sdk\10.0.300-preview.0.26177.108\Sdks\Microsoft.NET.Sdk\targets\..\tools\net10.0\Microsoft.NET.Build.Tasks.dll".
                   Tâche "ProcessFrameworkReferences" (IDTâche:3)
                     Paramètre de tâche :
                         KnownAspNetCorePacks=
                             Microsoft.AspNetCore.App.Internal.Assets
                                     AspNetCorePackVersion=10.0.5
                                     TargetFramework=net10.0 (IDTâche:3)
                     Paramètre de tâche :
                         KnownCrossgen2Packs=
                             Microsoft.NETCore.App.Crossgen2
                                     Crossgen2PackNamePattern=Microsoft.NETCore.App.Crossgen2.**RID**
                                     Crossgen2PackVersion=10.0.5
                                     Crossgen2PortableRuntimeIdentifiers=linux-musl-x64;linux-x64;win-x64;linux-arm;linux-arm64;linux-musl-arm;linux-musl-arm64;osx-arm64;osx-x64;win-arm64;win-x86;freebsd-x64;freebsd-arm64;linux-riscv64;linux-musl-riscv64;linux-loongarch64;linux-musl-loongarch64
                                     Crossgen2RuntimeIdentifiers=linux-musl-x64;linux-x64;win-x64;linux-arm;linux-arm64;linux-musl-arm;linux-musl-arm64;osx-arm64;osx-x64;win-arm64;win-x86;freebsd-x64;freebsd-arm64;linux-riscv64;linux-musl-riscv64;linux-loongarch64;linux-musl-loongarch64
                                     TargetFramework=net10.0
                             Microsoft.NETCore.App.Crossgen2
                                     Crossgen2PackNamePattern=Microsoft.NETCore.App.Crossgen2.**RID**
                                     Crossgen2PackVersion=9.0.14
                                     Crossgen2RuntimeIdentifiers=linux-musl-x64;linux-x64;win-x64;linux-arm;linux-arm64;linux-musl-arm;linux-musl-arm64;osx-arm64;osx-x64;win-arm64;win-x86;freebsd-x64;freebsd-arm64;linux-riscv64;linux-musl-riscv64;linux-loongarch64;linux-musl-loongarch64
                                     TargetFramework=net9.0
                             Microsoft.NETCore.App.Crossgen2
                                     Crossgen2PackNamePattern=Microsoft.NETCore.App.Crossgen2.**RID**
                                     Crossgen2PackVersion=8.0.25
                                     Crossgen2RuntimeIdentifiers=linux-musl-x64;linux-x64;win-x64;linux-arm;linux-arm64;linux-musl-arm;linux-musl-arm64;osx-arm64;osx-x64;win-arm64;win-x86;freebsd-x64;freebsd-arm64
                                     TargetFramework=net8.0
                             Microsoft.NETCore.App.Crossgen2
                                     Crossgen2PackNamePattern=Microsoft.NETCore.App.Crossgen2.**RID**
                                     Crossgen2PackVersion=7.0.20
                                     Crossgen2RuntimeIdentifiers=linux-musl-x64;linux-x64;win-x64;linux-arm;linux-arm64;linux-musl-arm;linux-musl-arm64;osx-arm64;osx-x64;win-arm;win-arm64;win-x86
                                     TargetFramework=net7.0
                             Microsoft.NETCore.App.Crossgen2
                                     Crossgen2PackNamePattern=Microsoft.NETCore.App.Crossgen2.**RID**
                                     Crossgen2PackVersion=6.0.36
                                     Crossgen2RuntimeIdentifiers=linux-musl-x64;linux-x64;win-x64;linux-arm;linux-arm64;linux-musl-arm;linux-musl-arm64;osx-arm64;osx-x64;win-arm;win-arm64;win-x86
                                     TargetFramework=net6.0
                             Microsoft.NETCore.App.Crossgen2
                                     Crossgen2PackNamePattern=Microsoft.NETCore.App.Crossgen2.**RID**
                                     Crossgen2PackVersion=5.0.17
                                     Crossgen2RuntimeIdentifiers=linux-musl-x64;linux-x64;win-x64
                                     TargetFramework=net5.0 (IDTâche:3)
                     Paramètre de tâche :FirstTargetFrameworkVersionToSupportTrimAnalyzer=6.0 (IDTâche:3)
                     Paramètre de tâche :
                         FrameworkReferences=
                             Microsoft.NETCore.App
                                     IsImplicitlyDefined=true
                                     Pack=false
                                     PrivateAssets=All (IDTâche:3)
                     Paramètre de tâche :
                         KnownILCompilerPacks=
                             Microsoft.DotNet.ILCompiler
                                     ILCompilerPackNamePattern=runtime.**RID**.Microsoft.DotNet.ILCompiler
                                     ILCompilerPackVersion=10.0.5
                                     ILCompilerPortableRuntimeIdentifiers=linux-arm64;linux-musl-arm64;linux-musl-x64;linux-x64;win-arm64;win-x64;osx-x64;osx-arm64;freebsd-x64;freebsd-arm64;linux-arm;linux-musl-arm;linux-loongarch64;linux-musl-loongarch64;win-x86;linux-riscv64;linux-musl-riscv64
                                     ILCompilerRuntimeIdentifiers=linux-arm64;linux-musl-arm64;linux-musl-x64;linux-x64;win-arm64;win-x64;osx-x64;osx-arm64;freebsd-x64;freebsd-arm64;linux-arm;linux-musl-arm;linux-loongarch64;linux-musl-loongarch64;win-x86;linux-riscv64;linux-musl-riscv64
                                     ILCompilerRuntimePackNamePattern=Microsoft.NETCore.App.Runtime.NativeAOT.**RID**
                                     TargetFramework=net10.0
                             Microsoft.DotNet.ILCompiler
                                     ILCompilerPackNamePattern=runtime.**RID**.Microsoft.DotNet.ILCompiler
                                     ILCompilerPackVersion=9.0.14
                                     ILCompilerRuntimeIdentifiers=linux-arm64;linux-musl-arm64;linux-musl-x64;linux-x64;win-arm64;win-x64;osx-x64;osx-arm64;freebsd-x64;freebsd-arm64;linux-arm;linux-musl-arm;linux-loongarch64;linux-musl-loongarch64;win-x86
                                     TargetFramework=net9.0
                             Microsoft.DotNet.ILCompiler
                                     ILCompilerPackNamePattern=runtime.**RID**.Microsoft.DotNet.ILCompiler
                                     ILCompilerPackVersion=8.0.25
                                     ILCompilerRuntimeIdentifiers=linux-arm64;linux-musl-arm64;linux-musl-x64;linux-x64;win-arm64;win-x64;osx-x64;osx-arm64;freebsd-x64;freebsd-arm64
                                     TargetFramework=net8.0
                             Microsoft.DotNet.ILCompiler
                                     ILCompilerPackNamePattern=runtime.**RID**.Microsoft.DotNet.ILCompiler
                                     ILCompilerPackVersion=7.0.20
                                     ILCompilerRuntimeIdentifiers=linux-arm64;linux-musl-arm64;linux-musl-x64;linux-x64;win-arm64;win-x64
                                     TargetFramework=net7.0 (IDTâche:3)
                     Paramètre de tâche :RuntimeGraphPath=C:\Program Files\dotnet\sdk\10.0.300-preview.0.26177.108/PortableRuntimeIdentifierGraph.json (IDTâche:3)
                     Paramètre de tâche :
                         KnownRuntimePacks=
                             Microsoft.NETCore.App
                                     LatestRuntimeFrameworkVersion=10.0.5
                                     RuntimeFrameworkName=Microsoft.NETCore.App
                                     RuntimePackLabels=NativeAOT
                                     RuntimePackNamePatterns=Microsoft.NETCore.App.Runtime.NativeAOT.**RID**
                                     RuntimePackRuntimeIdentifiers=ios-arm64;iossimulator-arm64;iossimulator-x64;tvos-arm64;tvossimulator-arm64;tvossimulator-x64;maccatalyst-arm64;maccatalyst-x64;linux-bionic-arm64;linux-bionic-x64;osx-arm64;osx-x64;freebsd-arm64;freebsd-x64;linux-x64;linux-arm;linux-arm64;linux-loongarch64;linux-bionic-arm;linux-musl-x64;linux-musl-arm;linux-musl-arm64;linux-musl-loongarch64;win-x64;win-x86;win-arm64;browser-wasm;wasi-wasm;linux-riscv64;linux-musl-riscv64;android-arm64;android-x64
                                     TargetFramework=net10.0
                             Microsoft.NETCore.App
                                     LatestRuntimeFrameworkVersion=10.0.5
                                     RuntimeFrameworkName=Microsoft.NETCore.App
                                     RuntimePackLabels=Mono
                                     RuntimePackNamePatterns=Microsoft.NETCore.App.Runtime.Mono.**RID**
                                     RuntimePackRuntimeIdentifiers=linux-arm;linux-arm64;linux-musl-arm64;linux-musl-x64;linux-x64;osx-x64;win-arm64;win-x64;win-x86;linux-musl-arm;osx-arm64;linux-s390x;linux-loongarch64;browser-wasm;ios-arm64;ios-arm;iossimulator-arm64;iossimulator-x64;iossimulator-x86;tvos-arm64;tvossimulator-arm64;tvossimulator-x64;maccatalyst-x64;maccatalyst-arm64;android-arm64;android-arm;android-x64;android-x86;freebsd-x64;freebsd-arm64;wasi-wasm;linux-riscv64;linux-musl-riscv64;linux-loongarch64;linux-musl-loongarch64
                                     TargetFramework=net10.0
                             Microsoft.NETCore.App
                                     LatestRuntimeFrameworkVersion=9.0.14
                                     RuntimeFrameworkName=Microsoft.NETCore.App
                                     RuntimePackLabels=NativeAOT
                                     RuntimePackNamePatterns=Microsoft.NETCore.App.Runtime.NativeAOT.**RID**
                                     RuntimePackRuntimeIdentifiers=ios-arm64;iossimulator-arm64;iossimulator-x64;tvos-arm64;tvossimulator-arm64;tvossimulator-x64;maccatalyst-arm64;maccatalyst-x64;linux-bionic-arm64;linux-bionic-x64;osx-arm64;osx-x64;freebsd-arm64;freebsd-x64;linux-x64;linux-arm;linux-arm64;linux-loongarch64;linux-bionic-arm;linux-musl-x64;linux-musl-arm;linux-musl-arm64;linux-musl-loongarch64;win-x64;win-x86;win-arm64;browser-wasm;wasi-wasm
                                     TargetFramework=net9.0
                             Microsoft.NETCore.App
                                     LatestRuntimeFrameworkVersion=9.0.14
                                     RuntimeFrameworkName=Microsoft.NETCore.App
                                     RuntimePackLabels=Mono
                                     RuntimePackNamePatterns=Microsoft.NETCore.App.Runtime.Mono.**RID**
                                     RuntimePackRuntimeIdentifiers=linux-arm;linux-arm64;linux-musl-arm64;linux-musl-x64;linux-x64;osx-x64;win-arm64;win-x64;win-x86;linux-musl-arm;osx-arm64;linux-s390x;linux-loongarch64;browser-wasm;ios-arm64;ios-arm;iossimulator-arm64;iossimulator-x64;iossimulator-x86;tvos-arm64;tvossimulator-arm64;tvossimulator-x64;maccatalyst-x64;maccatalyst-arm64;android-arm64;android-arm;android-x64;android-x86;freebsd-x64;freebsd-arm64;wasi-wasm;linux-riscv64;linux-musl-riscv64;linux-loongarch64;linux-musl-loongarch64
                                     TargetFramework=net9.0
                             Microsoft.NETCore.App
                                     LatestRuntimeFrameworkVersion=8.0.25
                                     RuntimeFrameworkName=Microsoft.NETCore.App
                                     RuntimePackLabels=NativeAOT
                                     RuntimePackNamePatterns=Microsoft.NETCore.App.Runtime.NativeAOT.**RID**
                                     RuntimePackRuntimeIdentifiers=ios-arm64;iossimulator-arm64;iossimulator-x64;tvos-arm64;tvossimulator-arm64;tvossimulator-x64;maccatalyst-arm64;maccatalyst-x64;linux-bionic-arm64;linux-bionic-x64;osx-arm64;osx-x64;freebsd-arm64;freebsd-x64
                                     TargetFramework=net8.0
                             Microsoft.NETCore.App
                                     LatestRuntimeFrameworkVersion=8.0.25
                                     RuntimeFrameworkName=Microsoft.NETCore.App
                                     RuntimePackLabels=Mono
                                     RuntimePackNamePatterns=Microsoft.NETCore.App.Runtime.Mono.**RID**
                                     RuntimePackRuntimeIdentifiers=linux-arm;linux-arm64;linux-musl-arm64;linux-musl-x64;linux-x64;osx-x64;win-arm64;win-x64;win-x86;linux-musl-arm;osx-arm64;linux-s390x;linux-loongarch64;browser-wasm;ios-arm64;ios-arm;iossimulator-arm64;iossimulator-x64;iossimulator-x86;tvos-arm64;tvossimulator-arm64;tvossimulator-x64;maccatalyst-x64;maccatalyst-arm64;android-arm64;android-arm;android-x64;android-x86;freebsd-x64;freebsd-arm64;wasi-wasm
                                     TargetFramework=net8.0
                             Microsoft.NETCore.App
                                     LatestRuntimeFrameworkVersion=7.0.20
                                     RuntimeFrameworkName=Microsoft.NETCore.App
                                     RuntimePackLabels=Mono
                                     RuntimePackNamePatterns=Microsoft.NETCore.App.Runtime.Mono.**RID**
                                     RuntimePackRuntimeIdentifiers=linux-arm;linux-arm64;linux-musl-arm64;linux-musl-x64;linux-x64;osx-x64;win-arm;win-arm64;win-x64;win-x86;linux-musl-arm;osx-arm64;linux-s390x;linux-loongarch64;browser-wasm;ios-arm64;ios-arm;iossimulator-arm64;iossimulator-x64;iossimulator-x86;tvos-arm64;tvossimulator-arm64;tvossimulator-x64;maccatalyst-x64;maccatalyst-arm64;android-arm64;android-arm;android-x64;android-x86
                                     TargetFramework=net7.0
                             Microsoft.NETCore.App
                                     LatestRuntimeFrameworkVersion=6.0.36
                                     RuntimeFrameworkName=Microsoft.NETCore.App
                                     RuntimePackLabels=Mono
                                     RuntimePackNamePatterns=Microsoft.NETCore.App.Runtime.Mono.**RID**
                                     RuntimePackRuntimeIdentifiers=linux-arm;linux-arm64;linux-musl-arm64;linux-musl-x64;linux-x64;osx-x64;win-arm;win-arm64;win-x64;win-x86;linux-musl-arm;osx-arm64;linux-s390x;linux-loongarch64;browser-wasm;ios-arm64;ios-arm;iossimulator-arm64;iossimulator-x64;iossimulator-x86;tvos-arm64;tvossimulator-arm64;tvossimulator-x64;maccatalyst-x64;maccatalyst-arm64;android-arm64;android-arm;android-x64;android-x86
                                     TargetFramework=net6.0 (IDTâche:3)
                     Paramètre de tâche :
                         KnownWebAssemblySdkPacks=
                             Microsoft.NET.Sdk.WebAssembly.Pack
                                     TargetFramework=net10.0
                                     WebAssemblySdkPackVersion=10.0.6
                             Microsoft.NET.Sdk.WebAssembly.Pack
                                     TargetFramework=net9.0
                                     WebAssemblySdkPackVersion=10.0.6
                             Microsoft.NET.Sdk.WebAssembly.Pack
                                     TargetFramework=net8.0
                                     WebAssemblySdkPackVersion=10.0.6
                             Microsoft.NET.Sdk.WebAssembly.Pack
                                     TargetFramework=net7.0
                                     WebAssemblySdkPackVersion=10.0.6
                             Microsoft.NET.Sdk.WebAssembly.Pack
                                     TargetFramework=net6.0
                                     WebAssemblySdkPackVersion=10.0.6 (IDTâche:3)
                     Paramètre de tâche :SelfContained=False (IDTâche:3)
                     Paramètre de tâche :MinNonEolTargetFrameworkForSingleFile=net8.0 (IDTâche:3)
                     Paramètre de tâche :ReadyToRunUseCrossgen2=True (IDTâche:3)
                     Paramètre de tâche :NetCoreRoot=C:\Program Files\dotnet\ (IDTâche:3)
                     Paramètre de tâche :TargetingPackRoot=C:\Program Files\dotnet\packs (IDTâche:3)
                     Paramètre de tâche :RequiresILLinkPack=False (IDTâche:3)
                     Paramètre de tâche :MinNonEolTargetFrameworkForTrimming=net8.0 (IDTâche:3)
                     Paramètre de tâche :NETCoreSdkVersion=10.0.300-preview.0.26177.108 (IDTâche:3)
                     Paramètre de tâche :TargetLatestRuntimePatchIsDefault=True (IDTâche:3)
                     Paramètre de tâche :NETCoreSdkPortableRuntimeIdentifier=win-x64 (IDTâche:3)
                     Paramètre de tâche :EnableRuntimePackDownload=True (IDTâche:3)
                     Paramètre de tâche :TargetFrameworkIdentifier=.NETCoreApp (IDTâche:3)
                     Paramètre de tâche :EnableTargetingPackDownload=True (IDTâche:3)
                     Paramètre de tâche :MinNonEolTargetFrameworkForAot=net8.0 (IDTâche:3)
                     Paramètre de tâche :FirstTargetFrameworkVersionToSupportSingleFileAnalyzer=6.0 (IDTâche:3)
                     Paramètre de tâche :NETCoreSdkRuntimeIdentifier=win-x64 (IDTâche:3)
                     Paramètre de tâche :FirstTargetFrameworkVersionToSupportAotAnalyzer=7.0 (IDTâche:3)
                     Paramètre de tâche :
                         KnownFrameworkReferences=
                             Microsoft.NETCore.App
                                     DefaultRuntimeFrameworkVersion=10.0.0
                                     LatestRuntimeFrameworkVersion=10.0.5
                                     RuntimeFrameworkName=Microsoft.NETCore.App
                                     RuntimePackNamePatterns=Microsoft.NETCore.App.Runtime.**RID**
                                     RuntimePackRuntimeIdentifiers=linux-arm;linux-arm64;linux-musl-arm64;linux-musl-x64;linux-x64;osx-x64;tizen.4.0.0-armel;tizen.5.0.0-armel;win-arm64;win-x64;win-x86;linux-musl-arm;osx-arm64;linux-s390x;linux-loongarch64;linux-bionic-arm;linux-bionic-arm64;linux-bionic-x64;linux-bionic-x86;linux-ppc64le;freebsd-x64;freebsd-arm64;linux-riscv64;linux-musl-riscv64;linux-musl-loongarch64;android-arm64;android-x64
                                     TargetFramework=net10.0
                                     TargetingPackName=Microsoft.NETCore.App.Ref
                                     TargetingPackVersion=10.0.5
                             Microsoft.WindowsDesktop.App
                                     DefaultRuntimeFrameworkVersion=10.0.0
                                     IsWindowsOnly=true
                                     LatestRuntimeFrameworkVersion=10.0.5
                                     RuntimeFrameworkName=Microsoft.WindowsDesktop.App
                                     RuntimePackNamePatterns=Microsoft.WindowsDesktop.App.Runtime.**RID**
                                     RuntimePackRuntimeIdentifiers=win-x64;win-x86;win-arm64
                                     TargetFramework=net10.0
                                     TargetingPackName=Microsoft.WindowsDesktop.App.Ref
                                     TargetingPackVersion=10.0.5
                             Microsoft.WindowsDesktop.App.WPF
                                     DefaultRuntimeFrameworkVersion=10.0.0
                                     IsWindowsOnly=true
                                     LatestRuntimeFrameworkVersion=10.0.5
                                     Profile=WPF
                                     RuntimeFrameworkName=Microsoft.WindowsDesktop.App
                                     RuntimePackNamePatterns=Microsoft.WindowsDesktop.App.Runtime.**RID**
                                     RuntimePackRuntimeIdentifiers=win-x64;win-x86;win-arm64
                                     TargetFramework=net10.0
                                     TargetingPackName=Microsoft.WindowsDesktop.App.Ref
                                     TargetingPackVersion=10.0.5
                             Microsoft.WindowsDesktop.App.WindowsForms
                                     DefaultRuntimeFrameworkVersion=10.0.0
                                     IsWindowsOnly=true
                                     LatestRuntimeFrameworkVersion=10.0.5
                                     Profile=WindowsForms
                                     RuntimeFrameworkName=Microsoft.WindowsDesktop.App
                                     RuntimePackNamePatterns=Microsoft.WindowsDesktop.App.Runtime.**RID**
                                     RuntimePackRuntimeIdentifiers=win-x64;win-x86;win-arm64
                                     TargetFramework=net10.0
                                     TargetingPackName=Microsoft.WindowsDesktop.App.Ref
                                     TargetingPackVersion=10.0.5
                             Microsoft.AspNetCore.App
                                     DefaultRuntimeFrameworkVersion=10.0.0
                                     LatestRuntimeFrameworkVersion=10.0.5
                                     RuntimeFrameworkName=Microsoft.AspNetCore.App
                                     RuntimePackExcludedRuntimeIdentifiers=android;linux-bionic
                                     RuntimePackNamePatterns=Microsoft.AspNetCore.App.Runtime.**RID**
                                     RuntimePackRuntimeIdentifiers=win-x64;win-x86;osx-x64;linux-musl-x64;linux-musl-arm64;linux-x64;linux-arm;linux-arm64;linux-musl-arm;win-arm64;osx-arm64;linux-s390x;linux-loongarch64;linux-ppc64le;freebsd-x64;freebsd-arm64;linux-riscv64;linux-musl-riscv64;linux-loongarch64;linux-musl-loongarch64
                                     TargetFramework=net10.0
                                     TargetingPackName=Microsoft.AspNetCore.App.Ref
                                     TargetingPackVersion=10.0.5
                             Microsoft.NETCore.App
                                     DefaultRuntimeFrameworkVersion=9.0.0
                                     LatestRuntimeFrameworkVersion=9.0.14
                                     RuntimeFrameworkName=Microsoft.NETCore.App
                                     RuntimePackNamePatterns=Microsoft.NETCore.App.Runtime.**RID**
                                     RuntimePackRuntimeIdentifiers=linux-arm;linux-arm64;linux-musl-arm64;linux-musl-x64;linux-x64;osx-x64;tizen.4.0.0-armel;tizen.5.0.0-armel;win-arm64;win-x64;win-x86;linux-musl-arm;osx-arm64;linux-s390x;linux-loongarch64;linux-bionic-arm;linux-bionic-arm64;linux-bionic-x64;linux-bionic-x86;linux-ppc64le;freebsd-x64;freebsd-arm64;linux-riscv64;linux-musl-riscv64;linux-musl-loongarch64
                                     TargetFramework=net9.0
                                     TargetingPackName=Microsoft.NETCore.App.Ref
                                     TargetingPackVersion=9.0.14
                             Microsoft.WindowsDesktop.App
                                     DefaultRuntimeFrameworkVersion=9.0.0
                                     IsWindowsOnly=true
                                     LatestRuntimeFrameworkVersion=9.0.14
                                     RuntimeFrameworkName=Microsoft.WindowsDesktop.App
                                     RuntimePackNamePatterns=Microsoft.WindowsDesktop.App.Runtime.**RID**
                                     RuntimePackRuntimeIdentifiers=win-x64;win-x86;win-arm64
                                     TargetFramework=net9.0
                                     TargetingPackName=Microsoft.WindowsDesktop.App.Ref
                                     TargetingPackVersion=9.0.14
                             Microsoft.WindowsDesktop.App.WPF
                                     DefaultRuntimeFrameworkVersion=9.0.0
                                     IsWindowsOnly=true
                                     LatestRuntimeFrameworkVersion=9.0.14
                                     Profile=WPF
                                     RuntimeFrameworkName=Microsoft.WindowsDesktop.App
                                     RuntimePackNamePatterns=Microsoft.WindowsDesktop.App.Runtime.**RID**
                                     RuntimePackRuntimeIdentifiers=win-x64;win-x86;win-arm64
                                     TargetFramework=net9.0
                                     TargetingPackName=Microsoft.WindowsDesktop.App.Ref
                                     TargetingPackVersion=9.0.14
                             Microsoft.WindowsDesktop.App.WindowsForms
                                     DefaultRuntimeFrameworkVersion=9.0.0
                                     IsWindowsOnly=true
                                     LatestRuntimeFrameworkVersion=9.0.14
                                     Profile=WindowsForms
                                     RuntimeFrameworkName=Microsoft.WindowsDesktop.App
                                     RuntimePackNamePatterns=Microsoft.WindowsDesktop.App.Runtime.**RID**
                                     RuntimePackRuntimeIdentifiers=win-x64;win-x86;win-arm64
                                     TargetFramework=net9.0
                                     TargetingPackName=Microsoft.WindowsDesktop.App.Ref
                                     TargetingPackVersion=9.0.14
                             Microsoft.AspNetCore.App
                                     DefaultRuntimeFrameworkVersion=9.0.0
                                     LatestRuntimeFrameworkVersion=9.0.14
                                     RuntimeFrameworkName=Microsoft.AspNetCore.App
                                     RuntimePackExcludedRuntimeIdentifiers=android;linux-bionic
                                     RuntimePackNamePatterns=Microsoft.AspNetCore.App.Runtime.**RID**
                                     RuntimePackRuntimeIdentifiers=win-x64;win-x86;osx-x64;linux-musl-x64;linux-musl-arm64;linux-x64;linux-arm;linux-arm64;linux-musl-arm;win-arm64;osx-arm64;linux-s390x;linux-loongarch64;linux-ppc64le;freebsd-x64;freebsd-arm64;linux-riscv64;linux-musl-riscv64;linux-loongarch64;linux-musl-loongarch64
                                     TargetFramework=net9.0
                                     TargetingPackName=Microsoft.AspNetCore.App.Ref
                                     TargetingPackVersion=9.0.14
                             Microsoft.NETCore.App
                                     DefaultRuntimeFrameworkVersion=8.0.0
                                     LatestRuntimeFrameworkVersion=8.0.25
                                     RuntimeFrameworkName=Microsoft.NETCore.App
                                     RuntimePackNamePatterns=Microsoft.NETCore.App.Runtime.**RID**
                                     RuntimePackRuntimeIdentifiers=linux-arm;linux-arm64;linux-musl-arm64;linux-musl-x64;linux-x64;osx-x64;tizen.4.0.0-armel;tizen.5.0.0-armel;win-arm64;win-x64;win-x86;linux-musl-arm;osx-arm64;linux-s390x;linux-loongarch64;linux-bionic-arm;linux-bionic-arm64;linux-bionic-x64;linux-bionic-x86;linux-ppc64le;freebsd-x64;freebsd-arm64
                                     TargetFramework=net8.0
                                     TargetingPackName=Microsoft.NETCore.App.Ref
                                     TargetingPackVersion=8.0.25
                             Microsoft.WindowsDesktop.App
                                     DefaultRuntimeFrameworkVersion=8.0.0
                                     IsWindowsOnly=true
                                     LatestRuntimeFrameworkVersion=8.0.25
                                     RuntimeFrameworkName=Microsoft.WindowsDesktop.App
                                     RuntimePackNamePatterns=Microsoft.WindowsDesktop.App.Runtime.**RID**
                                     RuntimePackRuntimeIdentifiers=win-x64;win-x86;win-arm64
                                     TargetFramework=net8.0
                                     TargetingPackName=Microsoft.WindowsDesktop.App.Ref
                                     TargetingPackVersion=8.0.25
                             Microsoft.WindowsDesktop.App.WPF
                                     DefaultRuntimeFrameworkVersion=8.0.0
                                     IsWindowsOnly=true
                                     LatestRuntimeFrameworkVersion=8.0.25
                                     Profile=WPF
                                     RuntimeFrameworkName=Microsoft.WindowsDesktop.App
                                     RuntimePackNamePatterns=Microsoft.WindowsDesktop.App.Runtime.**RID**
                                     RuntimePackRuntimeIdentifiers=win-x64;win-x86;win-arm64
                                     TargetFramework=net8.0
                                     TargetingPackName=Microsoft.WindowsDesktop.App.Ref
                                     TargetingPackVersion=8.0.25
                             Microsoft.WindowsDesktop.App.WindowsForms
                                     DefaultRuntimeFrameworkVersion=8.0.0
                                     IsWindowsOnly=true
                                     LatestRuntimeFrameworkVersion=8.0.25
                                     Profile=WindowsForms
                                     RuntimeFrameworkName=Microsoft.WindowsDesktop.App
                                     RuntimePackNamePatterns=Microsoft.WindowsDesktop.App.Runtime.**RID**
                                     RuntimePackRuntimeIdentifiers=win-x64;win-x86;win-arm64
                                     TargetFramework=net8.0
                                     TargetingPackName=Microsoft.WindowsDesktop.App.Ref
                                     TargetingPackVersion=8.0.25
                             Microsoft.AspNetCore.App
                                     DefaultRuntimeFrameworkVersion=8.0.0
                                     LatestRuntimeFrameworkVersion=8.0.25
                                     RuntimeFrameworkName=Microsoft.AspNetCore.App
                                     RuntimePackExcludedRuntimeIdentifiers=android;linux-bionic
                                     RuntimePackNamePatterns=Microsoft.AspNetCore.App.Runtime.**RID**
                                     RuntimePackRuntimeIdentifiers=win-x64;win-x86;osx-x64;linux-musl-x64;linux-musl-arm64;linux-x64;linux-arm;linux-arm64;linux-musl-arm;win-arm64;osx-arm64;linux-s390x;linux-loongarch64;linux-ppc64le;freebsd-x64;freebsd-arm64
                                     TargetFramework=net8.0
                                     TargetingPackName=Microsoft.AspNetCore.App.Ref
                                     TargetingPackVersion=8.0.25
                             Microsoft.NETCore.App
                                     DefaultRuntimeFrameworkVersion=7.0.0
                                     LatestRuntimeFrameworkVersion=7.0.20
                                     RuntimeFrameworkName=Microsoft.NETCore.App
                                     RuntimePackNamePatterns=Microsoft.NETCore.App.Runtime.**RID**
                                     RuntimePackRuntimeIdentifiers=linux-arm;linux-arm64;linux-musl-arm64;linux-musl-x64;linux-x64;osx-x64;tizen.4.0.0-armel;tizen.5.0.0-armel;win-arm;win-arm64;win-x64;win-x86;linux-musl-arm;osx-arm64;linux-s390x;linux-loongarch64;linux-bionic-arm;linux-bionic-arm64;linux-bionic-x64;linux-bionic-x86;linux-ppc64le
                                     TargetFramework=net7.0
                                     TargetingPackName=Microsoft.NETCore.App.Ref
                                     TargetingPackVersion=7.0.20
                             Microsoft.WindowsDesktop.App
                                     DefaultRuntimeFrameworkVersion=7.0.0
                                     IsWindowsOnly=true
                                     LatestRuntimeFrameworkVersion=7.0.20
                                     RuntimeFrameworkName=Microsoft.WindowsDesktop.App
                                     RuntimePackNamePatterns=Microsoft.WindowsDesktop.App.Runtime.**RID**
                                     RuntimePackRuntimeIdentifiers=win-x64;win-x86;win-arm64
                                     TargetFramework=net7.0
                                     TargetingPackName=Microsoft.WindowsDesktop.App.Ref
                                     TargetingPackVersion=7.0.20
                             Microsoft.WindowsDesktop.App.WPF
                                     DefaultRuntimeFrameworkVersion=7.0.0
                                     IsWindowsOnly=true
                                     LatestRuntimeFrameworkVersion=7.0.20
                                     Profile=WPF
                                     RuntimeFrameworkName=Microsoft.WindowsDesktop.App
                                     RuntimePackNamePatterns=Microsoft.WindowsDesktop.App.Runtime.**RID**
                                     RuntimePackRuntimeIdentifiers=win-x64;win-x86;win-arm64
                                     TargetFramework=net7.0
                                     TargetingPackName=Microsoft.WindowsDesktop.App.Ref
                                     TargetingPackVersion=7.0.20
                             Microsoft.WindowsDesktop.App.WindowsForms
                                     DefaultRuntimeFrameworkVersion=7.0.0
                                     IsWindowsOnly=true
                                     LatestRuntimeFrameworkVersion=7.0.20
                                     Profile=WindowsForms
                                     RuntimeFrameworkName=Microsoft.WindowsDesktop.App
                                     RuntimePackNamePatterns=Microsoft.WindowsDesktop.App.Runtime.**RID**
                                     RuntimePackRuntimeIdentifiers=win-x64;win-x86;win-arm64
                                     TargetFramework=net7.0
                                     TargetingPackName=Microsoft.WindowsDesktop.App.Ref
                                     TargetingPackVersion=7.0.20
                             Microsoft.AspNetCore.App
                                     DefaultRuntimeFrameworkVersion=7.0.0
                                     LatestRuntimeFrameworkVersion=7.0.20
                                     RuntimeFrameworkName=Microsoft.AspNetCore.App
                                     RuntimePackExcludedRuntimeIdentifiers=android
                                     RuntimePackNamePatterns=Microsoft.AspNetCore.App.Runtime.**RID**
                                     RuntimePackRuntimeIdentifiers=win-x64;win-x86;win-arm;osx-x64;linux-musl-x64;linux-musl-arm64;linux-x64;linux-arm;linux-arm64;linux-musl-arm;win-arm64;osx-arm64;linux-s390x;linux-loongarch64;linux-ppc64le
                                     TargetFramework=net7.0
                                     TargetingPackName=Microsoft.AspNetCore.App.Ref
                                     TargetingPackVersion=7.0.20
                             Microsoft.NETCore.App
                                     DefaultRuntimeFrameworkVersion=6.0.0
                                     LatestRuntimeFrameworkVersion=6.0.36
                                     RuntimeFrameworkName=Microsoft.NETCore.App
                                     RuntimePackNamePatterns=Microsoft.NETCore.App.Runtime.**RID**
                                     RuntimePackRuntimeIdentifiers=linux-arm;linux-arm64;linux-musl-arm64;linux-musl-x64;linux-x64;osx-x64;tizen.4.0.0-armel;tizen.5.0.0-armel;win-arm;win-arm64;win-x64;win-x86;linux-musl-arm;osx-arm64;linux-s390x;linux-loongarch64
                                     TargetFramework=net6.0
                                     TargetingPackName=Microsoft.NETCore.App.Ref
                                     TargetingPackVersion=6.0.36
                             Microsoft.WindowsDesktop.App
                                     DefaultRuntimeFrameworkVersion=6.0.0
                                     IsWindowsOnly=true
                                     LatestRuntimeFrameworkVersion=6.0.36
                                     RuntimeFrameworkName=Microsoft.WindowsDesktop.App
                                     RuntimePackNamePatterns=Microsoft.WindowsDesktop.App.Runtime.**RID**
                                     RuntimePackRuntimeIdentifiers=win-x64;win-x86;win-arm64
                                     TargetFramework=net6.0
                                     TargetingPackName=Microsoft.WindowsDesktop.App.Ref
                                     TargetingPackVersion=6.0.36
                             Microsoft.WindowsDesktop.App.WPF
                                     DefaultRuntimeFrameworkVersion=6.0.0
                                     IsWindowsOnly=true
                                     LatestRuntimeFrameworkVersion=6.0.36
                                     Profile=WPF
                                     RuntimeFrameworkName=Microsoft.WindowsDesktop.App
                                     RuntimePackNamePatterns=Microsoft.WindowsDesktop.App.Runtime.**RID**
                                     RuntimePackRuntimeIdentifiers=win-x64;win-x86;win-arm64
                                     TargetFramework=net6.0
                                     TargetingPackName=Microsoft.WindowsDesktop.App.Ref
                                     TargetingPackVersion=6.0.36
                             Microsoft.WindowsDesktop.App.WindowsForms
                                     DefaultRuntimeFrameworkVersion=6.0.0
                                     IsWindowsOnly=true
                                     LatestRuntimeFrameworkVersion=6.0.36
                                     Profile=WindowsForms
                                     RuntimeFrameworkName=Microsoft.WindowsDesktop.App
                                     RuntimePackNamePatterns=Microsoft.WindowsDesktop.App.Runtime.**RID**
                                     RuntimePackRuntimeIdentifiers=win-x64;win-x86;win-arm64
                                     TargetFramework=net6.0
                                     TargetingPackName=Microsoft.WindowsDesktop.App.Ref
                                     TargetingPackVersion=6.0.36
                             Microsoft.AspNetCore.App
                                     DefaultRuntimeFrameworkVersion=6.0.0
                                     LatestRuntimeFrameworkVersion=6.0.36
                                     RuntimeFrameworkName=Microsoft.AspNetCore.App
                                     RuntimePackNamePatterns=Microsoft.AspNetCore.App.Runtime.**RID**
                                     RuntimePackRuntimeIdentifiers=win-x64;win-x86;win-arm;osx-x64;linux-musl-x64;linux-musl-arm64;linux-x64;linux-arm;linux-arm64;linux-musl-arm;win-arm64;osx-arm64;linux-s390x;linux-loongarch64
                                     TargetFramework=net6.0
                                     TargetingPackName=Microsoft.AspNetCore.App.Ref
                                     TargetingPackVersion=6.0.36
                             Microsoft.NETCore.App
                                     DefaultRuntimeFrameworkVersion=5.0.0
                                     IsTrimmable=true
                                     LatestRuntimeFrameworkVersion=5.0.17
                                     RuntimeFrameworkName=Microsoft.NETCore.App
                                     RuntimePackNamePatterns=Microsoft.NETCore.App.Runtime.**RID**
                                     RuntimePackRuntimeIdentifiers=linux-arm;linux-arm64;linux-musl-arm64;linux-musl-x64;linux-x64;osx-x64;tizen.4.0.0-armel;tizen.5.0.0-armel;win-arm;win-arm64;win-x64;win-x86;linux-musl-arm;browser-wasm
                                     TargetFramework=net5.0
                                     TargetingPackName=Microsoft.NETCore.App.Ref
                                     TargetingPackVersion=5.0.0
                             Microsoft.WindowsDesktop.App
                                     DefaultRuntimeFrameworkVersion=5.0.0
                                     IsWindowsOnly=true
                                     LatestRuntimeFrameworkVersion=5.0.17
                                     RuntimeFrameworkName=Microsoft.WindowsDesktop.App
                                     RuntimePackNamePatterns=Microsoft.WindowsDesktop.App.Runtime.**RID**
                                     RuntimePackRuntimeIdentifiers=win-x64;win-x86;win-arm64
                                     TargetFramework=net5.0
                                     TargetingPackName=Microsoft.WindowsDesktop.App.Ref
                                     TargetingPackVersion=5.0.0
                             Microsoft.WindowsDesktop.App.WPF
                                     DefaultRuntimeFrameworkVersion=5.0.0
                                     IsWindowsOnly=true
                                     LatestRuntimeFrameworkVersion=5.0.17
                                     Profile=WPF
                                     RuntimeFrameworkName=Microsoft.WindowsDesktop.App
                                     RuntimePackNamePatterns=Microsoft.WindowsDesktop.App.Runtime.**RID**
                                     RuntimePackRuntimeIdentifiers=win-x64;win-x86;win-arm64
                                     TargetFramework=net5.0
                                     TargetingPackName=Microsoft.WindowsDesktop.App.Ref
                                     TargetingPackVersion=5.0.0
                             Microsoft.WindowsDesktop.App.WindowsForms
                                     DefaultRuntimeFrameworkVersion=5.0.0
                                     IsWindowsOnly=true
                                     LatestRuntimeFrameworkVersion=5.0.17
                                     Profile=WindowsForms
                                     RuntimeFrameworkName=Microsoft.WindowsDesktop.App
                                     RuntimePackNamePatterns=Microsoft.WindowsDesktop.App.Runtime.**RID**
                                     RuntimePackRuntimeIdentifiers=win-x64;win-x86;win-arm64
                                     TargetFramework=net5.0
                                     TargetingPackName=Microsoft.WindowsDesktop.App.Ref
                                     TargetingPackVersion=5.0.0
                             Microsoft.AspNetCore.App
                                     DefaultRuntimeFrameworkVersion=5.0.0
                                     LatestRuntimeFrameworkVersion=5.0.17
                                     RuntimeFrameworkName=Microsoft.AspNetCore.App
                                     RuntimePackNamePatterns=Microsoft.AspNetCore.App.Runtime.**RID**
                                     RuntimePackRuntimeIdentifiers=win-x64;win-x86;win-arm;osx-x64;linux-musl-x64;linux-musl-arm64;linux-x64;linux-arm;linux-arm64;linux-musl-arm;win-arm64
                                     TargetFramework=net5.0
                                     TargetingPackName=Microsoft.AspNetCore.App.Ref
                                     TargetingPackVersion=5.0.0
                             Microsoft.NETCore.App
                                     DefaultRuntimeFrameworkVersion=3.1.0
                                     IsTrimmable=true
                                     LatestRuntimeFrameworkVersion=3.1.32
                                     RuntimeFrameworkName=Microsoft.NETCore.App
                                     RuntimePackNamePatterns=Microsoft.NETCore.App.Runtime.**RID**
                                     RuntimePackRuntimeIdentifiers=linux-arm;linux-arm64;linux-musl-arm64;linux-musl-x64;linux-x64;osx-x64;tizen.4.0.0-armel;tizen.5.0.0-armel;win-arm;win-arm64;win-x64;win-x86
                                     TargetFramework=netcoreapp3.1
                                     TargetingPackName=Microsoft.NETCore.App.Ref
                                     TargetingPackVersion=3.1.0
                             Microsoft.WindowsDesktop.App
                                     DefaultRuntimeFrameworkVersion=3.1.0
                                     IsWindowsOnly=true
                                     LatestRuntimeFrameworkVersion=3.1.32
                                     RuntimeFrameworkName=Microsoft.WindowsDesktop.App
                                     RuntimePackNamePatterns=Microsoft.WindowsDesktop.App.Runtime.**RID**
                                     RuntimePackRuntimeIdentifiers=win-x64;win-x86
                                     TargetFramework=netcoreapp3.1
                                     TargetingPackName=Microsoft.WindowsDesktop.App.Ref
                                     TargetingPackVersion=3.1.0
                             Microsoft.WindowsDesktop.App.WPF
                                     DefaultRuntimeFrameworkVersion=3.1.0
                                     IsWindowsOnly=true
                                     LatestRuntimeFrameworkVersion=3.1.32
                                     Profile=WPF
                                     RuntimeFrameworkName=Microsoft.WindowsDesktop.App
                                     RuntimePackNamePatterns=Microsoft.WindowsDesktop.App.Runtime.**RID**
                                     RuntimePackRuntimeIdentifiers=win-x64;win-x86
                                     TargetFramework=netcoreapp3.1
                                     TargetingPackName=Microsoft.WindowsDesktop.App.Ref
                                     TargetingPackVersion=3.1.0
                             Microsoft.WindowsDesktop.App.WindowsForms
                                     DefaultRuntimeFrameworkVersion=3.1.0
                                     IsWindowsOnly=true
                                     LatestRuntimeFrameworkVersion=3.1.32
                                     Profile=WindowsForms
                                     RuntimeFrameworkName=Microsoft.WindowsDesktop.App
                                     RuntimePackNamePatterns=Microsoft.WindowsDesktop.App.Runtime.**RID**
                                     RuntimePackRuntimeIdentifiers=win-x64;win-x86
                                     TargetFramework=netcoreapp3.1
                                     TargetingPackName=Microsoft.WindowsDesktop.App.Ref
                                     TargetingPackVersion=3.1.0
                             Microsoft.AspNetCore.App
                                     DefaultRuntimeFrameworkVersion=3.1.0
                                     LatestRuntimeFrameworkVersion=3.1.32
                                     RuntimeFrameworkName=Microsoft.AspNetCore.App
                                     RuntimePackNamePatterns=Microsoft.AspNetCore.App.Runtime.**RID**
                                     RuntimePackRuntimeIdentifiers=win-x64;win-x86;win-arm;osx-x64;linux-musl-x64;linux-musl-arm64;linux-x64;linux-arm;linux-arm64
                                     TargetFramework=netcoreapp3.1
                                     TargetingPackName=Microsoft.AspNetCore.App.Ref
                                     TargetingPackVersion=3.1.10
                             Microsoft.NETCore.App
                                     DefaultRuntimeFrameworkVersion=3.0.0
                                     IsTrimmable=true
                                     LatestRuntimeFrameworkVersion=3.0.3
                                     RuntimeFrameworkName=Microsoft.NETCore.App
                                     RuntimePackNamePatterns=Microsoft.NETCore.App.Runtime.**RID**
                                     RuntimePackRuntimeIdentifiers=linux-arm;linux-arm64;linux-musl-arm64;linux-musl-x64;linux-x64;osx-x64;tizen.4.0.0-armel;tizen.5.0.0-armel;win-arm;win-arm64;win-x64;win-x86
                                     TargetFramework=netcoreapp3.0
                                     TargetingPackName=Microsoft.NETCore.App.Ref
                                     TargetingPackVersion=3.0.0
                             Microsoft.WindowsDesktop.App
                                     DefaultRuntimeFrameworkVersion=3.0.0
                                     IsWindowsOnly=true
                                     LatestRuntimeFrameworkVersion=3.0.3
                                     RuntimeFrameworkName=Microsoft.WindowsDesktop.App
                                     RuntimePackNamePatterns=Microsoft.WindowsDesktop.App.Runtime.**RID**
                                     RuntimePackRuntimeIdentifiers=win-x64;win-x86
                                     TargetFramework=netcoreapp3.0
                                     TargetingPackName=Microsoft.WindowsDesktop.App.Ref
                                     TargetingPackVersion=3.0.0
                             Microsoft.WindowsDesktop.App.WPF
                                     DefaultRuntimeFrameworkVersion=3.0.0
                                     IsWindowsOnly=true
                                     LatestRuntimeFrameworkVersion=3.0.3
                                     Profile=WPF
                                     RuntimeFrameworkName=Microsoft.WindowsDesktop.App
                                     RuntimePackNamePatterns=Microsoft.WindowsDesktop.App.Runtime.**RID**
                                     RuntimePackRuntimeIdentifiers=win-x64;win-x86
                                     TargetFramework=netcoreapp3.0
                                     TargetingPackName=Microsoft.WindowsDesktop.App.Ref
                                     TargetingPackVersion=3.0.0
                             Microsoft.WindowsDesktop.App.WindowsForms
                                     DefaultRuntimeFrameworkVersion=3.0.0
                                     IsWindowsOnly=true
                                     LatestRuntimeFrameworkVersion=3.0.3
                                     Profile=WindowsForms
                                     RuntimeFrameworkName=Microsoft.WindowsDesktop.App
                                     RuntimePackNamePatterns=Microsoft.WindowsDesktop.App.Runtime.**RID**
                                     RuntimePackRuntimeIdentifiers=win-x64;win-x86
                                     TargetFramework=netcoreapp3.0
                                     TargetingPackName=Microsoft.WindowsDesktop.App.Ref
                                     TargetingPackVersion=3.0.0
                             Microsoft.AspNetCore.App
                                     DefaultRuntimeFrameworkVersion=3.0.0
                                     LatestRuntimeFrameworkVersion=3.0.3
                                     RuntimeFrameworkName=Microsoft.AspNetCore.App
                                     RuntimePackNamePatterns=Microsoft.AspNetCore.App.Runtime.**RID**
                                     RuntimePackRuntimeIdentifiers=win-x64;win-x86;win-arm;osx-x64;linux-musl-x64;linux-musl-arm64;linux-x64;linux-arm;linux-arm64
                                     TargetFramework=netcoreapp3.0
                                     TargetingPackName=Microsoft.AspNetCore.App.Ref
                                     TargetingPackVersion=3.0.1
                             NETStandard.Library
                                     TargetFramework=netstandard2.1
                                     TargetingPackName=NETStandard.Library.Ref
                                     TargetingPackVersion=2.1.0 (IDTâche:3)
                     Paramètre de tâche :RequiresAspNetWebAssets=False (IDTâche:3)
                     Paramètre de tâche :TargetFrameworkVersion=8.0 (IDTâche:3)
                     Paramètre de tâche :
                         KnownILLinkPacks=
                             Microsoft.NET.ILLink.Tasks
                                     ILLinkPackVersion=10.0.5
                                     TargetFramework=net10.0
                             Microsoft.NET.ILLink.Tasks
                                     ILLinkPackVersion=9.0.14
                                     TargetFramework=net9.0
                             Microsoft.NET.ILLink.Tasks
                                     ILLinkPackVersion=8.0.25
                                     TargetFramework=net8.0
                             Microsoft.NET.ILLink.Tasks
                                     ILLinkPackVersion=7.0.100-1.23211.1
                                     TargetFramework=net7.0
                             Microsoft.NET.ILLink.Tasks
                                     ILLinkPackVersion=7.0.100-1.23211.1
                                     TargetFramework=net6.0
                             Microsoft.NET.ILLink.Tasks
                                     ILLinkPackVersion=7.0.100-1.23211.1
                                     TargetFramework=net5.0
                             Microsoft.NET.ILLink.Tasks
                                     ILLinkPackVersion=7.0.100-1.23211.1
                                     TargetFramework=netcoreapp3.1
                             Microsoft.NET.ILLink.Tasks
                                     ILLinkPackVersion=7.0.100-1.23211.1
                                     TargetFramework=netcoreapp3.0 (IDTâche:3)
                     Paramètre de tâche :TargetLatestRuntimePatch=False (IDTâche:3)
                     Found 1 known framework references for target framework .NETCoreApp (IDTâche:3)
                     Found 5 known runtime packs for target framework .NETCoreApp (IDTâche:3)
                     Selected Microsoft.NETCore.App with RIDs 'linux-arm;linux-arm64;linux-musl-arm64;linux-musl-x64;linux-x64;osx-x64;tizen.4.0.0-armel;tizen.5.0.0-armel;win-arm64;win-x64;win-x86;linux-musl-arm;osx-arm64;linux-s390x;linux-loongarch64;linux-bionic-arm;linux-bionic-arm64;linux-bionic-x64;linux-bionic-x86;linux-ppc64le;freebsd-x64;freebsd-arm64' (IDTâche:3)
                     Selected targeting pack 'Microsoft.NETCore.App@8.0.25' (IDTâche:3)
                     Added runtime framework 'Microsoft.NETCore.App@8.0.0' (IDTâche:3)
                     Selected Microsoft.WindowsDesktop.App with RIDs 'win-x64;win-x86;win-arm64' (IDTâche:3)
                     Selected targeting pack 'Microsoft.WindowsDesktop.App@8.0.25' (IDTâche:3)
                     Added runtime framework 'Microsoft.WindowsDesktop.App@8.0.0' (IDTâche:3)
                     Selected Microsoft.WindowsDesktop.App with RIDs 'win-x64;win-x86;win-arm64' (IDTâche:3)
                     Selected targeting pack 'Microsoft.WindowsDesktop.App.WPF@8.0.25' (IDTâche:3)
                     Added runtime framework 'Microsoft.WindowsDesktop.App@8.0.0' (IDTâche:3)
                     Selected Microsoft.WindowsDesktop.App with RIDs 'win-x64;win-x86;win-arm64' (IDTâche:3)
                     Selected targeting pack 'Microsoft.WindowsDesktop.App.WindowsForms@8.0.25' (IDTâche:3)
                     Added runtime framework 'Microsoft.WindowsDesktop.App@8.0.0' (IDTâche:3)
                     Selected Microsoft.AspNetCore.App with RIDs 'win-x64;win-x86;osx-x64;linux-musl-x64;linux-musl-arm64;linux-x64;linux-arm;linux-arm64;linux-musl-arm;win-arm64;osx-arm64;linux-s390x;linux-loongarch64;linux-ppc64le;freebsd-x64;freebsd-arm64' (IDTâche:3)
                     Selected targeting pack 'Microsoft.AspNetCore.App@8.0.25' (IDTâche:3)
                     Added runtime framework 'Microsoft.AspNetCore.App@8.0.0' (IDTâche:3)
                     Élément(s) en sortie : 
                         RuntimeFramework=
                             Microsoft.NETCore.App
                                     FrameworkName=Microsoft.NETCore.App
                                     Profile=
                                     Version=8.0.0
                             Microsoft.WindowsDesktop.App
                                     FrameworkName=Microsoft.WindowsDesktop.App
                                     Profile=
                                     Version=8.0.0
                             Microsoft.WindowsDesktop.App
                                     FrameworkName=Microsoft.WindowsDesktop.App.WPF
                                     Profile=WPF
                                     Version=8.0.0
                             Microsoft.WindowsDesktop.App
                                     FrameworkName=Microsoft.WindowsDesktop.App.WindowsForms
                                     Profile=WindowsForms
                                     Version=8.0.0
                             Microsoft.AspNetCore.App
                                     FrameworkName=Microsoft.AspNetCore.App
                                     Profile=
                                     Version=8.0.0 (IDTâche:3)
                     Élément(s) en sortie : 
                         TargetingPack=
                             Microsoft.NETCore.App
                                     NuGetPackageId=Microsoft.NETCore.App.Ref
                                     NuGetPackageVersion=8.0.25
                                     PackageConflictPreferredPackages=Microsoft.NETCore.App.Ref;Microsoft.NETCore.App.Runtime.linux-arm;Microsoft.NETCore.App.Runtime.linux-arm64;Microsoft.NETCore.App.Runtime.linux-musl-arm64;Microsoft.NETCore.App.Runtime.linux-musl-x64;Microsoft.NETCore.App.Runtime.linux-x64;Microsoft.NETCore.App.Runtime.osx-x64;Microsoft.NETCore.App.Runtime.tizen.4.0.0-armel;Microsoft.NETCore.App.Runtime.tizen.5.0.0-armel;Microsoft.NETCore.App.Runtime.win-arm64;Microsoft.NETCore.App.Runtime.win-x64;Microsoft.NETCore.App.Runtime.win-x86;Microsoft.NETCore.App.Runtime.linux-musl-arm;Microsoft.NETCore.App.Runtime.osx-arm64;Microsoft.NETCore.App.Runtime.linux-s390x;Microsoft.NETCore.App.Runtime.linux-loongarch64;Microsoft.NETCore.App.Runtime.linux-bionic-arm;Microsoft.NETCore.App.Runtime.linux-bionic-arm64;Microsoft.NETCore.App.Runtime.linux-bionic-x64;Microsoft.NETCore.App.Runtime.linux-bionic-x86;Microsoft.NETCore.App.Runtime.linux-ppc64le;Microsoft.NETCore.App.Runtime.freebsd-x64;Microsoft.NETCore.App.Runtime.freebsd-arm64
                                     PackageDirectory=C:\Program Files\dotnet\packs\Microsoft.NETCore.App.Ref\8.0.25
                                     Path=C:\Program Files\dotnet\packs\Microsoft.NETCore.App.Ref\8.0.25
                                     RuntimeFrameworkName=Microsoft.NETCore.App
                                     RuntimePackRuntimeIdentifiers=linux-arm;linux-arm64;linux-musl-arm64;linux-musl-x64;linux-x64;osx-x64;tizen.4.0.0-armel;tizen.5.0.0-armel;win-arm64;win-x64;win-x86;linux-musl-arm;osx-arm64;linux-s390x;linux-loongarch64;linux-bionic-arm;linux-bionic-arm64;linux-bionic-x64;linux-bionic-x86;linux-ppc64le;freebsd-x64;freebsd-arm64
                                     TargetFramework=net8.0
                                     TargetingPackFormat=
                             Microsoft.WindowsDesktop.App
                                     NuGetPackageId=Microsoft.WindowsDesktop.App.Ref
                                     NuGetPackageVersion=8.0.25
                                     PackageConflictPreferredPackages=Microsoft.WindowsDesktop.App.Ref;Microsoft.WindowsDesktop.App.Runtime.win-x64;Microsoft.WindowsDesktop.App.Runtime.win-x86;Microsoft.WindowsDesktop.App.Runtime.win-arm64
                                     PackageDirectory=C:\Program Files\dotnet\packs\Microsoft.WindowsDesktop.App.Ref\8.0.25
                                     Path=C:\Program Files\dotnet\packs\Microsoft.WindowsDesktop.App.Ref\8.0.25
                                     RuntimeFrameworkName=Microsoft.WindowsDesktop.App
                                     RuntimePackRuntimeIdentifiers=win-x64;win-x86;win-arm64
                                     TargetFramework=net8.0
                                     TargetingPackFormat=
                             Microsoft.WindowsDesktop.App.WPF
                                     NuGetPackageId=Microsoft.WindowsDesktop.App.Ref
                                     NuGetPackageVersion=8.0.25
                                     PackageConflictPreferredPackages=Microsoft.WindowsDesktop.App.Ref;Microsoft.WindowsDesktop.App.Runtime.win-x64;Microsoft.WindowsDesktop.App.Runtime.win-x86;Microsoft.WindowsDesktop.App.Runtime.win-arm64
                                     PackageDirectory=C:\Program Files\dotnet\packs\Microsoft.WindowsDesktop.App.Ref\8.0.25
                                     Path=C:\Program Files\dotnet\packs\Microsoft.WindowsDesktop.App.Ref\8.0.25
                                     Profile=WPF
                                     RuntimeFrameworkName=Microsoft.WindowsDesktop.App
                                     RuntimePackRuntimeIdentifiers=win-x64;win-x86;win-arm64
                                     TargetFramework=net8.0
                                     TargetingPackFormat=
                             Microsoft.WindowsDesktop.App.WindowsForms
                                     NuGetPackageId=Microsoft.WindowsDesktop.App.Ref
                                     NuGetPackageVersion=8.0.25
                                     PackageConflictPreferredPackages=Microsoft.WindowsDesktop.App.Ref;Microsoft.WindowsDesktop.App.Runtime.win-x64;Microsoft.WindowsDesktop.App.Runtime.win-x86;Microsoft.WindowsDesktop.App.Runtime.win-arm64
                                     PackageDirectory=C:\Program Files\dotnet\packs\Microsoft.WindowsDesktop.App.Ref\8.0.25
                                     Path=C:\Program Files\dotnet\packs\Microsoft.WindowsDesktop.App.Ref\8.0.25
                                     Profile=WindowsForms
                                     RuntimeFrameworkName=Microsoft.WindowsDesktop.App
                                     RuntimePackRuntimeIdentifiers=win-x64;win-x86;win-arm64
                                     TargetFramework=net8.0
                                     TargetingPackFormat=
                             Microsoft.AspNetCore.App
                                     NuGetPackageId=Microsoft.AspNetCore.App.Ref
                                     NuGetPackageVersion=8.0.25
                                     PackageConflictPreferredPackages=Microsoft.AspNetCore.App.Ref;Microsoft.AspNetCore.App.Runtime.win-x64;Microsoft.AspNetCore.App.Runtime.win-x86;Microsoft.AspNetCore.App.Runtime.osx-x64;Microsoft.AspNetCore.App.Runtime.linux-musl-x64;Microsoft.AspNetCore.App.Runtime.linux-musl-arm64;Microsoft.AspNetCore.App.Runtime.linux-x64;Microsoft.AspNetCore.App.Runtime.linux-arm;Microsoft.AspNetCore.App.Runtime.linux-arm64;Microsoft.AspNetCore.App.Runtime.linux-musl-arm;Microsoft.AspNetCore.App.Runtime.win-arm64;Microsoft.AspNetCore.App.Runtime.osx-arm64;Microsoft.AspNetCore.App.Runtime.linux-s390x;Microsoft.AspNetCore.App.Runtime.linux-loongarch64;Microsoft.AspNetCore.App.Runtime.linux-ppc64le;Microsoft.AspNetCore.App.Runtime.freebsd-x64;Microsoft.AspNetCore.App.Runtime.freebsd-arm64
                                     PackageDirectory=C:\Program Files\dotnet\packs\Microsoft.AspNetCore.App.Ref\8.0.25
                                     Path=C:\Program Files\dotnet\packs\Microsoft.AspNetCore.App.Ref\8.0.25
                                     RuntimeFrameworkName=Microsoft.AspNetCore.App
                                     RuntimePackRuntimeIdentifiers=win-x64;win-x86;osx-x64;linux-musl-x64;linux-musl-arm64;linux-x64;linux-arm;linux-arm64;linux-musl-arm;win-arm64;osx-arm64;linux-s390x;linux-loongarch64;linux-ppc64le;freebsd-x64;freebsd-arm64
                                     TargetFramework=net8.0
                                     TargetingPackFormat= (IDTâche:3)
                     Élément(s) en sortie : 
                         _KnownRuntimeIdentifierPlatformsForTargetFramework=
                             linux
                             linux-musl
                             osx
                             tizen.4.0.0
                             tizen.5.0.0
                             win
                             linux-bionic
                             freebsd
                             ios
                             iossimulator
                             tvos
                             tvossimulator
                             maccatalyst
                             browser
                             android
                             wasi (IDTâche:3)
                   Exécution de la tâche "ProcessFrameworkReferences" terminée. (IDTâche:3)
                   Propriété définie : AppHostRuntimeIdentifier=
                   Propriété définie : AppHostRuntimeIdentifier=win-x64
                   Utilisation de la tâche "ResolveAppHosts" à partir de l'assembly "C:\Program Files\dotnet\sdk\10.0.300-preview.0.26177.108\Sdks\Microsoft.NET.Sdk\targets\..\tools\net10.0\Microsoft.NET.Build.Tasks.dll".
                   Tâche "ResolveAppHosts" (IDTâche:4)
                     Paramètre de tâche :RuntimeGraphPath=C:\Program Files\dotnet\sdk\10.0.300-preview.0.26177.108/PortableRuntimeIdentifierGraph.json (IDTâche:4)
                     Paramètre de tâche :DotNetIjwHostLibraryNameWithoutExtension=Ijwhost (IDTâche:4)
                     Paramètre de tâche :DotNetAppHostExecutableNameWithoutExtension=apphost (IDTâche:4)
                     Paramètre de tâche :TargetingPackRoot=C:\Program Files\dotnet\packs (IDTâche:4)
                     Paramètre de tâche :DotNetComHostLibraryNameWithoutExtension=comhost (IDTâche:4)
                     Paramètre de tâche :TargetFrameworkIdentifier=.NETCoreApp (IDTâche:4)
                     Paramètre de tâche :
                         KnownAppHostPacks=
                             Microsoft.NETCore.App
                                     AppHostPackNamePattern=Microsoft.NETCore.App.Host.**RID**
                                     AppHostPackVersion=10.0.5
                                     AppHostRuntimeIdentifiers=linux-arm;linux-arm64;linux-musl-arm64;linux-musl-x64;linux-x64;osx-x64;tizen.4.0.0-armel;tizen.5.0.0-armel;win-arm64;win-x64;win-x86;linux-musl-arm;osx-arm64;linux-s390x;linux-loongarch64;linux-bionic-arm;linux-bionic-arm64;linux-bionic-x64;linux-bionic-x86;linux-ppc64le;freebsd-x64;freebsd-arm64;linux-riscv64;linux-musl-riscv64;linux-musl-loongarch64
                                     ExcludedRuntimeIdentifiers=android
                                     TargetFramework=net10.0
                             Microsoft.NETCore.App
                                     AppHostPackNamePattern=Microsoft.NETCore.App.Host.**RID**
                                     AppHostPackVersion=9.0.14
                                     AppHostRuntimeIdentifiers=linux-arm;linux-arm64;linux-musl-arm64;linux-musl-x64;linux-x64;osx-x64;tizen.4.0.0-armel;tizen.5.0.0-armel;win-arm64;win-x64;win-x86;linux-musl-arm;osx-arm64;linux-s390x;linux-loongarch64;linux-bionic-arm;linux-bionic-arm64;linux-bionic-x64;linux-bionic-x86;linux-ppc64le;freebsd-x64;freebsd-arm64;linux-riscv64;linux-musl-riscv64;linux-musl-loongarch64
                                     ExcludedRuntimeIdentifiers=android
                                     TargetFramework=net9.0
                             Microsoft.NETCore.App
                                     AppHostPackNamePattern=Microsoft.NETCore.App.Host.**RID**
                                     AppHostPackVersion=8.0.25
                                     AppHostRuntimeIdentifiers=linux-arm;linux-arm64;linux-musl-arm64;linux-musl-x64;linux-x64;osx-x64;tizen.4.0.0-armel;tizen.5.0.0-armel;win-arm64;win-x64;win-x86;linux-musl-arm;osx-arm64;linux-s390x;linux-loongarch64;linux-bionic-arm;linux-bionic-arm64;linux-bionic-x64;linux-bionic-x86;linux-ppc64le;freebsd-x64;freebsd-arm64
                                     ExcludedRuntimeIdentifiers=android
                                     TargetFramework=net8.0
                             Microsoft.NETCore.App
                                     AppHostPackNamePattern=Microsoft.NETCore.App.Host.**RID**
                                     AppHostPackVersion=7.0.20
                                     AppHostRuntimeIdentifiers=linux-arm;linux-arm64;linux-musl-arm64;linux-musl-x64;linux-x64;osx-x64;tizen.4.0.0-armel;tizen.5.0.0-armel;win-arm;win-arm64;win-x64;win-x86;linux-musl-arm;osx-arm64;linux-s390x;linux-loongarch64;linux-bionic-arm;linux-bionic-arm64;linux-bionic-x64;linux-bionic-x86;linux-ppc64le
                                     ExcludedRuntimeIdentifiers=android
                                     TargetFramework=net7.0
                             Microsoft.NETCore.App
                                     AppHostPackNamePattern=Microsoft.NETCore.App.Host.**RID**
                                     AppHostPackVersion=6.0.36
                                     AppHostRuntimeIdentifiers=linux-arm;linux-arm64;linux-musl-arm64;linux-musl-x64;linux-x64;osx-x64;tizen.4.0.0-armel;tizen.5.0.0-armel;win-arm;win-arm64;win-x64;win-x86;linux-musl-arm;osx-arm64;linux-s390x;linux-loongarch64
                                     ExcludedRuntimeIdentifiers=android
                                     TargetFramework=net6.0
                             Microsoft.NETCore.App
                                     AppHostPackNamePattern=Microsoft.NETCore.App.Host.**RID**
                                     AppHostPackVersion=5.0.17
                                     AppHostRuntimeIdentifiers=linux-arm;linux-arm64;linux-musl-arm64;linux-musl-x64;linux-x64;osx-x64;tizen.4.0.0-armel;tizen.5.0.0-armel;win-arm;win-arm64;win-x64;win-x86;linux-musl-arm
                                     TargetFramework=net5.0
                             Microsoft.NETCore.App
                                     AppHostPackNamePattern=Microsoft.NETCore.App.Host.**RID**
                                     AppHostPackVersion=3.1.32
                                     AppHostRuntimeIdentifiers=linux-arm;linux-arm64;linux-musl-arm64;linux-musl-x64;linux-x64;osx-x64;tizen.4.0.0-armel;tizen.5.0.0-armel;win-arm;win-arm64;win-x64;win-x86
                                     TargetFramework=netcoreapp3.1
                             Microsoft.NETCore.App
                                     AppHostPackNamePattern=Microsoft.NETCore.App.Host.**RID**
                                     AppHostPackVersion=3.0.3
                                     AppHostRuntimeIdentifiers=linux-arm;linux-arm64;linux-musl-arm64;linux-musl-x64;linux-x64;osx-x64;tizen.4.0.0-armel;tizen.5.0.0-armel;win-arm;win-arm64;win-x64;win-x86
                                     TargetFramework=netcoreapp3.0 (IDTâche:4)
                     Paramètre de tâche :DotNetSingleFileHostExecutableNameWithoutExtension=singlefilehost (IDTâche:4)
                     Paramètre de tâche :TargetFrameworkVersion=8.0 (IDTâche:4)
                     Paramètre de tâche :AppHostRuntimeIdentifier=win-x64 (IDTâche:4)
                     Paramètre de tâche :NetCoreTargetingPackRoot=C:\Program Files\dotnet\packs (IDTâche:4)
                     Élément(s) en sortie : 
                         AppHostPack=
                             AppHost
                                     PackageDirectory=C:\Program Files\dotnet\packs\Microsoft.NETCore.App.Host.win-x64\8.0.25
                                     Path=C:\Program Files\dotnet\packs\Microsoft.NETCore.App.Host.win-x64\8.0.25\runtimes\win-x64\native\apphost.exe
                                     PathInPackage=runtimes\win-x64\native\apphost.exe
                                     RuntimeIdentifier=win-x64 (IDTâche:4)
                     Élément(s) en sortie : 
                         SingleFileHostPack=
                             SingleFileHost
                                     PackageDirectory=C:\Program Files\dotnet\packs\Microsoft.NETCore.App.Host.win-x64\8.0.25
                                     Path=C:\Program Files\dotnet\packs\Microsoft.NETCore.App.Host.win-x64\8.0.25\runtimes\win-x64\native\singlefilehost.exe
                                     PathInPackage=runtimes\win-x64\native\singlefilehost.exe
                                     RuntimeIdentifier=win-x64 (IDTâche:4)
                     Élément(s) en sortie : 
                         ComHostPack=
                             ComHost
                                     PackageDirectory=C:\Program Files\dotnet\packs\Microsoft.NETCore.App.Host.win-x64\8.0.25
                                     Path=C:\Program Files\dotnet\packs\Microsoft.NETCore.App.Host.win-x64\8.0.25\runtimes\win-x64\native\comhost.dll
                                     PathInPackage=runtimes\win-x64\native\comhost.dll
                                     RuntimeIdentifier=win-x64 (IDTâche:4)
                     Élément(s) en sortie : 
                         IjwHostPack=
                             IjwHost
                                     PackageDirectory=C:\Program Files\dotnet\packs\Microsoft.NETCore.App.Host.win-x64\8.0.25
                                     Path=C:\Program Files\dotnet\packs\Microsoft.NETCore.App.Host.win-x64\8.0.25\runtimes\win-x64\native\Ijwhost.dll
                                     PathInPackage=runtimes\win-x64\native\Ijwhost.dll
                                     RuntimeIdentifier=win-x64 (IDTâche:4)
                   Exécution de la tâche "ResolveAppHosts" terminée. (IDTâche:4)
                   Propriété définie : UsePackageDownload=true
                   Propriété définie : UsePackageDownload=true
16:28:51.668     1>Génération de la cible "ProcessFrameworkReferences" terminée dans le projet "EasySave.Console.csproj". : (IdCible:6)
16:28:51.668     1>Cible "_DefaultMicrosoftNETPlatformLibrary : (IdCible:7)" dans le fichier "C:\Program Files\dotnet\sdk\10.0.300-preview.0.26177.108\Sdks\Microsoft.NET.Sdk\targets\Microsoft.NET.Sdk.Shared.targets" du projet "C:\Users\Lenovo\Documents\Génie Logiciel\EasySave-Groupe1\EasySave.Console\EasySave.Console.csproj" (la cible "ResolvePackageAssets" en dépend) :
16:28:51.668     1>Génération de la cible "_DefaultMicrosoftNETPlatformLibrary" terminée dans le projet "EasySave.Console.csproj". : (IdCible:7)
16:28:51.668     1>Cible "_ComputePackageReferencePublish : (IdCible:8)" dans le fichier "C:\Program Files\dotnet\sdk\10.0.300-preview.0.26177.108\Sdks\Microsoft.NET.Sdk\targets\Microsoft.NET.Sdk.Shared.targets" du projet "C:\Users\Lenovo\Documents\Génie Logiciel\EasySave-Groupe1\EasySave.Console\EasySave.Console.csproj" (la cible "ResolvePackageAssets" en dépend) :
16:28:51.668     1>Génération de la cible "_ComputePackageReferencePublish" terminée dans le projet "EasySave.Console.csproj". : (IdCible:8)
16:28:51.668     1>Cible "ResolvePackageAssets : (IdCible:9)" dans le fichier "C:\Program Files\dotnet\sdk\10.0.300-preview.0.26177.108\Sdks\Microsoft.NET.Sdk\targets\Microsoft.PackageDependencyResolution.targets" du projet "C:\Users\Lenovo\Documents\Génie Logiciel\EasySave-Groupe1\EasySave.Console\EasySave.Console.csproj" (la cible "ResolveLockFileReferences" en dépend) :
                   Propriété définie : UseAppHostFromAssetsFile=false
                   Propriété définie : CopyLocalRuntimeTargetAssets=true
                   Utilisation de la tâche "ResolvePackageAssets" à partir de l'assembly "C:\Program Files\dotnet\sdk\10.0.300-preview.0.26177.108\Sdks\Microsoft.NET.Sdk\targets\..\tools\net10.0\Microsoft.NET.Build.Tasks.dll".
                   Tâche "ResolvePackageAssets" (IDTâche:5)
                     Paramètre de tâche :ProjectLanguage=C# (IDTâche:5)
                     Paramètre de tâche :ProjectAssetsCacheFile=C:\Users\Lenovo\Documents\Génie Logiciel\EasySave-Groupe1\EasySave.Console\obj\Debug\net8.0\EasySave.Console.assets.cache (IDTâche:5)
                     Paramètre de tâche :TargetFramework=net8.0 (IDTâche:5)
                     Paramètre de tâche :ProjectPath=C:\Users\Lenovo\Documents\Génie Logiciel\EasySave-Groupe1\EasySave.Console\EasySave.Console.csproj (IDTâche:5)
                     Paramètre de tâche :ProjectAssetsFile=C:\Users\Lenovo\Documents\Génie Logiciel\EasySave-Groupe1\EasySave.Console\obj\project.assets.json (IDTâche:5)
                     Paramètre de tâche :VerifyMatchingImplicitPackageVersion=True (IDTâche:5)
                     Paramètre de tâche :EmitAssetsLogMessages=True (IDTâche:5)
                     Paramètre de tâche :CompilerApiVersion=roslyn5.6 (IDTâche:5)
                     Paramètre de tâche :DotNetAppHostExecutableNameWithoutExtension=apphost (IDTâche:5)
                     Paramètre de tâche :IsSelfContained=False (IDTâche:5)
                     Paramètre de tâche :DefaultImplicitPackages=Microsoft.NETCore.App;NETStandard.Library (IDTâche:5)
                     Paramètre de tâche :CopyLocalRuntimeTargetAssets=True (IDTâche:5)
                     Paramètre de tâche :
                         RuntimeFrameworks=
                             Microsoft.NETCore.App
                                     FrameworkName=Microsoft.NETCore.App
                                     Profile=
                                     Version=8.0.0
                             Microsoft.WindowsDesktop.App
                                     FrameworkName=Microsoft.WindowsDesktop.App
                                     Profile=
                                     Version=8.0.0
                             Microsoft.WindowsDesktop.App
                                     FrameworkName=Microsoft.WindowsDesktop.App.WPF
                                     Profile=WPF
                                     Version=8.0.0
                             Microsoft.WindowsDesktop.App
                                     FrameworkName=Microsoft.WindowsDesktop.App.WindowsForms
                                     Profile=WindowsForms
                                     Version=8.0.0
                             Microsoft.AspNetCore.App
                                     FrameworkName=Microsoft.AspNetCore.App
                                     Profile=
                                     Version=8.0.0 (IDTâche:5)
                     Paramètre de tâche :MarkPackageReferencesAsExternallyResolved=True (IDTâche:5)
                     Élément(s) en sortie : 
                         _TransitiveProjectReferences=
                             ..\EasyLog\EasyLog.csproj
                                     NuGetPackageId=EasyLog
                                     NuGetPackageVersion=1.0.0 (IDTâche:5)
                     Élément(s) en sortie : 
                         AssetsFilePackageFolder=
                             C:\Users\Lenovo\.nuget\packages\
                             C:\Program Files (x86)\Microsoft Visual Studio\Shared\NuGetPackages (IDTâche:5)
                   Exécution de la tâche "ResolvePackageAssets" terminée. (IDTâche:5)
16:28:51.684     1>Génération de la cible "ResolvePackageAssets" terminée dans le projet "EasySave.Console.csproj". : (IdCible:9)
16:28:51.684     1>Cible "ResolveLockFileReferences : (IdCible:10)" dans le fichier "C:\Program Files\dotnet\sdk\10.0.300-preview.0.26177.108\Sdks\Microsoft.NET.Sdk\targets\Microsoft.PackageDependencyResolution.targets" du projet "C:\Users\Lenovo\Documents\Génie Logiciel\EasySave-Groupe1\EasySave.Console\EasySave.Console.csproj" (la cible "ResolvePackageDependenciesForBuild" en dépend) :
                   Utilisation de la tâche "JoinItems" à partir de l'assembly "C:\Program Files\dotnet\sdk\10.0.300-preview.0.26177.108\Sdks\Microsoft.NET.Sdk\targets\..\tools\net10.0\Microsoft.NET.Build.Tasks.dll".
                   Tâche "JoinItems" (IDTâche:6)
                     Paramètre de tâche :LeftMetadata=* (IDTâche:6)
                     Paramètre de tâche :RightMetadata=* (IDTâche:6)
                     Paramètre de tâche :LeftKey=FileName (IDTâche:6)
                   Exécution de la tâche "JoinItems" terminée. (IDTâche:6)
16:28:51.685     1>Génération de la cible "ResolveLockFileReferences" terminée dans le projet "EasySave.Console.csproj". : (IdCible:10)
                   Cible "ResolvePackageAssets" ignorée. Elle a été générée.
16:28:51.685     1>Cible "ResolveLockFileAnalyzers : (IdCible:11)" dans le fichier "C:\Program Files\dotnet\sdk\10.0.300-preview.0.26177.108\Sdks\Microsoft.NET.Sdk\targets\Microsoft.PackageDependencyResolution.targets" du projet "C:\Users\Lenovo\Documents\Génie Logiciel\EasySave-Groupe1\EasySave.Console\EasySave.Console.csproj" (la cible "ResolvePackageDependenciesForBuild" en dépend) :
16:28:51.685     1>Génération de la cible "ResolveLockFileAnalyzers" terminée dans le projet "EasySave.Console.csproj". : (IdCible:11)
                   Cible "ResolvePackageAssets" ignorée. Elle a été générée.
16:28:51.686     1>Cible "ResolveLockFileCopyLocalFiles : (IdCible:12)" dans le fichier "C:\Program Files\dotnet\sdk\10.0.300-preview.0.26177.108\Sdks\Microsoft.NET.Sdk\targets\Microsoft.PackageDependencyResolution.targets" du projet "C:\Users\Lenovo\Documents\Génie Logiciel\EasySave-Groupe1\EasySave.Console\EasySave.Console.csproj" (la cible "ResolvePackageDependenciesForBuild" en dépend) :
16:28:51.686     1>Génération de la cible "ResolveLockFileCopyLocalFiles" terminée dans le projet "EasySave.Console.csproj". : (IdCible:12)
                   Cible "ResolvePackageAssets" ignorée. Elle a été générée.
16:28:51.686     1>Cible "IncludeTransitiveProjectReferences : (IdCible:13)" dans le fichier "C:\Program Files\dotnet\sdk\10.0.300-preview.0.26177.108\Sdks\Microsoft.NET.Sdk\targets\Microsoft.PackageDependencyResolution.targets" du projet "C:\Users\Lenovo\Documents\Génie Logiciel\EasySave-Groupe1\EasySave.Console\EasySave.Console.csproj" (la cible "ResolvePackageDependenciesForBuild" en dépend) :
                   Élément(s) ajouté(s) : 
                       ProjectReference=
                           ..\EasyLog\EasyLog.csproj
                                   NuGetPackageId=EasyLog
                                   NuGetPackageVersion=1.0.0
                                   OutputItemType=
                                   ReferenceSourceTarget=ProjectReference
                                   Targets=
16:28:51.686     1>Génération de la cible "IncludeTransitiveProjectReferences" terminée dans le projet "EasySave.Console.csproj". : (IdCible:13)
16:28:51.686     1>Cible "ResolvePackageDependenciesForBuild : (IdCible:14)" dans le fichier "C:\Program Files\dotnet\sdk\10.0.300-preview.0.26177.108\Sdks\Microsoft.NET.Sdk\targets\Microsoft.PackageDependencyResolution.targets" du projet "C:\Users\Lenovo\Documents\Génie Logiciel\EasySave-Groupe1\EasySave.Console\EasySave.Console.csproj" (la cible "AssignProjectConfiguration" en dépend) :
16:28:51.686     1>Génération de la cible "ResolvePackageDependenciesForBuild" terminée dans le projet "EasySave.Console.csproj". : (IdCible:14)
16:28:51.686     1>Cible "AssignProjectConfiguration : (IdCible:15)" dans le fichier "C:\Program Files\dotnet\sdk\10.0.300-preview.0.26177.108\Microsoft.Common.CurrentVersion.targets" du projet "C:\Users\Lenovo\Documents\Génie Logiciel\EasySave-Groupe1\EasySave.Console\EasySave.Console.csproj" (la cible "ResolveReferences" en dépend) :
                   Propriété définie : OnlyReferenceAndBuildProjectsEnabledInSolutionConfiguration=true
                   Propriété définie : ShouldUnsetParentConfigurationAndPlatform=false
                   Propriété définie : AddSyntheticProjectReferencesForSolutionDependencies=true
                   Utilisation de la tâche "AssignProjectConfiguration" à partir de l'assembly "Microsoft.Build.Tasks.Core, Version=15.1.0.0, Culture=neutral, PublicKeyToken=b03f5f7f11d50a3a".
                   Tâche "AssignProjectConfiguration" (IDTâche:7)
                     Paramètre de tâche :OutputType=Exe (IDTâche:7)
                     Paramètre de tâche :OnlyReferenceAndBuildProjectsEnabledInSolutionConfiguration=True (IDTâche:7)
                     Paramètre de tâche :ResolveConfigurationPlatformUsingMappings=False (IDTâche:7)
                     Paramètre de tâche :CurrentProjectPlatform=AnyCPU (IDTâche:7)
                     Paramètre de tâche :ShouldUnsetParentConfigurationAndPlatform=False (IDTâche:7)
                     Paramètre de tâche :CurrentProject=C:\Users\Lenovo\Documents\Génie Logiciel\EasySave-Groupe1\EasySave.Console\EasySave.Console.csproj (IDTâche:7)
                     Paramètre de tâche :
                         ProjectReferences=
                             ..\EasySave\EasySave.csproj
                                     OutputItemType=
                                     ReferenceSourceTarget=ProjectReference
                                     Targets=
                             ..\EasyLog\EasyLog.csproj
                                     NuGetPackageId=EasyLog
                                     NuGetPackageVersion=1.0.0
                                     OutputItemType=
                                     ReferenceSourceTarget=ProjectReference
                                     Targets= (IDTâche:7)
                     Paramètre de tâche :AddSyntheticProjectReferencesForSolutionDependencies=True (IDTâche:7)
                     Paramètre de tâche :CurrentProjectConfiguration=Debug (IDTâche:7)
                     La référence de projet "..\EasySave\EasySave.csproj" n'a pas été résolue. (IDTâche:7)
                     La référence de projet "..\EasyLog\EasyLog.csproj" n'a pas été résolue. (IDTâche:7)
                     Élément(s) en sortie : 
                         _ProjectReferenceWithConfiguration=
                             ..\EasySave\EasySave.csproj
                                     OutputItemType=
                                     ReferenceSourceTarget=ProjectReference
                                     Targets=
                             ..\EasyLog\EasyLog.csproj
                                     NuGetPackageId=EasyLog
                                     NuGetPackageVersion=1.0.0
                                     OutputItemType=
                                     ReferenceSourceTarget=ProjectReference
                                     Targets= (IDTâche:7)
                     Élément(s) en sortie : 
                         ProjectReferenceWithConfiguration=
                             ..\EasySave\EasySave.csproj
                                     OutputItemType=
                                     ReferenceSourceTarget=ProjectReference
                                     Targets=
                             ..\EasyLog\EasyLog.csproj
                                     NuGetPackageId=EasyLog
                                     NuGetPackageVersion=1.0.0
                                     OutputItemType=
                                     ReferenceSourceTarget=ProjectReference
                                     Targets= (IDTâche:7)
                   Exécution de la tâche "AssignProjectConfiguration" terminée. (IDTâche:7)
16:28:51.695     1>Génération de la cible "AssignProjectConfiguration" terminée dans le projet "EasySave.Console.csproj". : (IdCible:15)
                   Cible "AssignProjectConfiguration" ignorée. Elle a été générée.
16:28:51.695     1>Cible "_SplitProjectReferencesByFileExistence : (IdCible:16)" dans le fichier "C:\Program Files\dotnet\sdk\10.0.300-preview.0.26177.108\Microsoft.Common.CurrentVersion.targets" du projet "C:\Users\Lenovo\Documents\Génie Logiciel\EasySave-Groupe1\EasySave.Console\EasySave.Console.csproj" (la cible "PrepareProjectReferences" en dépend) :
                   Élément(s) ajouté(s) : 
                       _MSBuildProjectReference=
                           ..\EasySave\EasySave.csproj
                                   BuildReference=true
                                   OutputItemType=
                                   ReferenceOutputAssembly=true
                                   ReferenceSourceTarget=ProjectReference
                                   Targets=
                           ..\EasyLog\EasyLog.csproj
                                   BuildReference=true
                                   NuGetPackageId=EasyLog
                                   NuGetPackageVersion=1.0.0
                                   OutputItemType=
                                   ReferenceOutputAssembly=true
                                   ReferenceSourceTarget=ProjectReference
                                   Targets=
                   Élément(s) ajouté(s) : 
                       _MSBuildProjectReferenceExistent=
                           ..\EasySave\EasySave.csproj
                                   BuildReference=true
                                   OutputItemType=
                                   ReferenceOutputAssembly=true
                                   ReferenceSourceTarget=ProjectReference
                                   Targets=
                   Élément(s) ajouté(s) : 
                       _MSBuildProjectReferenceExistent=
                           ..\EasyLog\EasyLog.csproj
                                   BuildReference=true
                                   NuGetPackageId=EasyLog
                                   NuGetPackageVersion=1.0.0
                                   OutputItemType=
                                   ReferenceOutputAssembly=true
                                   ReferenceSourceTarget=ProjectReference
                                   Targets=
16:28:51.696     1>Génération de la cible "_SplitProjectReferencesByFileExistence" terminée dans le projet "EasySave.Console.csproj". : (IdCible:16)
16:28:51.697     1>Cible "_AddOutputPathToGlobalPropertiesToRemove : (IdCible:17)" dans le fichier "C:\Program Files\dotnet\sdk\10.0.300-preview.0.26177.108\Microsoft.Common.CurrentVersion.targets" du projet "C:\Users\Lenovo\Documents\Génie Logiciel\EasySave-Groupe1\EasySave.Console\EasySave.Console.csproj" (la cible "_GetProjectReferenceTargetFrameworkProperties" en dépend) :
16:28:51.697     1>Génération de la cible "_AddOutputPathToGlobalPropertiesToRemove" terminée dans le projet "EasySave.Console.csproj". : (IdCible:17)
16:28:51.697     1>Cible "_GetProjectReferenceTargetFrameworkProperties : (IdCible:18)" dans le fichier "C:\Program Files\dotnet\sdk\10.0.300-preview.0.26177.108\Microsoft.Common.CurrentVersion.targets" du projet "C:\Users\Lenovo\Documents\Génie Logiciel\EasySave-Groupe1\EasySave.Console\EasySave.Console.csproj" (la cible "PrepareProjectReferences" en dépend) :
                   Propriété définie : ReferringTargetFrameworkForProjectReferences=.NETCoreApp,Version=v8.0
                   Utilisation de la tâche "MSBuild" à partir de l'assembly "Microsoft.Build.Tasks.Core, Version=15.1.0.0, Culture=neutral, PublicKeyToken=b03f5f7f11d50a3a".
                   Tâche "MSBuild" (IDTâche:8)
                     Paramètre de tâche :BuildInParallel=True (IDTâche:8)
                     Paramètre de tâche :RemoveProperties=;TargetFramework;RuntimeIdentifier;SelfContained; (IDTâche:8)
                     Paramètre de tâche :Targets=GetTargetFrameworks (IDTâche:8)
                     Paramètre de tâche :SkipNonexistentTargets=True (IDTâche:8)
                     Paramètre de tâche :
                         Projects=
                             ..\EasySave\EasySave.csproj
                                     BuildReference=true
                                     OutputItemType=
                                     ReferenceOutputAssembly=true
                                     ReferenceSourceTarget=ProjectReference
                                     Targets=
                             ..\EasyLog\EasyLog.csproj
                                     BuildReference=true
                                     NuGetPackageId=EasyLog
                                     NuGetPackageVersion=1.0.0
                                     OutputItemType=
                                     ReferenceOutputAssembly=true
                                     ReferenceSourceTarget=ProjectReference
                                     Targets= (IDTâche:8)
                     Suppression des propriétés : (IDTâche:8)
                       TargetFramework (IDTâche:8)
                       RuntimeIdentifier (IDTâche:8)
                       SelfContained (IDTâche:8)
16:28:51.715     0>Assembly chargé pendant Evaluation : System.Security.Claims, Version=10.0.0.0, Culture=neutral, PublicKeyToken=b03f5f7f11d50a3a (emplacement : C:\Program Files\dotnet\shared\Microsoft.NETCore.App\10.0.5\System.Security.Claims.dll, MVID : 0db79f57-fb48-45b2-9d8e-d7f381d2db3f, AssemblyLoadContext : Default)
                   C:\Program Files\dotnet\sdk\10.0.300-preview.0.26177.108\Sdks\Microsoft.NET.Sdk\Sdk\Sdk.props(49,11): message : Propriété 'MSBuildExtensionsPath' avec la valeur 'C:\Program Files\dotnet\sdk\10.0.300-preview.0.26177.108\' développée à partir de l’environnement.
                   C:\Program Files\dotnet\sdk\10.0.300-preview.0.26177.108\Current\Microsoft.Common.props(60,5): message : Réassignation de propriété : $(MSBuildProjectExtensionsPath)="C:\Users\Lenovo\Documents\Génie Logiciel\EasySave-Groupe1\EasySave\obj\" (valeur précédente : "obj\") à C:\Program Files\dotnet\sdk\10.0.300-preview.0.26177.108\Current\Microsoft.Common.props (60,5)
                   C:\Users\Lenovo\Documents\Génie Logiciel\EasySave-Groupe1\EasySave\obj\EasySave.csproj.nuget.g.props(7,5): message : Propriété 'USERPROFILE' avec la valeur 'C:\Users\Lenovo' développée à partir de l’environnement.
                   C:\Program Files\dotnet\sdk\10.0.300-preview.0.26177.108\Current\Microsoft.Common.props(84,119): message : Propriété 'MSBuildUserExtensionsPath' avec la valeur 'C:\Users\Lenovo\AppData\Local\Microsoft\MSBuild' développée à partir de l’environnement.
                   C:\Program Files\dotnet\sdk\10.0.300-preview.0.26177.108\Sdks\Microsoft.NET.Sdk\targets\Microsoft.NET.Sdk.props(90,5): message : Réassignation de propriété : $(AssemblySearchPaths)="{CandidateAssemblyFiles};{HintPathFromItem}" (valeur précédente : "{CandidateAssemblyFiles}") à C:\Program Files\dotnet\sdk\10.0.300-preview.0.26177.108\Sdks\Microsoft.NET.Sdk\targets\Microsoft.NET.Sdk.props (90,5)
                   C:\Program Files\dotnet\sdk\10.0.300-preview.0.26177.108\Sdks\Microsoft.NET.Sdk\targets\Microsoft.NET.Sdk.props(91,5): message : Réassignation de propriété : $(AssemblySearchPaths)="{CandidateAssemblyFiles};{HintPathFromItem};{TargetFrameworkDirectory}" (valeur précédente : "{CandidateAssemblyFiles};{HintPathFromItem}") à C:\Program Files\dotnet\sdk\10.0.300-preview.0.26177.108\Sdks\Microsoft.NET.Sdk\targets\Microsoft.NET.Sdk.props (91,5)
                   C:\Program Files\dotnet\sdk\10.0.300-preview.0.26177.108\Sdks\Microsoft.NET.Sdk\targets\Microsoft.NET.Sdk.props(92,5): message : Réassignation de propriété : $(AssemblySearchPaths)="{CandidateAssemblyFiles};{HintPathFromItem};{TargetFrameworkDirectory};{RawFileName}" (valeur précédente : "{CandidateAssemblyFiles};{HintPathFromItem};{TargetFrameworkDirectory}") à C:\Program Files\dotnet\sdk\10.0.300-preview.0.26177.108\Sdks\Microsoft.NET.Sdk\targets\Microsoft.NET.Sdk.props (92,5)
                   C:\Users\Lenovo\Documents\Génie Logiciel\EasySave-Groupe1\EasySave\EasySave.csproj(8,5): message : Réassignation de propriété : $(OutputType)="Exe" (valeur précédente : "Library") à C:\Users\Lenovo\Documents\Génie Logiciel\EasySave-Groupe1\EasySave\EasySave.csproj (8,5)
                   C:\Program Files\dotnet\sdk\10.0.300-preview.0.26177.108\Sdks\Microsoft.NET.Sdk\targets\Microsoft.NET.Sdk.ImportPublishProfile.targets(28,5): message : Réassignation de propriété : $(PublishProfileImported)="false" (valeur précédente : "true") à C:\Program Files\dotnet\sdk\10.0.300-preview.0.26177.108\Sdks\Microsoft.NET.Sdk\targets\Microsoft.NET.Sdk.ImportPublishProfile.targets (28,5)
                   C:\Program Files\dotnet\sdk\10.0.300-preview.0.26177.108\Sdks\Microsoft.NET.Sdk\targets\Microsoft.NET.TargetFrameworkInference.targets(81,5): message : Réassignation de propriété : $(TargetPlatformVersion)="" (valeur précédente : "0.0") à C:\Program Files\dotnet\sdk\10.0.300-preview.0.26177.108\Sdks\Microsoft.NET.Sdk\targets\Microsoft.NET.TargetFrameworkInference.targets (81,5)
                   C:\Program Files\dotnet\sdk\10.0.300-preview.0.26177.108\Sdks\Microsoft.NET.Sdk\targets\Microsoft.NET.DefaultOutputPaths.targets(127,5): message : Réassignation de propriété : $(DefaultItemExcludes)=";bin\Debug\/**;obj\Debug\/**" (valeur précédente : ";bin\Debug\/**") à C:\Program Files\dotnet\sdk\10.0.300-preview.0.26177.108\Sdks\Microsoft.NET.Sdk\targets\Microsoft.NET.DefaultOutputPaths.targets (127,5)
                   C:\Program Files\dotnet\sdk\10.0.300-preview.0.26177.108\Sdks\Microsoft.NET.Sdk\targets\Microsoft.NET.DefaultOutputPaths.targets(142,5): message : Réassignation de propriété : $(OutputPath)="bin\Debug\net8.0\" (valeur précédente : "bin\Debug\") à C:\Program Files\dotnet\sdk\10.0.300-preview.0.26177.108\Sdks\Microsoft.NET.Sdk\targets\Microsoft.NET.DefaultOutputPaths.targets (142,5)
                   C:\Program Files\dotnet\sdk\10.0.300-preview.0.26177.108\Sdks\Microsoft.NET.Sdk\targets\Microsoft.NET.DefaultOutputPaths.targets(147,5): message : Réassignation de propriété : $(IntermediateOutputPath)="obj\Debug\net8.0\" (valeur précédente : "obj\Debug\") à C:\Program Files\dotnet\sdk\10.0.300-preview.0.26177.108\Sdks\Microsoft.NET.Sdk\targets\Microsoft.NET.DefaultOutputPaths.targets (147,5)
                   C:\Program Files\dotnet\sdk\10.0.300-preview.0.26177.108\Sdks\Microsoft.NET.Sdk\targets\Microsoft.NET.Sdk.BeforeCommon.targets(379,5): message : Réassignation de propriété : $(RoslynTargetsPath)="C:\Program Files\dotnet\sdk\10.0.300-preview.0.26177.108\Sdks\Microsoft.NET.Sdk\targets\..\..\..\Roslyn" (valeur précédente : "C:\Program Files\dotnet\sdk\10.0.300-preview.0.26177.108\Roslyn") à C:\Program Files\dotnet\sdk\10.0.300-preview.0.26177.108\Sdks\Microsoft.NET.Sdk\targets\Microsoft.NET.Sdk.BeforeCommon.targets (379,5)
                   C:\Program Files\dotnet\sdk\10.0.300-preview.0.26177.108\Roslyn\Microsoft.Managed.Core.targets(6,5): message : Réassignation de propriété : $(_BuildTasksDirectory)="C:\Program Files\dotnet\sdk\10.0.300-preview.0.26177.108\Sdks\Microsoft.NET.Sdk\targets\..\..\..\Roslyn\" (valeur précédente : "C:\Program Files\dotnet\sdk\10.0.300-preview.0.26177.108\Roslyn\") à C:\Program Files\dotnet\sdk\10.0.300-preview.0.26177.108\Roslyn\Microsoft.Managed.Core.targets (6,5)
                   C:\Program Files\dotnet\sdk\10.0.300-preview.0.26177.108\Roslyn\Microsoft.CSharp.Core.targets(213,5): message : Réassignation de propriété : $(CommandLineArgsForDesignTimeEvaluation)="-langversion:12.0 -define:TRACE" (valeur précédente : "-langversion:12.0") à C:\Program Files\dotnet\sdk\10.0.300-preview.0.26177.108\Roslyn\Microsoft.CSharp.Core.targets (213,5)
                   C:\Program Files\dotnet\sdk\10.0.300-preview.0.26177.108\Microsoft.Common.CurrentVersion.targets(175,5): message : Réassignation de propriété : $(_DebugSymbolsProduced)="true" (valeur précédente : "false") à C:\Program Files\dotnet\sdk\10.0.300-preview.0.26177.108\Microsoft.Common.CurrentVersion.targets (175,5)
                   C:\Program Files\dotnet\sdk\10.0.300-preview.0.26177.108\Microsoft.Common.CurrentVersion.targets(185,5): message : Réassignation de propriété : $(_DocumentationFileProduced)="false" (valeur précédente : "true") à C:\Program Files\dotnet\sdk\10.0.300-preview.0.26177.108\Microsoft.Common.CurrentVersion.targets (185,5)
                   C:\Program Files\dotnet\sdk\10.0.300-preview.0.26177.108\Microsoft.Common.CurrentVersion.targets(393,5): message : Réassignation de propriété : $(MSBuildCopyMarkerName)="EasySave.csproj.Up2Date" (valeur précédente : "EasySave.csproj") à C:\Program Files\dotnet\sdk\10.0.300-preview.0.26177.108\Microsoft.Common.CurrentVersion.targets (393,5)
                   C:\Program Files\dotnet\sdk\10.0.300-preview.0.26177.108\Microsoft.Common.CurrentVersion.targets(541,5): message : Réassignation de propriété : $(ProcessorArchitecture)="msil" (valeur précédente : "") à C:\Program Files\dotnet\sdk\10.0.300-preview.0.26177.108\Microsoft.Common.CurrentVersion.targets (541,5)
                   C:\Program Files\dotnet\sdk\10.0.300-preview.0.26177.108\Microsoft.Common.CurrentVersion.targets(580,5): message : Réassignation de propriété : $(DelaySign)="" (valeur précédente : "false") à C:\Program Files\dotnet\sdk\10.0.300-preview.0.26177.108\Microsoft.Common.CurrentVersion.targets (580,5)
                   C:\Program Files\dotnet\sdk\10.0.300-preview.0.26177.108\Microsoft.Common.CurrentVersion.targets(2622,5): message : Propriété 'LOCALAPPDATA' avec la valeur 'C:\Users\Lenovo\AppData\Local' développée à partir de l’environnement.
                   C:\Program Files\dotnet\sdk\10.0.300-preview.0.26177.108\Microsoft.Common.CurrentVersion.targets(3950,5): message : Réassignation de propriété : $(_SGenGenerateSerializationAssembliesConfig)="Auto" (valeur précédente : "") à C:\Program Files\dotnet\sdk\10.0.300-preview.0.26177.108\Microsoft.Common.CurrentVersion.targets (3950,5)
                   C:\Program Files\dotnet\sdk\10.0.300-preview.0.26177.108\Microsoft.Common.CurrentVersion.targets(3951,5): message : Réassignation de propriété : $(_SGenGenerateSerializationAssembliesConfig)="Off" (valeur précédente : "Auto") à C:\Program Files\dotnet\sdk\10.0.300-preview.0.26177.108\Microsoft.Common.CurrentVersion.targets (3951,5)
                   C:\Program Files\dotnet\sdk\10.0.300-preview.0.26177.108\Microsoft.Common.CurrentVersion.targets(5162,5): message : Réassignation de propriété : $(_TargetsThatPrepareProjectReferences)="
                   C:\Program Files\dotnet\sdk\10.0.300-preview.0.26177.108\Microsoft.Common.CurrentVersion.targets(5162,5): message :       AssignProjectConfiguration;
                   C:\Program Files\dotnet\sdk\10.0.300-preview.0.26177.108\Microsoft.Common.CurrentVersion.targets(5162,5): message :       _SplitProjectReferencesByFileExistence
                   C:\Program Files\dotnet\sdk\10.0.300-preview.0.26177.108\Microsoft.Common.CurrentVersion.targets(5162,5): message :     " (valeur précédente : "_SplitProjectReferencesByFileExistence") à C:\Program Files\dotnet\sdk\10.0.300-preview.0.26177.108\Microsoft.Common.CurrentVersion.targets (5162,5)
                   C:\Program Files\dotnet\sdk\10.0.300-preview.0.26177.108\Microsoft.Common.CurrentVersion.targets(6975,5): message : Propriété 'MSBuildExtensionsPath32' avec la valeur 'C:\Program Files\dotnet\sdk\10.0.300-preview.0.26177.108' développée à partir de l’environnement.
                   C:\Program Files\dotnet\sdk\10.0.300-preview.0.26177.108\Sdks\Microsoft.NET.Sdk\targets\Microsoft.PackageDependencyResolution.targets(29,5): message : Réassignation de propriété : $(ProjectAssetsCacheFile)="C:\Users\Lenovo\Documents\Génie Logiciel\EasySave-Groupe1\EasySave\obj\Debug\net8.0\EasySave.assets.cache" (valeur précédente : "obj\Debug\net8.0\EasySave.assets.cache") à C:\Program Files\dotnet\sdk\10.0.300-preview.0.26177.108\Sdks\Microsoft.NET.Sdk\targets\Microsoft.PackageDependencyResolution.targets (29,5)
                   C:\Program Files\dotnet\sdk\10.0.300-preview.0.26177.108\Sdks\Microsoft.NET.Sdk\targets\Microsoft.PackageDependencyResolution.targets(80,5): message : Réassignation de propriété : $(ResolveAssemblyReferencesDependsOn)="
                   C:\Program Files\dotnet\sdk\10.0.300-preview.0.26177.108\Sdks\Microsoft.NET.Sdk\targets\Microsoft.PackageDependencyResolution.targets(80,5): message :       
                   C:\Program Files\dotnet\sdk\10.0.300-preview.0.26177.108\Sdks\Microsoft.NET.Sdk\targets\Microsoft.PackageDependencyResolution.targets(80,5): message :       ResolveProjectReferences;
                   C:\Program Files\dotnet\sdk\10.0.300-preview.0.26177.108\Sdks\Microsoft.NET.Sdk\targets\Microsoft.PackageDependencyResolution.targets(80,5): message :       FindInvalidProjectReferences;
                   C:\Program Files\dotnet\sdk\10.0.300-preview.0.26177.108\Sdks\Microsoft.NET.Sdk\targets\Microsoft.PackageDependencyResolution.targets(80,5): message :       GetFrameworkPaths;
                   C:\Program Files\dotnet\sdk\10.0.300-preview.0.26177.108\Sdks\Microsoft.NET.Sdk\targets\Microsoft.PackageDependencyResolution.targets(80,5): message :       GetReferenceAssemblyPaths;
                   C:\Program Files\dotnet\sdk\10.0.300-preview.0.26177.108\Sdks\Microsoft.NET.Sdk\targets\Microsoft.PackageDependencyResolution.targets(80,5): message :       PrepareForBuild;
                   C:\Program Files\dotnet\sdk\10.0.300-preview.0.26177.108\Sdks\Microsoft.NET.Sdk\targets\Microsoft.PackageDependencyResolution.targets(80,5): message :       ResolveSDKReferences;
                   C:\Program Files\dotnet\sdk\10.0.300-preview.0.26177.108\Sdks\Microsoft.NET.Sdk\targets\Microsoft.PackageDependencyResolution.targets(80,5): message :       ExpandSDKReferences;
                   C:\Program Files\dotnet\sdk\10.0.300-preview.0.26177.108\Sdks\Microsoft.NET.Sdk\targets\Microsoft.PackageDependencyResolution.targets(80,5): message :     ;
                   C:\Program Files\dotnet\sdk\10.0.300-preview.0.26177.108\Sdks\Microsoft.NET.Sdk\targets\Microsoft.PackageDependencyResolution.targets(80,5): message :       ResolvePackageDependenciesForBuild;
                   C:\Program Files\dotnet\sdk\10.0.300-preview.0.26177.108\Sdks\Microsoft.NET.Sdk\targets\Microsoft.PackageDependencyResolution.targets(80,5): message :       _HandlePackageFileConflicts;
                   C:\Program Files\dotnet\sdk\10.0.300-preview.0.26177.108\Sdks\Microsoft.NET.Sdk\targets\Microsoft.PackageDependencyResolution.targets(80,5): message :     " (valeur précédente : "
                   C:\Program Files\dotnet\sdk\10.0.300-preview.0.26177.108\Sdks\Microsoft.NET.Sdk\targets\Microsoft.PackageDependencyResolution.targets(80,5): message :       ResolveProjectReferences;
                   C:\Program Files\dotnet\sdk\10.0.300-preview.0.26177.108\Sdks\Microsoft.NET.Sdk\targets\Microsoft.PackageDependencyResolution.targets(80,5): message :       FindInvalidProjectReferences;
                   C:\Program Files\dotnet\sdk\10.0.300-preview.0.26177.108\Sdks\Microsoft.NET.Sdk\targets\Microsoft.PackageDependencyResolution.targets(80,5): message :       GetFrameworkPaths;
                   C:\Program Files\dotnet\sdk\10.0.300-preview.0.26177.108\Sdks\Microsoft.NET.Sdk\targets\Microsoft.PackageDependencyResolution.targets(80,5): message :       GetReferenceAssemblyPaths;
                   C:\Program Files\dotnet\sdk\10.0.300-preview.0.26177.108\Sdks\Microsoft.NET.Sdk\targets\Microsoft.PackageDependencyResolution.targets(80,5): message :       PrepareForBuild;
                   C:\Program Files\dotnet\sdk\10.0.300-preview.0.26177.108\Sdks\Microsoft.NET.Sdk\targets\Microsoft.PackageDependencyResolution.targets(80,5): message :       ResolveSDKReferences;
                   C:\Program Files\dotnet\sdk\10.0.300-preview.0.26177.108\Sdks\Microsoft.NET.Sdk\targets\Microsoft.PackageDependencyResolution.targets(80,5): message :       ExpandSDKReferences;
                   C:\Program Files\dotnet\sdk\10.0.300-preview.0.26177.108\Sdks\Microsoft.NET.Sdk\targets\Microsoft.PackageDependencyResolution.targets(80,5): message :     ") à C:\Program Files\dotnet\sdk\10.0.300-preview.0.26177.108\Sdks\Microsoft.NET.Sdk\targets\Microsoft.PackageDependencyResolution.targets (80,5)
                   C:\Program Files\dotnet\sdk\10.0.300-preview.0.26177.108\Sdks\Microsoft.NET.Sdk\targets\Microsoft.PackageDependencyResolution.targets(86,5): message : Réassignation de propriété : $(PrepareResourcesDependsOn)="
                   C:\Program Files\dotnet\sdk\10.0.300-preview.0.26177.108\Sdks\Microsoft.NET.Sdk\targets\Microsoft.PackageDependencyResolution.targets(86,5): message :       ResolvePackageDependenciesForBuild;
                   C:\Program Files\dotnet\sdk\10.0.300-preview.0.26177.108\Sdks\Microsoft.NET.Sdk\targets\Microsoft.PackageDependencyResolution.targets(86,5): message :       _HandlePackageFileConflicts;
                   C:\Program Files\dotnet\sdk\10.0.300-preview.0.26177.108\Sdks\Microsoft.NET.Sdk\targets\Microsoft.PackageDependencyResolution.targets(86,5): message :       
                   C:\Program Files\dotnet\sdk\10.0.300-preview.0.26177.108\Sdks\Microsoft.NET.Sdk\targets\Microsoft.PackageDependencyResolution.targets(86,5): message :       ;
                   C:\Program Files\dotnet\sdk\10.0.300-preview.0.26177.108\Sdks\Microsoft.NET.Sdk\targets\Microsoft.PackageDependencyResolution.targets(86,5): message :       PrepareResourceNames;
                   C:\Program Files\dotnet\sdk\10.0.300-preview.0.26177.108\Sdks\Microsoft.NET.Sdk\targets\Microsoft.PackageDependencyResolution.targets(86,5): message :       ResGen;
                   C:\Program Files\dotnet\sdk\10.0.300-preview.0.26177.108\Sdks\Microsoft.NET.Sdk\targets\Microsoft.PackageDependencyResolution.targets(86,5): message :       CompileLicxFiles
                   C:\Program Files\dotnet\sdk\10.0.300-preview.0.26177.108\Sdks\Microsoft.NET.Sdk\targets\Microsoft.PackageDependencyResolution.targets(86,5): message :     
                   C:\Program Files\dotnet\sdk\10.0.300-preview.0.26177.108\Sdks\Microsoft.NET.Sdk\targets\Microsoft.PackageDependencyResolution.targets(86,5): message :     " (valeur précédente : "
                   C:\Program Files\dotnet\sdk\10.0.300-preview.0.26177.108\Sdks\Microsoft.NET.Sdk\targets\Microsoft.PackageDependencyResolution.targets(86,5): message :       ;
                   C:\Program Files\dotnet\sdk\10.0.300-preview.0.26177.108\Sdks\Microsoft.NET.Sdk\targets\Microsoft.PackageDependencyResolution.targets(86,5): message :       PrepareResourceNames;
                   C:\Program Files\dotnet\sdk\10.0.300-preview.0.26177.108\Sdks\Microsoft.NET.Sdk\targets\Microsoft.PackageDependencyResolution.targets(86,5): message :       ResGen;
                   C:\Program Files\dotnet\sdk\10.0.300-preview.0.26177.108\Sdks\Microsoft.NET.Sdk\targets\Microsoft.PackageDependencyResolution.targets(86,5): message :       CompileLicxFiles
                   C:\Program Files\dotnet\sdk\10.0.300-preview.0.26177.108\Sdks\Microsoft.NET.Sdk\targets\Microsoft.PackageDependencyResolution.targets(86,5): message :     ") à C:\Program Files\dotnet\sdk\10.0.300-preview.0.26177.108\Sdks\Microsoft.NET.Sdk\targets\Microsoft.PackageDependencyResolution.targets (86,5)
                   C:\Program Files\dotnet\sdk\10.0.300-preview.0.26177.108\Sdks\Microsoft.NET.Sdk\targets\Microsoft.NET.Sdk.DefaultItems.targets(35,5): message : Réassignation de propriété : $(DefaultItemExcludes)=";bin\Debug\/**;obj\Debug\/**;bin\/**" (valeur précédente : ";bin\Debug\/**;obj\Debug\/**") à C:\Program Files\dotnet\sdk\10.0.300-preview.0.26177.108\Sdks\Microsoft.NET.Sdk\targets\Microsoft.NET.Sdk.DefaultItems.targets (35,5)
                   C:\Program Files\dotnet\sdk\10.0.300-preview.0.26177.108\Sdks\Microsoft.NET.Sdk\targets\Microsoft.NET.Sdk.DefaultItems.targets(37,5): message : Réassignation de propriété : $(DefaultItemExcludes)=";bin\Debug\/**;obj\Debug\/**;bin\/**;obj\/**" (valeur précédente : ";bin\Debug\/**;obj\Debug\/**;bin\/**") à C:\Program Files\dotnet\sdk\10.0.300-preview.0.26177.108\Sdks\Microsoft.NET.Sdk\targets\Microsoft.NET.Sdk.DefaultItems.targets (37,5)
                   C:\Program Files\dotnet\sdk\10.0.300-preview.0.26177.108\Sdks\Microsoft.NET.Sdk\targets\Microsoft.NET.Sdk.DefaultItems.targets(41,5): message : Réassignation de propriété : $(DefaultItemExcludes)=";bin\Debug\/**;obj\Debug\/**;bin\/**;obj\/**;bin\Debug\net8.0\publish\/**" (valeur précédente : ";bin\Debug\/**;obj\Debug\/**;bin\/**;obj\/**") à C:\Program Files\dotnet\sdk\10.0.300-preview.0.26177.108\Sdks\Microsoft.NET.Sdk\targets\Microsoft.NET.Sdk.DefaultItems.targets (41,5)
                   C:\Program Files\dotnet\sdk\10.0.300-preview.0.26177.108\Sdks\Microsoft.NET.Sdk\targets\Microsoft.NET.Sdk.DefaultItems.targets(44,5): message : Réassignation de propriété : $(DefaultItemExcludes)=";bin\Debug\/**;obj\Debug\/**;bin\/**;obj\/**;bin\Debug\net8.0\publish\/**;**/*.user" (valeur précédente : ";bin\Debug\/**;obj\Debug\/**;bin\/**;obj\/**;bin\Debug\net8.0\publish\/**") à C:\Program Files\dotnet\sdk\10.0.300-preview.0.26177.108\Sdks\Microsoft.NET.Sdk\targets\Microsoft.NET.Sdk.DefaultItems.targets (44,5)
                   C:\Program Files\dotnet\sdk\10.0.300-preview.0.26177.108\Sdks\Microsoft.NET.Sdk\targets\Microsoft.NET.Sdk.DefaultItems.targets(45,5): message : Réassignation de propriété : $(DefaultItemExcludes)=";bin\Debug\/**;obj\Debug\/**;bin\/**;obj\/**;bin\Debug\net8.0\publish\/**;**/*.user;**/*.*proj" (valeur précédente : ";bin\Debug\/**;obj\Debug\/**;bin\/**;obj\/**;bin\Debug\net8.0\publish\/**;**/*.user") à C:\Program Files\dotnet\sdk\10.0.300-preview.0.26177.108\Sdks\Microsoft.NET.Sdk\targets\Microsoft.NET.Sdk.DefaultItems.targets (45,5)
                   C:\Program Files\dotnet\sdk\10.0.300-preview.0.26177.108\Sdks\Microsoft.NET.Sdk\targets\Microsoft.NET.Sdk.DefaultItems.targets(46,5): message : Réassignation de propriété : $(DefaultItemExcludes)=";bin\Debug\/**;obj\Debug\/**;bin\/**;obj\/**;bin\Debug\net8.0\publish\/**;**/*.user;**/*.*proj;**/*.sln" (valeur précédente : ";bin\Debug\/**;obj\Debug\/**;bin\/**;obj\/**;bin\Debug\net8.0\publish\/**;**/*.user;**/*.*proj") à C:\Program Files\dotnet\sdk\10.0.300-preview.0.26177.108\Sdks\Microsoft.NET.Sdk\targets\Microsoft.NET.Sdk.DefaultItems.targets (46,5)
                   C:\Program Files\dotnet\sdk\10.0.300-preview.0.26177.108\Sdks\Microsoft.NET.Sdk\targets\Microsoft.NET.Sdk.DefaultItems.targets(47,5): message : Réassignation de propriété : $(DefaultItemExcludes)=";bin\Debug\/**;obj\Debug\/**;bin\/**;obj\/**;bin\Debug\net8.0\publish\/**;**/*.user;**/*.*proj;**/*.sln;**/*.slnx" (valeur précédente : ";bin\Debug\/**;obj\Debug\/**;bin\/**;obj\/**;bin\Debug\net8.0\publish\/**;**/*.user;**/*.*proj;**/*.sln") à C:\Program Files\dotnet\sdk\10.0.300-preview.0.26177.108\Sdks\Microsoft.NET.Sdk\targets\Microsoft.NET.Sdk.DefaultItems.targets (47,5)
                   C:\Program Files\dotnet\sdk\10.0.300-preview.0.26177.108\Sdks\Microsoft.NET.Sdk\targets\Microsoft.NET.Sdk.DefaultItems.targets(48,5): message : Réassignation de propriété : $(DefaultItemExcludes)=";bin\Debug\/**;obj\Debug\/**;bin\/**;obj\/**;bin\Debug\net8.0\publish\/**;**/*.user;**/*.*proj;**/*.sln;**/*.slnx;**/*.vssscc" (valeur précédente : ";bin\Debug\/**;obj\Debug\/**;bin\/**;obj\/**;bin\Debug\net8.0\publish\/**;**/*.user;**/*.*proj;**/*.sln;**/*.slnx") à C:\Program Files\dotnet\sdk\10.0.300-preview.0.26177.108\Sdks\Microsoft.NET.Sdk\targets\Microsoft.NET.Sdk.DefaultItems.targets (48,5)
                   C:\Program Files\dotnet\sdk\10.0.300-preview.0.26177.108\Sdks\Microsoft.NET.Sdk\targets\Microsoft.NET.Sdk.DefaultItems.targets(49,5): message : Réassignation de propriété : $(DefaultItemExcludes)=";bin\Debug\/**;obj\Debug\/**;bin\/**;obj\/**;bin\Debug\net8.0\publish\/**;**/*.user;**/*.*proj;**/*.sln;**/*.slnx;**/*.vssscc;**/.DS_Store" (valeur précédente : ";bin\Debug\/**;obj\Debug\/**;bin\/**;obj\/**;bin\Debug\net8.0\publish\/**;**/*.user;**/*.*proj;**/*.sln;**/*.slnx;**/*.vssscc") à C:\Program Files\dotnet\sdk\10.0.300-preview.0.26177.108\Sdks\Microsoft.NET.Sdk\targets\Microsoft.NET.Sdk.DefaultItems.targets (49,5)
                   C:\Program Files\dotnet\sdk\10.0.300-preview.0.26177.108\Sdks\Microsoft.NET.Sdk\targets\Microsoft.NET.Sdk.FrameworkReferenceResolution.targets(14,5): message : Réassignation de propriété : $(ResolveAssemblyReferencesDependsOn)="
                   C:\Program Files\dotnet\sdk\10.0.300-preview.0.26177.108\Sdks\Microsoft.NET.Sdk\targets\Microsoft.NET.Sdk.FrameworkReferenceResolution.targets(14,5): message :       
                   C:\Program Files\dotnet\sdk\10.0.300-preview.0.26177.108\Sdks\Microsoft.NET.Sdk\targets\Microsoft.NET.Sdk.FrameworkReferenceResolution.targets(14,5): message :       
                   C:\Program Files\dotnet\sdk\10.0.300-preview.0.26177.108\Sdks\Microsoft.NET.Sdk\targets\Microsoft.NET.Sdk.FrameworkReferenceResolution.targets(14,5): message :       ResolveProjectReferences;
                   C:\Program Files\dotnet\sdk\10.0.300-preview.0.26177.108\Sdks\Microsoft.NET.Sdk\targets\Microsoft.NET.Sdk.FrameworkReferenceResolution.targets(14,5): message :       FindInvalidProjectReferences;
                   C:\Program Files\dotnet\sdk\10.0.300-preview.0.26177.108\Sdks\Microsoft.NET.Sdk\targets\Microsoft.NET.Sdk.FrameworkReferenceResolution.targets(14,5): message :       GetFrameworkPaths;
                   C:\Program Files\dotnet\sdk\10.0.300-preview.0.26177.108\Sdks\Microsoft.NET.Sdk\targets\Microsoft.NET.Sdk.FrameworkReferenceResolution.targets(14,5): message :       GetReferenceAssemblyPaths;
                   C:\Program Files\dotnet\sdk\10.0.300-preview.0.26177.108\Sdks\Microsoft.NET.Sdk\targets\Microsoft.NET.Sdk.FrameworkReferenceResolution.targets(14,5): message :       PrepareForBuild;
                   C:\Program Files\dotnet\sdk\10.0.300-preview.0.26177.108\Sdks\Microsoft.NET.Sdk\targets\Microsoft.NET.Sdk.FrameworkReferenceResolution.targets(14,5): message :       ResolveSDKReferences;
                   C:\Program Files\dotnet\sdk\10.0.300-preview.0.26177.108\Sdks\Microsoft.NET.Sdk\targets\Microsoft.NET.Sdk.FrameworkReferenceResolution.targets(14,5): message :       ExpandSDKReferences;
                   C:\Program Files\dotnet\sdk\10.0.300-preview.0.26177.108\Sdks\Microsoft.NET.Sdk\targets\Microsoft.NET.Sdk.FrameworkReferenceResolution.targets(14,5): message :     ;
                   C:\Program Files\dotnet\sdk\10.0.300-preview.0.26177.108\Sdks\Microsoft.NET.Sdk\targets\Microsoft.NET.Sdk.FrameworkReferenceResolution.targets(14,5): message :       ResolvePackageDependenciesForBuild;
                   C:\Program Files\dotnet\sdk\10.0.300-preview.0.26177.108\Sdks\Microsoft.NET.Sdk\targets\Microsoft.NET.Sdk.FrameworkReferenceResolution.targets(14,5): message :       _HandlePackageFileConflicts;
                   C:\Program Files\dotnet\sdk\10.0.300-preview.0.26177.108\Sdks\Microsoft.NET.Sdk\targets\Microsoft.NET.Sdk.FrameworkReferenceResolution.targets(14,5): message :     ;
                   C:\Program Files\dotnet\sdk\10.0.300-preview.0.26177.108\Sdks\Microsoft.NET.Sdk\targets\Microsoft.NET.Sdk.FrameworkReferenceResolution.targets(14,5): message :       ResolveTargetingPackAssets;
                   C:\Program Files\dotnet\sdk\10.0.300-preview.0.26177.108\Sdks\Microsoft.NET.Sdk\targets\Microsoft.NET.Sdk.FrameworkReferenceResolution.targets(14,5): message :     " (valeur précédente : "
                   C:\Program Files\dotnet\sdk\10.0.300-preview.0.26177.108\Sdks\Microsoft.NET.Sdk\targets\Microsoft.NET.Sdk.FrameworkReferenceResolution.targets(14,5): message :       
                   C:\Program Files\dotnet\sdk\10.0.300-preview.0.26177.108\Sdks\Microsoft.NET.Sdk\targets\Microsoft.NET.Sdk.FrameworkReferenceResolution.targets(14,5): message :       ResolveProjectReferences;
                   C:\Program Files\dotnet\sdk\10.0.300-preview.0.26177.108\Sdks\Microsoft.NET.Sdk\targets\Microsoft.NET.Sdk.FrameworkReferenceResolution.targets(14,5): message :       FindInvalidProjectReferences;
                   C:\Program Files\dotnet\sdk\10.0.300-preview.0.26177.108\Sdks\Microsoft.NET.Sdk\targets\Microsoft.NET.Sdk.FrameworkReferenceResolution.targets(14,5): message :       GetFrameworkPaths;
                   C:\Program Files\dotnet\sdk\10.0.300-preview.0.26177.108\Sdks\Microsoft.NET.Sdk\targets\Microsoft.NET.Sdk.FrameworkReferenceResolution.targets(14,5): message :       GetReferenceAssemblyPaths;
                   C:\Program Files\dotnet\sdk\10.0.300-preview.0.26177.108\Sdks\Microsoft.NET.Sdk\targets\Microsoft.NET.Sdk.FrameworkReferenceResolution.targets(14,5): message :       PrepareForBuild;
                   C:\Program Files\dotnet\sdk\10.0.300-preview.0.26177.108\Sdks\Microsoft.NET.Sdk\targets\Microsoft.NET.Sdk.FrameworkReferenceResolution.targets(14,5): message :       ResolveSDKReferences;
                   C:\Program Files\dotnet\sdk\10.0.300-preview.0.26177.108\Sdks\Microsoft.NET.Sdk\targets\Microsoft.NET.Sdk.FrameworkReferenceResolution.targets(14,5): message :       ExpandSDKReferences;
                   C:\Program Files\dotnet\sdk\10.0.300-preview.0.26177.108\Sdks\Microsoft.NET.Sdk\targets\Microsoft.NET.Sdk.FrameworkReferenceResolution.targets(14,5): message :     ;
                   C:\Program Files\dotnet\sdk\10.0.300-preview.0.26177.108\Sdks\Microsoft.NET.Sdk\targets\Microsoft.NET.Sdk.FrameworkReferenceResolution.targets(14,5): message :       ResolvePackageDependenciesForBuild;
                   C:\Program Files\dotnet\sdk\10.0.300-preview.0.26177.108\Sdks\Microsoft.NET.Sdk\targets\Microsoft.NET.Sdk.FrameworkReferenceResolution.targets(14,5): message :       _HandlePackageFileConflicts;
                   C:\Program Files\dotnet\sdk\10.0.300-preview.0.26177.108\Sdks\Microsoft.NET.Sdk\targets\Microsoft.NET.Sdk.FrameworkReferenceResolution.targets(14,5): message :     ") à C:\Program Files\dotnet\sdk\10.0.300-preview.0.26177.108\Sdks\Microsoft.NET.Sdk\targets\Microsoft.NET.Sdk.FrameworkReferenceResolution.targets (14,5)
                   C:\Program Files\dotnet\sdk\10.0.300-preview.0.26177.108\Sdks\Microsoft.NET.Sdk\targets\Microsoft.NET.Sdk.targets(44,5): message : Réassignation de propriété : $(_GenerateRuntimeConfigurationPropertyInputsCache)="C:\Users\Lenovo\Documents\Génie Logiciel\EasySave-Groupe1\EasySave\obj\Debug\net8.0\EasySave.genruntimeconfig.cache" (valeur précédente : "obj\Debug\net8.0\EasySave.genruntimeconfig.cache") à C:\Program Files\dotnet\sdk\10.0.300-preview.0.26177.108\Sdks\Microsoft.NET.Sdk\targets\Microsoft.NET.Sdk.targets (44,5)
                   C:\Program Files\dotnet\sdk\10.0.300-preview.0.26177.108\Sdks\Microsoft.NET.Sdk\targets\Microsoft.NET.Sdk.targets(46,5): message : Réassignation de propriété : $(_GeneratePublishDependencyFilePropertyInputsCache)="C:\Users\Lenovo\Documents\Génie Logiciel\EasySave-Groupe1\EasySave\obj\Debug\net8.0\EasySave.genpublishdeps.cache" (valeur précédente : "obj\Debug\net8.0\EasySave.genpublishdeps.cache") à C:\Program Files\dotnet\sdk\10.0.300-preview.0.26177.108\Sdks\Microsoft.NET.Sdk\targets\Microsoft.NET.Sdk.targets (46,5)
                   C:\Program Files\dotnet\sdk\10.0.300-preview.0.26177.108\Sdks\Microsoft.NET.Sdk\targets\Microsoft.NET.Sdk.targets(48,5): message : Réassignation de propriété : $(_GenerateSingleFileBundlePropertyInputsCache)="C:\Users\Lenovo\Documents\Génie Logiciel\EasySave-Groupe1\EasySave\obj\Debug\net8.0\EasySave.genbundle.cache" (valeur précédente : "obj\Debug\net8.0\EasySave.genbundle.cache") à C:\Program Files\dotnet\sdk\10.0.300-preview.0.26177.108\Sdks\Microsoft.NET.Sdk\targets\Microsoft.NET.Sdk.targets (48,5)
                   C:\Program Files\dotnet\sdk\10.0.300-preview.0.26177.108\Sdks\Microsoft.NET.Sdk\targets\Microsoft.NET.Sdk.targets(81,5): message : Réassignation de propriété : $(GenerateRuntimeConfigDevFile)="false" (valeur précédente : "true") à C:\Program Files\dotnet\sdk\10.0.300-preview.0.26177.108\Sdks\Microsoft.NET.Sdk\targets\Microsoft.NET.Sdk.targets (81,5)
                   C:\Program Files\dotnet\sdk\10.0.300-preview.0.26177.108\Sdks\Microsoft.NET.Sdk\targets\Microsoft.NET.Sdk.targets(98,5): message : Réassignation de propriété : $(_DefaultUserProfileRuntimeStorePath)="C:\Users\Lenovo" (valeur précédente : "") à C:\Program Files\dotnet\sdk\10.0.300-preview.0.26177.108\Sdks\Microsoft.NET.Sdk\targets\Microsoft.NET.Sdk.targets (98,5)
                   C:\Program Files\dotnet\sdk\10.0.300-preview.0.26177.108\Sdks\Microsoft.NET.Sdk\targets\Microsoft.NET.Sdk.targets(99,5): message : Réassignation de propriété : $(_DefaultUserProfileRuntimeStorePath)="C:\Users\Lenovo\.dotnet\store" (valeur précédente : "C:\Users\Lenovo") à C:\Program Files\dotnet\sdk\10.0.300-preview.0.26177.108\Sdks\Microsoft.NET.Sdk\targets\Microsoft.NET.Sdk.targets (99,5)
                   C:\Program Files\dotnet\sdk\10.0.300-preview.0.26177.108\Sdks\Microsoft.NET.Sdk\targets\Microsoft.NET.Sdk.targets(144,5): message : Réassignation de propriété : $(AvailablePlatforms)="Any CPU,x86,x64,ARM32" (valeur précédente : "Any CPU,x86,x64") à C:\Program Files\dotnet\sdk\10.0.300-preview.0.26177.108\Sdks\Microsoft.NET.Sdk\targets\Microsoft.NET.Sdk.targets (144,5)
                   C:\Program Files\dotnet\sdk\10.0.300-preview.0.26177.108\Sdks\Microsoft.NET.Sdk\targets\Microsoft.NET.Sdk.targets(148,5): message : Réassignation de propriété : $(AvailablePlatforms)="Any CPU,x86,x64,ARM32,ARM64" (valeur précédente : "Any CPU,x86,x64,ARM32") à C:\Program Files\dotnet\sdk\10.0.300-preview.0.26177.108\Sdks\Microsoft.NET.Sdk\targets\Microsoft.NET.Sdk.targets (148,5)
                   C:\Program Files\dotnet\sdk\10.0.300-preview.0.26177.108\Sdks\Microsoft.NET.Sdk\targets\Microsoft.NET.Sdk.targets(204,5): message : Réassignation de propriété : $(CoreBuildDependsOn)="
                   C:\Program Files\dotnet\sdk\10.0.300-preview.0.26177.108\Sdks\Microsoft.NET.Sdk\targets\Microsoft.NET.Sdk.targets(204,5): message :       _CheckForBuildWithNoBuild;
                   C:\Program Files\dotnet\sdk\10.0.300-preview.0.26177.108\Sdks\Microsoft.NET.Sdk\targets\Microsoft.NET.Sdk.targets(204,5): message :       
                   C:\Program Files\dotnet\sdk\10.0.300-preview.0.26177.108\Sdks\Microsoft.NET.Sdk\targets\Microsoft.NET.Sdk.targets(204,5): message :       BuildOnlySettings;
                   C:\Program Files\dotnet\sdk\10.0.300-preview.0.26177.108\Sdks\Microsoft.NET.Sdk\targets\Microsoft.NET.Sdk.targets(204,5): message :       PrepareForBuild;
                   C:\Program Files\dotnet\sdk\10.0.300-preview.0.26177.108\Sdks\Microsoft.NET.Sdk\targets\Microsoft.NET.Sdk.targets(204,5): message :       PreBuildEvent;
                   C:\Program Files\dotnet\sdk\10.0.300-preview.0.26177.108\Sdks\Microsoft.NET.Sdk\targets\Microsoft.NET.Sdk.targets(204,5): message :       ResolveReferences;
                   C:\Program Files\dotnet\sdk\10.0.300-preview.0.26177.108\Sdks\Microsoft.NET.Sdk\targets\Microsoft.NET.Sdk.targets(204,5): message :       PrepareResources;
                   C:\Program Files\dotnet\sdk\10.0.300-preview.0.26177.108\Sdks\Microsoft.NET.Sdk\targets\Microsoft.NET.Sdk.targets(204,5): message :       ResolveKeySource;
                   C:\Program Files\dotnet\sdk\10.0.300-preview.0.26177.108\Sdks\Microsoft.NET.Sdk\targets\Microsoft.NET.Sdk.targets(204,5): message :       Compile;
                   C:\Program Files\dotnet\sdk\10.0.300-preview.0.26177.108\Sdks\Microsoft.NET.Sdk\targets\Microsoft.NET.Sdk.targets(204,5): message :       ExportWindowsMDFile;
                   C:\Program Files\dotnet\sdk\10.0.300-preview.0.26177.108\Sdks\Microsoft.NET.Sdk\targets\Microsoft.NET.Sdk.targets(204,5): message :       UnmanagedUnregistration;
                   C:\Program Files\dotnet\sdk\10.0.300-preview.0.26177.108\Sdks\Microsoft.NET.Sdk\targets\Microsoft.NET.Sdk.targets(204,5): message :       GenerateSerializationAssemblies;
                   C:\Program Files\dotnet\sdk\10.0.300-preview.0.26177.108\Sdks\Microsoft.NET.Sdk\targets\Microsoft.NET.Sdk.targets(204,5): message :       CreateSatelliteAssemblies;
                   C:\Program Files\dotnet\sdk\10.0.300-preview.0.26177.108\Sdks\Microsoft.NET.Sdk\targets\Microsoft.NET.Sdk.targets(204,5): message :       GenerateManifests;
                   C:\Program Files\dotnet\sdk\10.0.300-preview.0.26177.108\Sdks\Microsoft.NET.Sdk\targets\Microsoft.NET.Sdk.targets(204,5): message :       GetTargetPath;
                   C:\Program Files\dotnet\sdk\10.0.300-preview.0.26177.108\Sdks\Microsoft.NET.Sdk\targets\Microsoft.NET.Sdk.targets(204,5): message :       PrepareForRun;
                   C:\Program Files\dotnet\sdk\10.0.300-preview.0.26177.108\Sdks\Microsoft.NET.Sdk\targets\Microsoft.NET.Sdk.targets(204,5): message :       UnmanagedRegistration;
                   C:\Program Files\dotnet\sdk\10.0.300-preview.0.26177.108\Sdks\Microsoft.NET.Sdk\targets\Microsoft.NET.Sdk.targets(204,5): message :       IncrementalClean;
                   C:\Program Files\dotnet\sdk\10.0.300-preview.0.26177.108\Sdks\Microsoft.NET.Sdk\targets\Microsoft.NET.Sdk.targets(204,5): message :       PostBuildEvent
                   C:\Program Files\dotnet\sdk\10.0.300-preview.0.26177.108\Sdks\Microsoft.NET.Sdk\targets\Microsoft.NET.Sdk.targets(204,5): message :     ;
                   C:\Program Files\dotnet\sdk\10.0.300-preview.0.26177.108\Sdks\Microsoft.NET.Sdk\targets\Microsoft.NET.Sdk.targets(204,5): message :       GenerateBuildDependencyFile;
                   C:\Program Files\dotnet\sdk\10.0.300-preview.0.26177.108\Sdks\Microsoft.NET.Sdk\targets\Microsoft.NET.Sdk.targets(204,5): message :       GenerateBuildRuntimeConfigurationFiles
                   C:\Program Files\dotnet\sdk\10.0.300-preview.0.26177.108\Sdks\Microsoft.NET.Sdk\targets\Microsoft.NET.Sdk.targets(204,5): message :     " (valeur précédente : "
                   C:\Program Files\dotnet\sdk\10.0.300-preview.0.26177.108\Sdks\Microsoft.NET.Sdk\targets\Microsoft.NET.Sdk.targets(204,5): message :       BuildOnlySettings;
                   C:\Program Files\dotnet\sdk\10.0.300-preview.0.26177.108\Sdks\Microsoft.NET.Sdk\targets\Microsoft.NET.Sdk.targets(204,5): message :       PrepareForBuild;
                   C:\Program Files\dotnet\sdk\10.0.300-preview.0.26177.108\Sdks\Microsoft.NET.Sdk\targets\Microsoft.NET.Sdk.targets(204,5): message :       PreBuildEvent;
                   C:\Program Files\dotnet\sdk\10.0.300-preview.0.26177.108\Sdks\Microsoft.NET.Sdk\targets\Microsoft.NET.Sdk.targets(204,5): message :       ResolveReferences;
                   C:\Program Files\dotnet\sdk\10.0.300-preview.0.26177.108\Sdks\Microsoft.NET.Sdk\targets\Microsoft.NET.Sdk.targets(204,5): message :       PrepareResources;
                   C:\Program Files\dotnet\sdk\10.0.300-preview.0.26177.108\Sdks\Microsoft.NET.Sdk\targets\Microsoft.NET.Sdk.targets(204,5): message :       ResolveKeySource;
                   C:\Program Files\dotnet\sdk\10.0.300-preview.0.26177.108\Sdks\Microsoft.NET.Sdk\targets\Microsoft.NET.Sdk.targets(204,5): message :       Compile;
                   C:\Program Files\dotnet\sdk\10.0.300-preview.0.26177.108\Sdks\Microsoft.NET.Sdk\targets\Microsoft.NET.Sdk.targets(204,5): message :       ExportWindowsMDFile;
                   C:\Program Files\dotnet\sdk\10.0.300-preview.0.26177.108\Sdks\Microsoft.NET.Sdk\targets\Microsoft.NET.Sdk.targets(204,5): message :       UnmanagedUnregistration;
                   C:\Program Files\dotnet\sdk\10.0.300-preview.0.26177.108\Sdks\Microsoft.NET.Sdk\targets\Microsoft.NET.Sdk.targets(204,5): message :       GenerateSerializationAssemblies;
                   C:\Program Files\dotnet\sdk\10.0.300-preview.0.26177.108\Sdks\Microsoft.NET.Sdk\targets\Microsoft.NET.Sdk.targets(204,5): message :       CreateSatelliteAssemblies;
                   C:\Program Files\dotnet\sdk\10.0.300-preview.0.26177.108\Sdks\Microsoft.NET.Sdk\targets\Microsoft.NET.Sdk.targets(204,5): message :       GenerateManifests;
                   C:\Program Files\dotnet\sdk\10.0.300-preview.0.26177.108\Sdks\Microsoft.NET.Sdk\targets\Microsoft.NET.Sdk.targets(204,5): message :       GetTargetPath;
                   C:\Program Files\dotnet\sdk\10.0.300-preview.0.26177.108\Sdks\Microsoft.NET.Sdk\targets\Microsoft.NET.Sdk.targets(204,5): message :       PrepareForRun;
                   C:\Program Files\dotnet\sdk\10.0.300-preview.0.26177.108\Sdks\Microsoft.NET.Sdk\targets\Microsoft.NET.Sdk.targets(204,5): message :       UnmanagedRegistration;
                   C:\Program Files\dotnet\sdk\10.0.300-preview.0.26177.108\Sdks\Microsoft.NET.Sdk\targets\Microsoft.NET.Sdk.targets(204,5): message :       IncrementalClean;
                   C:\Program Files\dotnet\sdk\10.0.300-preview.0.26177.108\Sdks\Microsoft.NET.Sdk\targets\Microsoft.NET.Sdk.targets(204,5): message :       PostBuildEvent
                   C:\Program Files\dotnet\sdk\10.0.300-preview.0.26177.108\Sdks\Microsoft.NET.Sdk\targets\Microsoft.NET.Sdk.targets(204,5): message :     ") à C:\Program Files\dotnet\sdk\10.0.300-preview.0.26177.108\Sdks\Microsoft.NET.Sdk\targets\Microsoft.NET.Sdk.targets (204,5)
                   C:\Program Files\dotnet\sdk\10.0.300-preview.0.26177.108\Sdks\Microsoft.NET.Sdk\targets\Microsoft.NET.Sdk.targets(213,5): message : Réassignation de propriété : $(CoreCleanDependsOn)="
                   C:\Program Files\dotnet\sdk\10.0.300-preview.0.26177.108\Sdks\Microsoft.NET.Sdk\targets\Microsoft.NET.Sdk.targets(213,5): message :       _SdkBeforeClean;
                   C:\Program Files\dotnet\sdk\10.0.300-preview.0.26177.108\Sdks\Microsoft.NET.Sdk\targets\Microsoft.NET.Sdk.targets(213,5): message :       
                   C:\Program Files\dotnet\sdk\10.0.300-preview.0.26177.108\Sdks\Microsoft.NET.Sdk\targets\Microsoft.NET.Sdk.targets(213,5): message :     " (valeur précédente : "") à C:\Program Files\dotnet\sdk\10.0.300-preview.0.26177.108\Sdks\Microsoft.NET.Sdk\targets\Microsoft.NET.Sdk.targets (213,5)
                   C:\Program Files\dotnet\sdk\10.0.300-preview.0.26177.108\Sdks\Microsoft.NET.Sdk\targets\Microsoft.NET.Sdk.targets(220,5): message : Réassignation de propriété : $(RebuildDependsOn)="
                   C:\Program Files\dotnet\sdk\10.0.300-preview.0.26177.108\Sdks\Microsoft.NET.Sdk\targets\Microsoft.NET.Sdk.targets(220,5): message :       _SdkBeforeRebuild;
                   C:\Program Files\dotnet\sdk\10.0.300-preview.0.26177.108\Sdks\Microsoft.NET.Sdk\targets\Microsoft.NET.Sdk.targets(220,5): message :       
                   C:\Program Files\dotnet\sdk\10.0.300-preview.0.26177.108\Sdks\Microsoft.NET.Sdk\targets\Microsoft.NET.Sdk.targets(220,5): message :       BeforeRebuild;
                   C:\Program Files\dotnet\sdk\10.0.300-preview.0.26177.108\Sdks\Microsoft.NET.Sdk\targets\Microsoft.NET.Sdk.targets(220,5): message :       Clean;
                   C:\Program Files\dotnet\sdk\10.0.300-preview.0.26177.108\Sdks\Microsoft.NET.Sdk\targets\Microsoft.NET.Sdk.targets(220,5): message :       Build;
                   C:\Program Files\dotnet\sdk\10.0.300-preview.0.26177.108\Sdks\Microsoft.NET.Sdk\targets\Microsoft.NET.Sdk.targets(220,5): message :       AfterRebuild;
                   C:\Program Files\dotnet\sdk\10.0.300-preview.0.26177.108\Sdks\Microsoft.NET.Sdk\targets\Microsoft.NET.Sdk.targets(220,5): message :     
                   C:\Program Files\dotnet\sdk\10.0.300-preview.0.26177.108\Sdks\Microsoft.NET.Sdk\targets\Microsoft.NET.Sdk.targets(220,5): message :     " (valeur précédente : "
                   C:\Program Files\dotnet\sdk\10.0.300-preview.0.26177.108\Sdks\Microsoft.NET.Sdk\targets\Microsoft.NET.Sdk.targets(220,5): message :       BeforeRebuild;
                   C:\Program Files\dotnet\sdk\10.0.300-preview.0.26177.108\Sdks\Microsoft.NET.Sdk\targets\Microsoft.NET.Sdk.targets(220,5): message :       Clean;
                   C:\Program Files\dotnet\sdk\10.0.300-preview.0.26177.108\Sdks\Microsoft.NET.Sdk\targets\Microsoft.NET.Sdk.targets(220,5): message :       Build;
                   C:\Program Files\dotnet\sdk\10.0.300-preview.0.26177.108\Sdks\Microsoft.NET.Sdk\targets\Microsoft.NET.Sdk.targets(220,5): message :       AfterRebuild;
                   C:\Program Files\dotnet\sdk\10.0.300-preview.0.26177.108\Sdks\Microsoft.NET.Sdk\targets\Microsoft.NET.Sdk.targets(220,5): message :     ") à C:\Program Files\dotnet\sdk\10.0.300-preview.0.26177.108\Sdks\Microsoft.NET.Sdk\targets\Microsoft.NET.Sdk.targets (220,5)
                   C:\Program Files\dotnet\sdk\10.0.300-preview.0.26177.108\Sdks\Microsoft.NET.Sdk\targets\Microsoft.NET.Sdk.targets(799,5): message : Réassignation de propriété : $(CompileDependsOn)="
                   C:\Program Files\dotnet\sdk\10.0.300-preview.0.26177.108\Sdks\Microsoft.NET.Sdk\targets\Microsoft.NET.Sdk.targets(799,5): message :       
                   C:\Program Files\dotnet\sdk\10.0.300-preview.0.26177.108\Sdks\Microsoft.NET.Sdk\targets\Microsoft.NET.Sdk.targets(799,5): message :       ResolveReferences;
                   C:\Program Files\dotnet\sdk\10.0.300-preview.0.26177.108\Sdks\Microsoft.NET.Sdk\targets\Microsoft.NET.Sdk.targets(799,5): message :       ResolveKeySource;
                   C:\Program Files\dotnet\sdk\10.0.300-preview.0.26177.108\Sdks\Microsoft.NET.Sdk\targets\Microsoft.NET.Sdk.targets(799,5): message :       SetWin32ManifestProperties;
                   C:\Program Files\dotnet\sdk\10.0.300-preview.0.26177.108\Sdks\Microsoft.NET.Sdk\targets\Microsoft.NET.Sdk.targets(799,5): message :       _SetPreferNativeArm64Win32ManifestProperties;
                   C:\Program Files\dotnet\sdk\10.0.300-preview.0.26177.108\Sdks\Microsoft.NET.Sdk\targets\Microsoft.NET.Sdk.targets(799,5): message :       FindReferenceAssembliesForReferences;
                   C:\Program Files\dotnet\sdk\10.0.300-preview.0.26177.108\Sdks\Microsoft.NET.Sdk\targets\Microsoft.NET.Sdk.targets(799,5): message :       _GenerateCompileInputs;
                   C:\Program Files\dotnet\sdk\10.0.300-preview.0.26177.108\Sdks\Microsoft.NET.Sdk\targets\Microsoft.NET.Sdk.targets(799,5): message :       BeforeCompile;
                   C:\Program Files\dotnet\sdk\10.0.300-preview.0.26177.108\Sdks\Microsoft.NET.Sdk\targets\Microsoft.NET.Sdk.targets(799,5): message :       _TimeStampBeforeCompile;
                   C:\Program Files\dotnet\sdk\10.0.300-preview.0.26177.108\Sdks\Microsoft.NET.Sdk\targets\Microsoft.NET.Sdk.targets(799,5): message :       _GenerateCompileDependencyCache;
                   C:\Program Files\dotnet\sdk\10.0.300-preview.0.26177.108\Sdks\Microsoft.NET.Sdk\targets\Microsoft.NET.Sdk.targets(799,5): message :       CoreCompile;
                   C:\Program Files\dotnet\sdk\10.0.300-preview.0.26177.108\Sdks\Microsoft.NET.Sdk\targets\Microsoft.NET.Sdk.targets(799,5): message :       _TimeStampAfterCompile;
                   C:\Program Files\dotnet\sdk\10.0.300-preview.0.26177.108\Sdks\Microsoft.NET.Sdk\targets\Microsoft.NET.Sdk.targets(799,5): message :       AfterCompile;
                   C:\Program Files\dotnet\sdk\10.0.300-preview.0.26177.108\Sdks\Microsoft.NET.Sdk\targets\Microsoft.NET.Sdk.targets(799,5): message :     ;
                   C:\Program Files\dotnet\sdk\10.0.300-preview.0.26177.108\Sdks\Microsoft.NET.Sdk\targets\Microsoft.NET.Sdk.targets(799,5): message :       _CreateAppHost;
                   C:\Program Files\dotnet\sdk\10.0.300-preview.0.26177.108\Sdks\Microsoft.NET.Sdk\targets\Microsoft.NET.Sdk.targets(799,5): message :       _CreateComHost;
                   C:\Program Files\dotnet\sdk\10.0.300-preview.0.26177.108\Sdks\Microsoft.NET.Sdk\targets\Microsoft.NET.Sdk.targets(799,5): message :       _GetIjwHostPaths;
                   C:\Program Files\dotnet\sdk\10.0.300-preview.0.26177.108\Sdks\Microsoft.NET.Sdk\targets\Microsoft.NET.Sdk.targets(799,5): message :     " (valeur précédente : "
                   C:\Program Files\dotnet\sdk\10.0.300-preview.0.26177.108\Sdks\Microsoft.NET.Sdk\targets\Microsoft.NET.Sdk.targets(799,5): message :       ResolveReferences;
                   C:\Program Files\dotnet\sdk\10.0.300-preview.0.26177.108\Sdks\Microsoft.NET.Sdk\targets\Microsoft.NET.Sdk.targets(799,5): message :       ResolveKeySource;
                   C:\Program Files\dotnet\sdk\10.0.300-preview.0.26177.108\Sdks\Microsoft.NET.Sdk\targets\Microsoft.NET.Sdk.targets(799,5): message :       SetWin32ManifestProperties;
                   C:\Program Files\dotnet\sdk\10.0.300-preview.0.26177.108\Sdks\Microsoft.NET.Sdk\targets\Microsoft.NET.Sdk.targets(799,5): message :       _SetPreferNativeArm64Win32ManifestProperties;
                   C:\Program Files\dotnet\sdk\10.0.300-preview.0.26177.108\Sdks\Microsoft.NET.Sdk\targets\Microsoft.NET.Sdk.targets(799,5): message :       FindReferenceAssembliesForReferences;
                   C:\Program Files\dotnet\sdk\10.0.300-preview.0.26177.108\Sdks\Microsoft.NET.Sdk\targets\Microsoft.NET.Sdk.targets(799,5): message :       _GenerateCompileInputs;
                   C:\Program Files\dotnet\sdk\10.0.300-preview.0.26177.108\Sdks\Microsoft.NET.Sdk\targets\Microsoft.NET.Sdk.targets(799,5): message :       BeforeCompile;
                   C:\Program Files\dotnet\sdk\10.0.300-preview.0.26177.108\Sdks\Microsoft.NET.Sdk\targets\Microsoft.NET.Sdk.targets(799,5): message :       _TimeStampBeforeCompile;
                   C:\Program Files\dotnet\sdk\10.0.300-preview.0.26177.108\Sdks\Microsoft.NET.Sdk\targets\Microsoft.NET.Sdk.targets(799,5): message :       _GenerateCompileDependencyCache;
                   C:\Program Files\dotnet\sdk\10.0.300-preview.0.26177.108\Sdks\Microsoft.NET.Sdk\targets\Microsoft.NET.Sdk.targets(799,5): message :       CoreCompile;
                   C:\Program Files\dotnet\sdk\10.0.300-preview.0.26177.108\Sdks\Microsoft.NET.Sdk\targets\Microsoft.NET.Sdk.targets(799,5): message :       _TimeStampAfterCompile;
                   C:\Program Files\dotnet\sdk\10.0.300-preview.0.26177.108\Sdks\Microsoft.NET.Sdk\targets\Microsoft.NET.Sdk.targets(799,5): message :       AfterCompile;
                   C:\Program Files\dotnet\sdk\10.0.300-preview.0.26177.108\Sdks\Microsoft.NET.Sdk\targets\Microsoft.NET.Sdk.targets(799,5): message :     ") à C:\Program Files\dotnet\sdk\10.0.300-preview.0.26177.108\Sdks\Microsoft.NET.Sdk\targets\Microsoft.NET.Sdk.targets (799,5)
                   C:\Program Files\dotnet\sdk\10.0.300-preview.0.26177.108\Sdks\Microsoft.NET.Sdk\targets\Microsoft.NET.Sdk.targets(1131,5): message : Réassignation de propriété : $(CreateSatelliteAssembliesDependsOn)="
                   C:\Program Files\dotnet\sdk\10.0.300-preview.0.26177.108\Sdks\Microsoft.NET.Sdk\targets\Microsoft.NET.Sdk.targets(1131,5): message :       
                   C:\Program Files\dotnet\sdk\10.0.300-preview.0.26177.108\Sdks\Microsoft.NET.Sdk\targets\Microsoft.NET.Sdk.targets(1131,5): message :       ;
                   C:\Program Files\dotnet\sdk\10.0.300-preview.0.26177.108\Sdks\Microsoft.NET.Sdk\targets\Microsoft.NET.Sdk.targets(1131,5): message :       _GenerateSatelliteAssemblyInputs;
                   C:\Program Files\dotnet\sdk\10.0.300-preview.0.26177.108\Sdks\Microsoft.NET.Sdk\targets\Microsoft.NET.Sdk.targets(1131,5): message :       ComputeIntermediateSatelliteAssemblies;
                   C:\Program Files\dotnet\sdk\10.0.300-preview.0.26177.108\Sdks\Microsoft.NET.Sdk\targets\Microsoft.NET.Sdk.targets(1131,5): message :       GenerateSatelliteAssemblies
                   C:\Program Files\dotnet\sdk\10.0.300-preview.0.26177.108\Sdks\Microsoft.NET.Sdk\targets\Microsoft.NET.Sdk.targets(1131,5): message :     ;
                   C:\Program Files\dotnet\sdk\10.0.300-preview.0.26177.108\Sdks\Microsoft.NET.Sdk\targets\Microsoft.NET.Sdk.targets(1131,5): message :       CoreGenerateSatelliteAssemblies
                   C:\Program Files\dotnet\sdk\10.0.300-preview.0.26177.108\Sdks\Microsoft.NET.Sdk\targets\Microsoft.NET.Sdk.targets(1131,5): message :     " (valeur précédente : "
                   C:\Program Files\dotnet\sdk\10.0.300-preview.0.26177.108\Sdks\Microsoft.NET.Sdk\targets\Microsoft.NET.Sdk.targets(1131,5): message :       ;
                   C:\Program Files\dotnet\sdk\10.0.300-preview.0.26177.108\Sdks\Microsoft.NET.Sdk\targets\Microsoft.NET.Sdk.targets(1131,5): message :       _GenerateSatelliteAssemblyInputs;
                   C:\Program Files\dotnet\sdk\10.0.300-preview.0.26177.108\Sdks\Microsoft.NET.Sdk\targets\Microsoft.NET.Sdk.targets(1131,5): message :       ComputeIntermediateSatelliteAssemblies;
                   C:\Program Files\dotnet\sdk\10.0.300-preview.0.26177.108\Sdks\Microsoft.NET.Sdk\targets\Microsoft.NET.Sdk.targets(1131,5): message :       GenerateSatelliteAssemblies
                   C:\Program Files\dotnet\sdk\10.0.300-preview.0.26177.108\Sdks\Microsoft.NET.Sdk\targets\Microsoft.NET.Sdk.targets(1131,5): message :     ") à C:\Program Files\dotnet\sdk\10.0.300-preview.0.26177.108\Sdks\Microsoft.NET.Sdk\targets\Microsoft.NET.Sdk.targets (1131,5)
                   C:\Program Files\dotnet\sdk\10.0.300-preview.0.26177.108\Sdks\Microsoft.SourceLink.GitLab\build\Microsoft.SourceLink.GitLab.targets(12,5): message : Réassignation de propriété : $(SourceLinkUrlInitializerTargets)=";_InitializeGitHubSourceLinkUrl;_InitializeGitLabSourceLinkUrl" (valeur précédente : ";_InitializeGitHubSourceLinkUrl") à C:\Program Files\dotnet\sdk\10.0.300-preview.0.26177.108\Sdks\Microsoft.SourceLink.GitLab\build\Microsoft.SourceLink.GitLab.targets (12,5)
                   C:\Program Files\dotnet\sdk\10.0.300-preview.0.26177.108\Sdks\Microsoft.SourceLink.GitLab\build\Microsoft.SourceLink.GitLab.targets(13,5): message : Réassignation de propriété : $(SourceControlManagerUrlTranslationTargets)=";TranslateGitHubUrlsInSourceControlInformation;TranslateGitLabUrlsInSourceControlInformation" (valeur précédente : ";TranslateGitHubUrlsInSourceControlInformation") à C:\Program Files\dotnet\sdk\10.0.300-preview.0.26177.108\Sdks\Microsoft.SourceLink.GitLab\build\Microsoft.SourceLink.GitLab.targets (13,5)
                   C:\Program Files\dotnet\sdk\10.0.300-preview.0.26177.108\Sdks\Microsoft.SourceLink.AzureRepos.Git\build\Microsoft.SourceLink.AzureRepos.Git.targets(12,5): message : Réassignation de propriété : $(SourceLinkUrlInitializerTargets)=";_InitializeGitHubSourceLinkUrl;_InitializeGitLabSourceLinkUrl;_InitializeAzureReposGitSourceLinkUrl" (valeur précédente : ";_InitializeGitHubSourceLinkUrl;_InitializeGitLabSourceLinkUrl") à C:\Program Files\dotnet\sdk\10.0.300-preview.0.26177.108\Sdks\Microsoft.SourceLink.AzureRepos.Git\build\Microsoft.SourceLink.AzureRepos.Git.targets (12,5)
                   C:\Program Files\dotnet\sdk\10.0.300-preview.0.26177.108\Sdks\Microsoft.SourceLink.AzureRepos.Git\build\Microsoft.SourceLink.AzureRepos.Git.targets(13,5): message : Réassignation de propriété : $(SourceControlManagerUrlTranslationTargets)=";TranslateGitHubUrlsInSourceControlInformation;TranslateGitLabUrlsInSourceControlInformation;TranslateAzureReposGitUrlsInSourceControlInformation" (valeur précédente : ";TranslateGitHubUrlsInSourceControlInformation;TranslateGitLabUrlsInSourceControlInformation") à C:\Program Files\dotnet\sdk\10.0.300-preview.0.26177.108\Sdks\Microsoft.SourceLink.AzureRepos.Git\build\Microsoft.SourceLink.AzureRepos.Git.targets (13,5)
                   C:\Program Files\dotnet\sdk\10.0.300-preview.0.26177.108\Sdks\Microsoft.SourceLink.Bitbucket.Git\build\Microsoft.SourceLink.Bitbucket.Git.targets(12,5): message : Réassignation de propriété : $(SourceLinkUrlInitializerTargets)=";_InitializeGitHubSourceLinkUrl;_InitializeGitLabSourceLinkUrl;_InitializeAzureReposGitSourceLinkUrl;_InitializeBitbucketGitSourceLinkUrl" (valeur précédente : ";_InitializeGitHubSourceLinkUrl;_InitializeGitLabSourceLinkUrl;_InitializeAzureReposGitSourceLinkUrl") à C:\Program Files\dotnet\sdk\10.0.300-preview.0.26177.108\Sdks\Microsoft.SourceLink.Bitbucket.Git\build\Microsoft.SourceLink.Bitbucket.Git.targets (12,5)
                   C:\Program Files\dotnet\sdk\10.0.300-preview.0.26177.108\Sdks\Microsoft.SourceLink.Bitbucket.Git\build\Microsoft.SourceLink.Bitbucket.Git.targets(13,5): message : Réassignation de propriété : $(SourceControlManagerUrlTranslationTargets)=";TranslateGitHubUrlsInSourceControlInformation;TranslateGitLabUrlsInSourceControlInformation;TranslateAzureReposGitUrlsInSourceControlInformation;TranslateBitbucketGitUrlsInSourceControlInformation" (valeur précédente : ";TranslateGitHubUrlsInSourceControlInformation;TranslateGitLabUrlsInSourceControlInformation;TranslateAzureReposGitUrlsInSourceControlInformation") à C:\Program Files\dotnet\sdk\10.0.300-preview.0.26177.108\Sdks\Microsoft.SourceLink.Bitbucket.Git\build\Microsoft.SourceLink.Bitbucket.Git.targets (13,5)
                   C:\Program Files\dotnet\sdk\10.0.300-preview.0.26177.108\Sdks\Microsoft.NET.Sdk\targets\Microsoft.NET.DesignerSupport.targets(21,5): message : Réassignation de propriété : $(DesignerRuntimeImplementationProjectOutputGroupDependsOn)="
                   C:\Program Files\dotnet\sdk\10.0.300-preview.0.26177.108\Sdks\Microsoft.NET.Sdk\targets\Microsoft.NET.DesignerSupport.targets(21,5): message :       
                   C:\Program Files\dotnet\sdk\10.0.300-preview.0.26177.108\Sdks\Microsoft.NET.Sdk\targets\Microsoft.NET.DesignerSupport.targets(21,5): message :       ;
                   C:\Program Files\dotnet\sdk\10.0.300-preview.0.26177.108\Sdks\Microsoft.NET.Sdk\targets\Microsoft.NET.DesignerSupport.targets(21,5): message :       
                   C:\Program Files\dotnet\sdk\10.0.300-preview.0.26177.108\Sdks\Microsoft.NET.Sdk\targets\Microsoft.NET.DesignerSupport.targets(21,5): message :       ;
                   C:\Program Files\dotnet\sdk\10.0.300-preview.0.26177.108\Sdks\Microsoft.NET.Sdk\targets\Microsoft.NET.DesignerSupport.targets(21,5): message :       BuildOnlySettings;
                   C:\Program Files\dotnet\sdk\10.0.300-preview.0.26177.108\Sdks\Microsoft.NET.Sdk\targets\Microsoft.NET.DesignerSupport.targets(21,5): message :       PrepareForBuild;
                   C:\Program Files\dotnet\sdk\10.0.300-preview.0.26177.108\Sdks\Microsoft.NET.Sdk\targets\Microsoft.NET.DesignerSupport.targets(21,5): message :       AssignTargetPaths;
                   C:\Program Files\dotnet\sdk\10.0.300-preview.0.26177.108\Sdks\Microsoft.NET.Sdk\targets\Microsoft.NET.DesignerSupport.targets(21,5): message :       ResolveReferences
                   C:\Program Files\dotnet\sdk\10.0.300-preview.0.26177.108\Sdks\Microsoft.NET.Sdk\targets\Microsoft.NET.DesignerSupport.targets(21,5): message :     
                   C:\Program Files\dotnet\sdk\10.0.300-preview.0.26177.108\Sdks\Microsoft.NET.Sdk\targets\Microsoft.NET.DesignerSupport.targets(21,5): message :     ;
                   C:\Program Files\dotnet\sdk\10.0.300-preview.0.26177.108\Sdks\Microsoft.NET.Sdk\targets\Microsoft.NET.DesignerSupport.targets(21,5): message :       _GenerateDesignerDepsFile;
                   C:\Program Files\dotnet\sdk\10.0.300-preview.0.26177.108\Sdks\Microsoft.NET.Sdk\targets\Microsoft.NET.DesignerSupport.targets(21,5): message :       _GenerateDesignerRuntimeConfigFile;
                   C:\Program Files\dotnet\sdk\10.0.300-preview.0.26177.108\Sdks\Microsoft.NET.Sdk\targets\Microsoft.NET.DesignerSupport.targets(21,5): message :       GetCopyToOutputDirectoryItems;
                   C:\Program Files\dotnet\sdk\10.0.300-preview.0.26177.108\Sdks\Microsoft.NET.Sdk\targets\Microsoft.NET.DesignerSupport.targets(21,5): message :       _GatherDesignerShadowCopyFiles;
                   C:\Program Files\dotnet\sdk\10.0.300-preview.0.26177.108\Sdks\Microsoft.NET.Sdk\targets\Microsoft.NET.DesignerSupport.targets(21,5): message :     " (valeur précédente : "
                   C:\Program Files\dotnet\sdk\10.0.300-preview.0.26177.108\Sdks\Microsoft.NET.Sdk\targets\Microsoft.NET.DesignerSupport.targets(21,5): message :       ;
                   C:\Program Files\dotnet\sdk\10.0.300-preview.0.26177.108\Sdks\Microsoft.NET.Sdk\targets\Microsoft.NET.DesignerSupport.targets(21,5): message :       
                   C:\Program Files\dotnet\sdk\10.0.300-preview.0.26177.108\Sdks\Microsoft.NET.Sdk\targets\Microsoft.NET.DesignerSupport.targets(21,5): message :       ;
                   C:\Program Files\dotnet\sdk\10.0.300-preview.0.26177.108\Sdks\Microsoft.NET.Sdk\targets\Microsoft.NET.DesignerSupport.targets(21,5): message :       BuildOnlySettings;
                   C:\Program Files\dotnet\sdk\10.0.300-preview.0.26177.108\Sdks\Microsoft.NET.Sdk\targets\Microsoft.NET.DesignerSupport.targets(21,5): message :       PrepareForBuild;
                   C:\Program Files\dotnet\sdk\10.0.300-preview.0.26177.108\Sdks\Microsoft.NET.Sdk\targets\Microsoft.NET.DesignerSupport.targets(21,5): message :       AssignTargetPaths;
                   C:\Program Files\dotnet\sdk\10.0.300-preview.0.26177.108\Sdks\Microsoft.NET.Sdk\targets\Microsoft.NET.DesignerSupport.targets(21,5): message :       ResolveReferences
                   C:\Program Files\dotnet\sdk\10.0.300-preview.0.26177.108\Sdks\Microsoft.NET.Sdk\targets\Microsoft.NET.DesignerSupport.targets(21,5): message :     
                   C:\Program Files\dotnet\sdk\10.0.300-preview.0.26177.108\Sdks\Microsoft.NET.Sdk\targets\Microsoft.NET.DesignerSupport.targets(21,5): message :     ") à C:\Program Files\dotnet\sdk\10.0.300-preview.0.26177.108\Sdks\Microsoft.NET.Sdk\targets\Microsoft.NET.DesignerSupport.targets (21,5)
                   C:\Program Files\dotnet\sdk\10.0.300-preview.0.26177.108\Sdks\Microsoft.NET.Sdk\targets\Microsoft.NET.Sdk.CSharp.targets(31,5): message : Réassignation de propriété : $(DefineConstants)="TRACE;DEBUG" (valeur précédente : "TRACE") à C:\Program Files\dotnet\sdk\10.0.300-preview.0.26177.108\Sdks\Microsoft.NET.Sdk\targets\Microsoft.NET.Sdk.CSharp.targets (31,5)
                   C:\Program Files\dotnet\sdk\10.0.300-preview.0.26177.108\Sdks\Microsoft.NET.Sdk\targets\Microsoft.NET.Sdk.CSharp.targets(45,5): message : Réassignation de propriété : $(WarningsAsErrors)=";NU1605;SYSLIB0011" (valeur précédente : ";NU1605") à C:\Program Files\dotnet\sdk\10.0.300-preview.0.26177.108\Sdks\Microsoft.NET.Sdk\targets\Microsoft.NET.Sdk.CSharp.targets (45,5)
                   C:\Program Files\dotnet\sdk\10.0.300-preview.0.26177.108\NuGet.Build.Tasks.Pack.targets(34,5): message : Réassignation de propriété : $(PackageDescription)="Package Description" (valeur précédente : "") à C:\Program Files\dotnet\sdk\10.0.300-preview.0.26177.108\NuGet.Build.Tasks.Pack.targets (34,5)
                   C:\Program Files\dotnet\sdk\10.0.300-preview.0.26177.108\NuGet.Build.Tasks.Pack.targets(59,5): message : Réassignation de propriété : $(GenerateNuspecDependsOn)="Build;_LoadPackInputItems; _GetTargetFrameworksOutput; _WalkEachTargetPerFramework; _GetPackageFiles; " (valeur précédente : "_LoadPackInputItems; _GetTargetFrameworksOutput; _WalkEachTargetPerFramework; _GetPackageFiles; ") à C:\Program Files\dotnet\sdk\10.0.300-preview.0.26177.108\NuGet.Build.Tasks.Pack.targets (59,5)
                   C:\Program Files\dotnet\sdk\10.0.300-preview.0.26177.108\Sdks\Microsoft.NET.Sdk\Sdk\Sdk.targets(59,5): message : Réassignation de propriété : $(_IsNotSetContainersTargetsDir)="true" (valeur précédente : "false") à C:\Program Files\dotnet\sdk\10.0.300-preview.0.26177.108\Sdks\Microsoft.NET.Sdk\Sdk\Sdk.targets (59,5)
                   C:\Program Files\dotnet\sdk\10.0.300-preview.0.26177.108\Containers\build\Microsoft.NET.Build.Containers.targets(5,5): message : Réassignation de propriété : $(_IsSDKContainerAllowedVersion)="true" (valeur précédente : "false") à C:\Program Files\dotnet\sdk\10.0.300-preview.0.26177.108\Containers\build\Microsoft.NET.Build.Containers.targets (5,5)
                   C:\Program Files\dotnet\sdk\10.0.300-preview.0.26177.108\Containers\build\Microsoft.NET.Build.Containers.targets(15,5): message : Réassignation de propriété : $(_ContainerIsTargetingNet8TFM)="true" (valeur précédente : "false") à C:\Program Files\dotnet\sdk\10.0.300-preview.0.26177.108\Containers\build\Microsoft.NET.Build.Containers.targets (15,5)
                   Remplacement de la cible "ResolveFrameworkReferences" du projet "C:\Program Files\dotnet\sdk\10.0.300-preview.0.26177.108\Microsoft.Common.CurrentVersion.targets" par la cible "ResolveFrameworkReferences" du projet "C:\Program Files\dotnet\sdk\10.0.300-preview.0.26177.108\Sdks\Microsoft.NET.Sdk\targets\Microsoft.NET.Sdk.FrameworkReferenceResolution.targets".
                   Remplacement de la cible "GenerateSupportedTargetFrameworkAlias" du projet "C:\Program Files\dotnet\sdk\10.0.300-preview.0.26177.108\Microsoft.Common.CurrentVersion.targets" par la cible "GenerateSupportedTargetFrameworkAlias" du projet "C:\Program Files\dotnet\sdk\10.0.300-preview.0.26177.108\Sdks\Microsoft.NET.Sdk\targets\Microsoft.NET.Sdk.targets".
                   Remplacement de la cible "GetReferenceAssemblyPaths" du projet "C:\Program Files\dotnet\sdk\10.0.300-preview.0.26177.108\Microsoft.Common.CurrentVersion.targets" par la cible "GetReferenceAssemblyPaths" du projet "C:\Program Files\dotnet\sdk\10.0.300-preview.0.26177.108\Sdks\Microsoft.NET.Sdk\targets\Microsoft.NET.DisableStandardFrameworkResolution.targets".
                   Remplacement de la cible "GetFrameworkPaths" du projet "C:\Program Files\dotnet\sdk\10.0.300-preview.0.26177.108\Microsoft.Common.CurrentVersion.targets" par la cible "GetFrameworkPaths" du projet "C:\Program Files\dotnet\sdk\10.0.300-preview.0.26177.108\Sdks\Microsoft.NET.Sdk\targets\Microsoft.NET.DisableStandardFrameworkResolution.targets".
                   Remplacement de la cible "DesignerRuntimeImplementationProjectOutputGroup" du projet "C:\Program Files\dotnet\sdk\10.0.300-preview.0.26177.108\Microsoft.Common.CurrentVersion.targets" par la cible "DesignerRuntimeImplementationProjectOutputGroup" du projet "C:\Program Files\dotnet\sdk\10.0.300-preview.0.26177.108\Sdks\Microsoft.NET.Sdk\targets\Microsoft.NET.DesignerSupport.targets".
                   Remplacement de la cible "Publish" du projet "C:\Program Files\dotnet\sdk\10.0.300-preview.0.26177.108\Microsoft.Common.CurrentVersion.targets" par la cible "Publish" du projet "C:\Program Files\dotnet\sdk\10.0.300-preview.0.26177.108\Sdks\Microsoft.NET.Sdk\targets\Microsoft.NET.Publish.targets".
                   Remplacement de la cible "ResolveReadyToRunCompilers" du projet "C:\Program Files\dotnet\sdk\10.0.300-preview.0.26177.108\Sdks\Microsoft.NET.Sdk\targets\Microsoft.NET.CrossGen.targets" par la cible "ResolveReadyToRunCompilers" du projet "C:\Program Files\dotnet\sdk\10.0.300-preview.0.26177.108\Sdks\Microsoft.NET.Sdk\targets\Microsoft.NET.Publish.targets".
                   Remplacement de la cible "GetCopyToPublishDirectoryItems" du projet "C:\Program Files\dotnet\sdk\10.0.300-preview.0.26177.108\Microsoft.Common.CurrentVersion.targets" par la cible "GetCopyToPublishDirectoryItems" du projet "C:\Program Files\dotnet\sdk\10.0.300-preview.0.26177.108\Sdks\Microsoft.NET.Sdk\targets\Microsoft.NET.Publish.targets".
                   Remplacement de la cible "Run" du projet "C:\Program Files\dotnet\sdk\10.0.300-preview.0.26177.108\Microsoft.Common.CurrentVersion.targets" par la cible "Run" du projet "C:\Program Files\dotnet\sdk\10.0.300-preview.0.26177.108\Sdks\Microsoft.NET.Sdk\targets\Microsoft.NET.Sdk.targets".
16:28:51.810     0>Propriétés initiales :
                   __DisableWorkloadResolverSentinelPath = C:\Program Files\dotnet\sdk\10.0.300-preview.0.26177.108\DisableWorkloadResolver.sentinel
                   __WindowsAppSdkDefaultImageIncludes = **/*.png;**/*.bmp;**/*.jpg;**/*.dds;**/*.tif;**/*.tga;**/*.gif
                   _AfterSdkPublishDependsOn = Publish
                   _ApiCompatValidatePackageSemaphoreFile = obj\Debug\net8.0\Microsoft.NET.ApiCompat.ValidatePackage.semaphore
                   _BeforePublishNoBuildTargets = 
                         BuildOnlySettings;
                         _PreventProjectReferencesFromBuilding;
                         ResolveReferences;
                         PrepareResourceNames;
                         ComputeIntermediateSatelliteAssemblies;
                         ComputeEmbeddedApphostPaths;
                       
                   _BinaryFormatterObsoleteAsError = true
                   _BuildTasksAssemblyName = Microsoft.Build.Tasks.CodeAnalysis
                   _BuildTasksDirectory = C:\Program Files\dotnet\sdk\10.0.300-preview.0.26177.108\Sdks\Microsoft.NET.Sdk\targets\..\..\..\Roslyn\
                   _ComHostLibraryExtension = .dll
                   _ContainerIsSelfContained = false
                   _ContainerIsTargetingNet8TFM = true
                   _ContainersTargetsDir = C:\Program Files\dotnet\sdk\10.0.300-preview.0.26177.108\Sdks\Microsoft.NET.Sdk\Sdk\..\..\..\Containers\build\
                   _CorePublishTargets = 
                         PrepareForPublish;
                         ComputeAndCopyFilesToPublishDirectory;
                         ;
                         PublishItemsOutputGroup;
                       
                   _DebugSymbolsProduced = true
                   _DefaultArtifactsPathPropsImported = true
                   _DefaultUserProfileRuntimeStorePath = C:\Users\Lenovo\.dotnet\store
                   _DeploymentApplicationManifestIdentity = EasySave.exe
                   _DeploymentBuiltUpdateInterval = 0
                   _DeploymentBuiltUpdateIntervalUnits = Days
                   _DeploymentDeployManifestIdentity = EasySave.application
                   _DeploymentFileMappingExtension = 
                   _DeploymentLauncherBased = true
                   _DeploymentPublishableProjectDefault = true
                   _DeploymentTargetApplicationManifestFileName = EasySave.dll.manifest
                   _DeploymentUrl = 
                   _DesignerDepsFileName = EasySave.designer.deps.json
                   _DesignerDepsFilePath = obj\Debug\net8.0\EasySave.designer.deps.json
                   _DesignerRuntimeConfigFileName = EasySave.designer.runtimeconfig.json
                   _DesignerRuntimeConfigFilePath = obj\Debug\net8.0\EasySave.designer.runtimeconfig.json
                   _DirectoryBuildPropsBasePath = 
                   _DirectoryBuildPropsFile = Directory.Build.props
                   _DirectoryBuildTargetsBasePath = 
                   _DirectoryBuildTargetsFile = Directory.Build.targets
                   _DirectoryPackagesPropsBasePath = 
                   _DirectoryPackagesPropsFile = Directory.Packages.props
                   _DocumentationFileProduced = false
                   _DotNetAppHostExecutableName = apphost.exe
                   _DotNetAppHostExecutableNameWithoutExtension = apphost
                   _DotNetComHostLibraryName = comhost.dll
                   _DotNetComHostLibraryNameWithoutExtension = comhost
                   _DotNetHostExecutableName = dotnet.exe
                   _DotNetHostFxrLibraryName = libhostfxr.so
                   _DotNetHostPolicyLibraryName = libhostpolicy.so
                   _DotNetIjwHostLibraryName = Ijwhost.dll
                   _DotNetIjwHostLibraryNameWithoutExtension = Ijwhost
                   _DotNetSingleFileHostExecutableNameWithoutExtension = singlefilehost
                   _EnableDefaultWindowsPlatform = false
                   _FirstTargetFrameworkToSupportAot = net7.0
                   _FirstTargetFrameworkToSupportSingleFile = net6.0
                   _FirstTargetFrameworkToSupportTrimming = net6.0
                   _FirstTargetFrameworkVersionToSupportAotAnalyzer = 7.0
                   _FirstTargetFrameworkVersionToSupportSingleFileAnalyzer = 6.0
                   _FirstTargetFrameworkVersionToSupportTrimAnalyzer = 6.0
                   _GenerateBindingRedirectsIntermediateAppConfig = obj\Debug\net8.0\EasySave.dll.config
                   _GeneratePublishDependencyFilePropertyInputsCache = C:\Users\Lenovo\Documents\Génie Logiciel\EasySave-Groupe1\EasySave\obj\Debug\net8.0\EasySave.genpublishdeps.cache
                   _GenerateRestoreGraphProjectEntryInputProperties = ExcludeRestorePackageImports=true
                   _GenerateRuntimeConfigurationPropertyInputsCache = C:\Users\Lenovo\Documents\Génie Logiciel\EasySave-Groupe1\EasySave\obj\Debug\net8.0\EasySave.genruntimeconfig.cache
                   _GenerateSingleFileBundlePropertyInputsCache = C:\Users\Lenovo\Documents\Génie Logiciel\EasySave-Groupe1\EasySave\obj\Debug\net8.0\EasySave.genbundle.cache
                   _GenerateSourceLinkFileBeforeTargets = CoreCompile
                   _GenerateSourceLinkFileDependsOnTargets = 
                   _GenerateSupportedRuntimeIntermediateAppConfig = obj\Debug\net8.0\EasySave.dll.withSupportedRuntime.config
                   _GetChildProjectCopyToOutputDirectoryItems = true
                   _GetChildProjectCopyToPublishDirectoryItems = true
                   _IjwHostLibraryExtension = .dll
                   _InitialBaseIntermediateOutputPath = obj\
                   _InitialMSBuildProjectExtensionsPath = C:\Users\Lenovo\Documents\Génie Logiciel\EasySave-Groupe1\EasySave\obj\
                   _IsDisjointMSBuildVersion = False
                   _IsExecutable = true
                   _IsNETCoreOrNETStandard = true
                   _IsNotSetContainersTargetsDir = true
                   _IsSDKContainerAllowedVersion = true
                   _LatestAnalysisLevel = 10.0
                   _MaxAvailableLangVersion = 14.0
                   _MaxSupportedLangVersion = 12.0
                   _MicrosoftSourceLinkCommonAssemblyFile = C:\Program Files\dotnet\sdk\10.0.300-preview.0.26177.108\Sdks\Microsoft.SourceLink.Common\build\..\tools\net\Microsoft.SourceLink.Common.dll
                   _MinimumNonEolSupportedNetCoreTargetFramework = net8.0
                   _MSBuildVersionMajorMinor = 18.6
                   _NativeExecutableExtension = .exe
                   _NativeLibraryExtension = .so
                   _NativeLibraryPrefix = lib
                   _NETAnalyzersSDKAssemblyVersion = 10.0.300
                   _NETCoreSdkIsPreview = true
                   _NetFrameworkHostedCompilersVersion = 5.6.0-2.26177.108
                   _NoneAnalysisLevel = 4.0
                   _NugetFallbackFolder = C:\Program Files\dotnet\sdk\10.0.300-preview.0.26177.108\Sdks\Microsoft.NET.Sdk\targets\..\..\..\..\NuGetFallbackFolder
                   _NugetTargetMonikerAndRID = .NETCoreApp,Version=v8.0
                   _OriginalConfiguration = Debug
                   _OriginalPlatform = AnyCPU
                   _PlatformWithoutConfigurationInference = AnyCPU
                   _PreviewAnalysisLevel = 11.0
                   _ProjectDefaultTargets = Build
                   _PublishNoBuildAlternativeDependsOn = 
                         BuildOnlySettings;
                         _PreventProjectReferencesFromBuilding;
                         ResolveReferences;
                         PrepareResourceNames;
                         ComputeIntermediateSatelliteAssemblies;
                         ComputeEmbeddedApphostPaths;
                       ;
                         PrepareForPublish;
                         ComputeAndCopyFilesToPublishDirectory;
                         ;
                         PublishItemsOutputGroup;
                       
                   _PublishProfileDesignerFolder = Properties
                   _PublishProfileRootFolder = C:\Users\Lenovo\Documents\Génie Logiciel\EasySave-Groupe1\EasySave\Properties\PublishProfiles\
                   _RecursiveTargetForContentCopying = GetCopyToOutputDirectoryItems
                   _ResolveReferenceDependencies = false
                   _RuntimeIdentifierUsesAppHost = true
                   _RuntimePackInWorkloadVersion6 = 6.0.36
                   _RuntimePackInWorkloadVersion7 = 7.0.20
                   _RuntimePackInWorkloadVersion8 = 8.0.26
                   _RuntimePackInWorkloadVersion9 = 9.0.15
                   _RuntimePackInWorkloadVersionCurrent = 10.0.6
                   _SGenDllCreated = false
                   _SGenDllName = EasySave.XmlSerializers.dll
                   _SGenGenerateSerializationAssembliesConfig = Off
                   _SourceLinkAzureReposGitAssemblyFile = C:\Program Files\dotnet\sdk\10.0.300-preview.0.26177.108\Sdks\Microsoft.SourceLink.AzureRepos.Git\build\..\tools\net\Microsoft.SourceLink.AzureRepos.Git.dll
                   _SourceLinkBitbucketAssemblyFile = C:\Program Files\dotnet\sdk\10.0.300-preview.0.26177.108\Sdks\Microsoft.SourceLink.Bitbucket.Git\build\..\tools\net\Microsoft.SourceLink.Bitbucket.Git.dll
                   _SourceLinkGitHubAssemblyFile = C:\Program Files\dotnet\sdk\10.0.300-preview.0.26177.108\Sdks\Microsoft.SourceLink.GitHub\build\..\tools\net\Microsoft.SourceLink.GitHub.dll
                   _SourceLinkGitLabAssemblyFile = C:\Program Files\dotnet\sdk\10.0.300-preview.0.26177.108\Sdks\Microsoft.SourceLink.GitLab\build\..\tools\net\Microsoft.SourceLink.GitLab.dll
                   _SourceLinkPropsImported = true
                   _SourceLinkSdkSubDir = build
                   _SupportedArchitectures = amd64 arm64
                   _SupportedPlatformList = @(SupportedPlatform, ',')
                   _TargetFrameworkDirectories = 
                   _TargetFrameworkVersionValue = 0.0
                   _TargetFrameworkVersionWithoutV = 8.0
                   _TargetLatestRuntimePatchIsDefault = true
                   _TargetPlatformVersionUsesCsWinRT3 = false
                   _TargetsThatPrepareProjectReferences = 
                         AssignProjectConfiguration;
                         _SplitProjectReferencesByFileExistence
                       
                   _UseAttributeForTargetFrameworkInfoPropertyNames = true
                   _UsingDefaultForHasRuntimeOutput = true
                   _UsingDefaultPlatformTarget = true
                   _WindowsDesktopSdkTargetFrameworkVersionFloor = 3.0
                   _WorkloadLibraryPacksFolder = C:\Program Files\dotnet\library-packs
                   AddAdditionalExplicitAssemblyReferences = false
                   AddAppConfigToBuildOutputs = true
                   AllowedOutputExtensionsInPackageBuildOutputFolder = .dll; .exe; .winmd; .json; .pri; .xml ;
                   AllowedOutputExtensionsInSymbolsPackageBuildOutputFolder = .pdb; .mdb; .dll; .exe; .winmd; .json; .pri; .xml ;; 
                   AllowedReferenceAssemblyFileExtensions = 
                         .winmd;
                         .dll;
                         .exe
                       
                   AllowedReferenceRelatedFileExtensions = 
                         .pdb;
                         .xml;
                         .pri;
                         .dll.config;
                         .exe.config
                       
                   AllowUnsafeBlocks = false
                   AlwaysIncludeCoreFrameworkInRuntimeConfig = true
                   AlwaysUseNumericalSuffixInItemNames = true
                   AnalysisLevel = 8.0
                   AppDesignerFolder = Properties
                   AppendPlatformToOutputPath = false
                   AppendRuntimeIdentifierToOutputPath = true
                   AppendTargetFrameworkToOutputPath = true
                   AssemblyFoldersConfigFile = C:\Program Files\dotnet\sdk\10.0.300-preview.0.26177.108\AssemblyFolders.config
                   AssemblyFoldersSuffix = AssemblyFoldersEx
                   AssemblyName = EasySave
                   AssemblySearchPaths = {CandidateAssemblyFiles};{HintPathFromItem};{TargetFrameworkDirectory};{RawFileName}
                   AssemblyTitle = EasySave
                   AssetTargetFallback = ;net461;net462;net47;net471;net472;net48;net481
                   AssignTargetPathsDependsOn = 
                   Authors = EasySave
                   AutomaticallyUseReferenceAssemblyPackages = true
                   AutoUnifyAssemblyReferences = true
                   AvailablePlatforms = Any CPU,x86,x64,ARM32,ARM64
                   BaseIntermediateOutputPath = obj\
                   BaseOutputPath = bin\
                   BaseOutputPathWasSpecified = true
                   BuildCompileAction = Build
                   BuildDependsOn = 
                         BeforeBuild;
                         CoreBuild;
                         AfterBuild
                       
                   BuildGenerateSourcesAction = Build
                   BuildingProject = false
                   BuildInParallel = true
                   BuildLinkAction = Build
                   BuildOutputTargetFolder = lib
                   BuildProjectReferences = true
                   BuiltProjectOutputGroupDependenciesDependsOn = 
                         ;
                         
                         ;
                         BuildOnlySettings;
                         PrepareForBuild;
                         AssignTargetPaths;
                         ResolveReferences
                       
                       
                   BuiltProjectOutputGroupDependsOn = PrepareForBuild
                   BundledMSBuildVersion = 18.6.0
                   BundledNETCoreAppPackageVersion = 10.0.5
                   BundledNETCoreAppTargetFrameworkVersion = 10.0
                   BundledNETCorePlatformsPackageVersion = 10.0.5-servicing.26153.111
                   BundledNETStandardPackageVersion = 2.1.0
                   BundledNETStandardTargetFrameworkVersion = 2.1
                   BundledRuntimeIdentifierGraphFile = C:\Program Files\dotnet\sdk\10.0.300-preview.0.26177.108\RuntimeIdentifierGraph.json
                   CheckEolTargetFramework = true
                   CheckEolWorkloads = true
                   CheckForOverflowUnderflow = false
                   CleanDependsOn = 
                         BeforeClean;
                         UnmanagedUnregistration;
                         CoreClean;
                         CleanReferencedProjects;
                         CleanPublishFolder;
                         AfterClean
                       
                   CleanFile = EasySave.csproj.FileListAbsolute.txt
                   ClickOncePublishDir = bin\Debug\net8.0\publish\
                   CodeAnalysisRuleIds = CA1000;CA1001;CA1002;CA1003;CA1005;CA1008;CA1010;CA1012;CA1014;CA1016;CA1017;CA1018;CA1019;CA1021;CA1024;CA1027;CA1028;CA1030;CA1031;CA1032;CA1033;CA1034;CA1036;CA1040;CA1041;CA1043;CA1044;CA1045;CA1046;CA1047;CA1050;CA1051;CA1052;CA1054;CA1055;CA1056;CA1058;CA1060;CA1061;CA1062;CA1063;CA1064;CA1065;CA1066;CA1067;CA1068;CA1069;CA1070;CA1200;CA1303;CA1304;CA1305;CA1307;CA1308;CA1309;CA1310;CA1311;CA1401;CA1416;CA1417;CA1418;CA1419;CA1420;CA1421;CA1422;CA1501;CA1502;CA1505;CA1506;CA1507;CA1508;CA1509;CA1510;CA1511;CA1512;CA1513;CA1514;CA1515;CA1516;CA1700;CA1707;CA1708;CA1710;CA1711;CA1712;CA1713;CA1715;CA1716;CA1720;CA1721;CA1724;CA1725;CA1727;CA1802;CA1805;CA1806;CA1810;CA1812;CA1813;CA1814;CA1815;CA1816;CA1819;CA1820;CA1821;CA1822;CA1823;CA1824;CA1825;CA1826;CA1827;CA1828;CA1829;CA1830;CA1831;CA1832;CA1833;CA1834;CA1835;CA1836;CA1837;CA1838;CA1839;CA1840;CA1841;CA1842;CA1843;CA1844;CA1845;CA1846;CA1847;CA1848;CA1849;CA1850;CA1851;CA1852;CA1853;CA1854;CA1855;CA1856;CA1857;CA1858;CA1859;CA1860;CA1861;CA1862;CA1863;CA1864;CA1865;CA1866;CA1867;CA1868;CA1869;CA1870;CA1871;CA1872;CA1873;CA1874;CA1875;CA2000;CA2002;CA2007;CA2008;CA2009;CA2011;CA2012;CA2013;CA2014;CA2015;CA2016;CA2017;CA2018;CA2019;CA2020;CA2021;CA2022;CA2023;CA2024;CA2025;CA2100;CA2101;CA2119;CA2153;CA2200;CA2201;CA2207;CA2208;CA2211;CA2213;CA2214;CA2215;CA2216;CA2217;CA2218;CA2219;CA2224;CA2225;CA2226;CA2227;CA2231;CA2234;CA2235;CA2237;CA2241;CA2242;CA2243;CA2244;CA2245;CA2246;CA2247;CA2248;CA2249;CA2250;CA2251;CA2252;CA2253;CA2254;CA2255;CA2256;CA2257;CA2258;CA2259;CA2260;CA2261;CA2262;CA2263;CA2264;CA2265;CA2300;CA2301;CA2302;CA2305;CA2310;CA2311;CA2312;CA2315;CA2321;CA2322;CA2326;CA2327;CA2328;CA2329;CA2330;CA2350;CA2351;CA2352;CA2353;CA2354;CA2355;CA2356;CA2361;CA2362;CA3001;CA3002;CA3003;CA3004;CA3005;CA3006;CA3007;CA3008;CA3009;CA3010;CA3011;CA3012;CA3061;CA3075;CA3076;CA3077;CA3147;CA5350;CA5351;CA5358;CA5359;CA5360;CA5361;CA5362;CA5363;CA5364;CA5365;CA5366;CA5367;CA5368;CA5369;CA5370;CA5371;CA5372;CA5373;CA5374;CA5375;CA5376;CA5377;CA5378;CA5379;CA5380;CA5381;CA5382;CA5383;CA5384;CA5385;CA5386;CA5387;CA5388;CA5389;CA5390;CA5391;CA5392;CA5393;CA5394;CA5395;CA5396;CA5397;CA5398;CA5399;CA5400;CA5401;CA5402;CA5403;CA5404;CA5405
                   CodeAnalysisTargets = C:\Program Files\dotnet\sdk\10.0.300-preview.0.26177.108\Microsoft\VisualStudio\v18.0\CodeAnalysis\Microsoft.CodeAnalysis.targets
                   CommandLineArgsForDesignTimeEvaluation = -langversion:12.0 -define:TRACE
                   CommonOutputGroupsDependsOn = 
                         ;
                         BuildOnlySettings;
                         PrepareForBuild;
                         AssignTargetPaths;
                         ResolveReferences
                       
                   CommonTargetsPath = C:\Program Files\dotnet\sdk\10.0.300-preview.0.26177.108\Microsoft.Common.CurrentVersion.targets
                   CommonXamlResourcesDirectory = C:\Program Files\dotnet\sdk\10.0.300-preview.0.26177.108\\
                   Company = EasySave
                   CompileDependsOn = 
                         
                         ResolveReferences;
                         ResolveKeySource;
                         SetWin32ManifestProperties;
                         _SetPreferNativeArm64Win32ManifestProperties;
                         FindReferenceAssembliesForReferences;
                         _GenerateCompileInputs;
                         BeforeCompile;
                         _TimeStampBeforeCompile;
                         _GenerateCompileDependencyCache;
                         CoreCompile;
                         _TimeStampAfterCompile;
                         AfterCompile;
                       ;
                         _CreateAppHost;
                         _CreateComHost;
                         _GetIjwHostPaths;
                       
                   CompileLicxFilesDependsOn = 
                   CompilerApiVersion = roslyn5.6
                   CompilerGeneratedFilesOutputPath = 
                   ComputeIntermediateSatelliteAssembliesDependsOn = 
                         CreateManifestResourceNames
                       
                   ComputeNETCoreBuildOutputFiles = true
                   ComReferenceExecuteAsTool = false
                   ComReferenceNoClassMembers = false
                   Configuration = Debug
                   ConfigurationName = Debug
                   Configurations = Debug;Release
                   ConsiderPlatformAsProcessorArchitecture = true
                   ContainerCustomTasksAssembly = C:\Program Files\dotnet\sdk\10.0.300-preview.0.26177.108\Containers\build\..\tasks\net10.0\Microsoft.NET.Build.Containers.dll
                   ContainerCustomTasksFolder = C:\Program Files\dotnet\sdk\10.0.300-preview.0.26177.108\Containers\build\..\tasks\net10.0\
                   ContainerizeFolder = C:\Program Files\dotnet\sdk\10.0.300-preview.0.26177.108\Containers\build\..\containerize\
                   ContainerizeFolderName = containerize
                   ContainerTaskFolderName = tasks
                   ContainerTaskFramework = net10.0
                   ContentFilesProjectOutputGroupDependsOn = PrepareForBuild;AssignTargetPaths
                   ContentPreprocessorOutputDirectory = obj\Debug\net8.0\NuGet\
                   ContentTargetFolders = content;contentFiles
                   ContinueOnError = false
                   CopyBuildOutputToPublishDirectory = true
                   CopyConflictingTransitiveContent = false
                   CopyLocalLockFileAssemblies = true
                   CopyOutputSymbolsToPublishDirectory = true
                   CoreBuildDependsOn = 
                         _CheckForBuildWithNoBuild;
                         
                         BuildOnlySettings;
                         PrepareForBuild;
                         PreBuildEvent;
                         ResolveReferences;
                         PrepareResources;
                         ResolveKeySource;
                         Compile;
                         ExportWindowsMDFile;
                         UnmanagedUnregistration;
                         GenerateSerializationAssemblies;
                         CreateSatelliteAssemblies;
                         GenerateManifests;
                         GetTargetPath;
                         PrepareForRun;
                         UnmanagedRegistration;
                         IncrementalClean;
                         PostBuildEvent
                       ;
                         GenerateBuildDependencyFile;
                         GenerateBuildRuntimeConfigurationFiles
                       
                   CoreCleanDependsOn = 
                         _SdkBeforeClean;
                         
                       
                   CoreCompileDependsOn = ;_ComputeNonExistentFileProperty;ResolveCodeAnalysisRuleSet
                   CoreResGenDependsOn = FindReferenceAssembliesForReferences
                   CreateCustomManifestResourceNamesDependsOn = 
                   CreateHardLinksForCopyAdditionalFilesIfPossible = false
                   CreateManifestResourceNamesDependsOn = 
                   CreateSatelliteAssembliesDependsOn = 
                         
                         ;
                         _GenerateSatelliteAssemblyInputs;
                         ComputeIntermediateSatelliteAssemblies;
                         GenerateSatelliteAssemblies
                       ;
                         CoreGenerateSatelliteAssemblies
                       
                   CreateSymbolicLinksForCopyAdditionalFilesIfPossible = false
                   CSharpCoreTargetsPath = C:\Program Files\dotnet\sdk\10.0.300-preview.0.26177.108\Sdks\Microsoft.NET.Sdk\targets\..\..\..\Roslyn\Microsoft.CSharp.Core.targets
                   CSharpDesignTimeTargetsPath = C:\Program Files\dotnet\sdk\10.0.300-preview.0.26177.108\\Microsoft\VisualStudio\Managed\Microsoft.CSharp.DesignTime.targets
                   CSharpTargetsPath = C:\Program Files\dotnet\sdk\10.0.300-preview.0.26177.108\Microsoft.CSharp.CurrentVersion.targets
                   CustomAfterDirectoryBuildProps = ;C:\Program Files\dotnet\sdk\10.0.300-preview.0.26177.108\Sdks\Microsoft.NET.Sdk\Sdk\UseArtifactsOutputPath.props
                   CustomAfterMicrosoftCommonProps = C:\Program Files\dotnet\sdk\10.0.300-preview.0.26177.108\\vCurrent\Custom.After.Microsoft.Common.props
                   CustomAfterMicrosoftCommonTargets = C:\Program Files\dotnet\sdk\10.0.300-preview.0.26177.108\\vCurrent\Custom.After.Microsoft.Common.targets
                   CustomAfterMicrosoftCSharpTargets = C:\Program Files\dotnet\sdk\10.0.300-preview.0.26177.108\\vCurrent\Custom.After.Microsoft.CSharp.targets
                   CustomBeforeMicrosoftCommonProps = C:\Program Files\dotnet\sdk\10.0.300-preview.0.26177.108\\vCurrent\Custom.Before.Microsoft.Common.props
                   CustomBeforeMicrosoftCommonTargets = C:\Program Files\dotnet\sdk\10.0.300-preview.0.26177.108\\vCurrent\Custom.Before.Microsoft.Common.targets
                   CustomBeforeMicrosoftCSharpTargets = C:\Program Files\dotnet\sdk\10.0.300-preview.0.26177.108\\vCurrent\Custom.Before.Microsoft.CSharp.targets
                   DebugSymbols = true
                   DebugSymbolsProjectOutputGroupDependenciesDependsOn = 
                         ;
                         
                         ;
                         BuildOnlySettings;
                         PrepareForBuild;
                         AssignTargetPaths;
                         ResolveReferences
                       
                       
                   DebugSymbolsProjectOutputGroupDependsOn = 
                   DebugType = portable
                   DefaultAllowedOutputExtensionsInPackageBuildOutputFolder = .dll; .exe; .winmd; .json; .pri; .xml
                   DefaultAppHostRuntimeIdentifier = win-x64
                   DefaultCopyToPublishDirectoryMetadata = true
                   DefaultExcludesInProjectFolder = ;;**/.*/**
                   DefaultImplicitPackages = Microsoft.NETCore.App;NETStandard.Library
                   DefaultItemExcludes = ;bin\Debug\/**;obj\Debug\/**;bin\/**;obj\/**;bin\Debug\net8.0\publish\/**;**/*.user;**/*.*proj;**/*.sln;**/*.slnx;**/*.vssscc;**/.DS_Store
                   DefaultLanguageSourceExtension = .cs
                   DefaultProjectTypeGuid = {FAE04EC0-301F-11D3-BF4B-00C04F79EFBC}
                   DefineCommonCapabilities = true
                   DefineCommonItemSchemas = true
                   DefineCommonReferenceSchemas = true
                   DefineConstants = TRACE;DEBUG
                   DelaySign = 
                   DeploymentComputeClickOnceManifestInfoDependsOn = 
                         CleanPublishFolder;
                         GetCopyToOutputDirectoryItems;
                         _DeploymentGenerateTrustInfo;
                         
                       
                   DesignerRuntimeImplementationProjectOutputGroupDependsOn = 
                         
                         ;
                         
                         ;
                         BuildOnlySettings;
                         PrepareForBuild;
                         AssignTargetPaths;
                         ResolveReferences
                       
                       ;
                         _GenerateDesignerDepsFile;
                         _GenerateDesignerRuntimeConfigFile;
                         GetCopyToOutputDirectoryItems;
                         _GatherDesignerShadowCopyFiles;
                       
                   DesignTimeAssemblySearchPaths = {CandidateAssemblyFiles};{HintPathFromItem};{TargetFrameworkDirectory};{RawFileName}
                   DesignTimeAutoUnify = true
                   DesignTimeResolveAssemblyReferencesDependsOn = 
                         GetFrameworkPaths;
                         GetReferenceAssemblyPaths;
                         ResolveReferences
                       
                   Deterministic = true
                   DevEnvDir = *Undefined*
                   DisableHandlePackageFileConflicts = true
                   DisableLogTaskParameter_ConvertToAbsolutePath_Path = true
                   DisableLogTaskParameter_FindUnderPath_OutOfPath = true
                   DisableLogTaskParameter_RemoveDuplicates_Inputs = true
                   DisableLogTaskParameterItemMetadata_ConvertToAbsolutePath_AbsolutePaths = true
                   DisableLogTaskParameterItemMetadata_Copy_CopiedFiles = true
                   DisableLogTaskParameterItemMetadata_Copy_DestinationFiles = true
                   DisableLogTaskParameterItemMetadata_Copy_SourceFiles = true
                   DisableLogTaskParameterItemMetadata_FindUnderPath_Files = true
                   DisableLogTaskParameterItemMetadata_FindUnderPath_InPath = true
                   DisableLogTaskParameterItemMetadata_GenerateResource_FilesWritten = true
                   DisableLogTaskParameterItemMetadata_Hash_ItemsToHash = true
                   DisableLogTaskParameterItemMetadata_RemoveDuplicates_Filtered = true
                   DisableLogTaskParameterItemMetadata_WriteLinesToFile_Lines = true
                   DisableStandardFrameworkResolution = true
                   DocumentationFile = 
                   DocumentationProjectOutputGroupDependenciesDependsOn = 
                         ;
                         
                         ;
                         BuildOnlySettings;
                         PrepareForBuild;
                         AssignTargetPaths;
                         ResolveReferences
                       
                       
                   DocumentationProjectOutputGroupDependsOn = 
                   DOTNET_CLI_HOME = C:\Users\Lenovo\Documents\Génie Logiciel\EasySave-Groupe1\.appdata\dotnet-cli
                   DOTNET_CLI_TELEMETRY_OPTOUT = 1
                   DOTNET_HOST_PATH = C:\Program Files\dotnet\dotnet.exe
                   DOTNET_SKIP_FIRST_TIME_EXPERIENCE = 1
                   DotNetApiCompatTaskAssembly = C:\Program Files\dotnet\sdk\10.0.300-preview.0.26177.108\Sdks\Microsoft.NET.Sdk\targets\..\tools\net10.0\Microsoft.DotNet.ApiCompat.Task.dll
                   DotnetCliToolTargetFramework = netcoreapp2.2
                   DotNetSdkSupportsVSHostObjectRemoting = true
                   EffectiveAnalysisLevel = 8.0
                   EffectiveCodeAnalysisTreatWarningsAsErrors = 
                   EffectiveTargetPlatformVersion = 
                   EmbeddedResourceUseDependentUponConvention = true
                   EmbeddedWin32Manifest = 
                   EmbedUntrackedSources = true
                   EmitAssetsLogMessages = true
                   EmitCompilerGeneratedFiles = false
                   EmitLegacyAssetsFileItems = false
                   EnableAppxPackageTargetsForUwpClassLibraries = true
                   EnableDefaultCompileItems = true
                   EnableDefaultEmbeddedResourceItems = true
                   EnableDefaultItems = true
                   EnableDefaultNoneItems = true
                   EnableFrameworkPathOverride = false
                   EnableNETAnalyzers = true
                   EnableSdkContainerSupport = true
                   EnableSourceControlManagerQueries = true
                   EnableSourceLink = true
                   EnableUnsafeBinaryFormatterSerialization = false
                   EnableWebSdkImplicitPackageVersions = false
                   EnforceCodeStyleInBuild = false
                   ErrorReport = prompt
                   ExpandSDKAllowedReferenceExtensions = 
                         .winmd;
                         .dll
                       
                   ExpandSDKReferencesDependsOn = 
                         ResolveSDKReferences
                       
                   FileAlignment = 512
                   FindInvalidProjectReferencesDependsOn = 
                         GetReferenceTargetPlatformMonikers
                       
                   Framework20Dir = @(_TargetFramework20DirectoryItem)
                   Framework30Dir = @(_TargetFramework30DirectoryItem)
                   Framework35Dir = @(_TargetFramework35DirectoryItem)
                   Framework40Dir = @(_TargetFramework40DirectoryItem)
                   FrameworkDir = @(_TargetFramework40DirectoryItem)
                   FrameworkPathOverride = 
                   FrameworkRegistryBase = Software\Microsoft\.NETCoreApp
                   FrameworkSDKDir = @(_TargetFrameworkSDKDirectoryItem)
                   FullReferenceAssemblyNames = Full
                   GenerateAssemblyCompanyAttribute = true
                   GenerateAssemblyConfigurationAttribute = true
                   GenerateAssemblyCopyrightAttribute = true
                   GenerateAssemblyDescriptionAttribute = true
                   GenerateAssemblyFileVersionAttribute = true
                   GenerateAssemblyInfo = true
                   GenerateAssemblyInformationalVersionAttribute = true
                   GenerateAssemblyMetadataAttributes = true
                   GenerateAssemblyProductAttribute = true
                   GenerateAssemblyTitleAttribute = true
                   GenerateAssemblyTrademarkAttribute = true
                   GenerateAssemblyVersionAttribute = true
                   GenerateBindingRedirectsOutputType = true
                   GenerateClickOnceManifests = 
                   GeneratedAssemblyInfoFile = obj\Debug\net8.0\EasySave.AssemblyInfo.cs
                   GenerateDependencyFile = true
                   GeneratedGlobalUsingsFile = obj\Debug\net8.0\EasySave.GlobalUsings.g.cs
                   GenerateDisableRuntimeMarshallingAttribute = true
                   GenerateDocumentationFile = false
                   GenerateFullPaths = true
                   GenerateInternalsVisibleToAttributes = true
                   GenerateManifestsDependsOn = 
                         SetWin32ManifestProperties;
                         GenerateApplicationManifest;
                         GenerateDeploymentManifest
                       
                   GenerateNeutralResourcesLanguageAttribute = true
                   GenerateNuspecDependsOn = Build;_LoadPackInputItems; _GetTargetFrameworksOutput; _WalkEachTargetPerFramework; _GetPackageFiles; 
                   GeneratePackageOnBuild = false
                   GenerateRepositoryUrlAttribute = true
                   GenerateResourceMSBuildArchitecture = CurrentArchitecture
                   GenerateResourceMSBuildRuntime = CurrentRuntime
                   GenerateResourceUsePreserializedResources = true
                   GenerateResourceWarnOnBinaryFormatterUse = true
                   GenerateRuntimeConfigDevFile = false
                   GenerateRuntimeConfigurationFiles = true
                   GenerateSatelliteAssembliesForCore = true
                   GenerateSupportedOSPlatformAttribute = true
                   GenerateTargetFrameworkAttribute = true
                   GenerateTargetPlatformAttribute = true
                   GetCopyToOutputDirectoryItemsDependsOn = 
                         AssignTargetPaths;
                         
                         AssignProjectConfiguration;
                         _SplitProjectReferencesByFileExistence
                       ;
                         _GetProjectReferenceTargetFrameworkProperties;
                         _PopulateCommonStateForGetCopyToOutputDirectoryItems
                       
                   GetFrameworkPathsDependsOn = 
                   GetReferenceNearestTargetFrameworkTaskSupportsTargetFrameworkPropertyParameter = true
                   GetReferenceNearestTargetFrameworkTaskSupportsTargetPlatformParameter = true
                   GetTargetPathWithTargetPlatformMonikerDependsOn = 
                   HasRuntimeOutput = true
                   HideWarningsAndErrors = false
                   HighEntropyVA = true
                   ImplicitConfigurationDefine = DEBUG
                   ImplicitUsings = enable
                   ImportByWildcardAfterMicrosoftCommonProps = true
                   ImportByWildcardAfterMicrosoftCommonTargets = true
                   ImportByWildcardAfterMicrosoftCSharpTargets = true
                   ImportByWildcardBeforeMicrosoftCommonProps = true
                   ImportByWildcardBeforeMicrosoftCommonTargets = true
                   ImportByWildcardBeforeMicrosoftCSharpTargets = true
                   ImportDirectoryBuildProps = true
                   ImportDirectoryBuildTargets = true
                   ImportDirectoryPackagesProps = true
                   ImportFrameworkWinFXTargets = false
                   ImportNuGetBuildTasksPackTargetsFromSdk = true
                   ImportProjectExtensionProps = true
                   ImportProjectExtensionTargets = true
                   ImportUserLocationsByWildcardAfterMicrosoftCommonProps = true
                   ImportUserLocationsByWildcardAfterMicrosoftCommonTargets = true
                   ImportUserLocationsByWildcardAfterMicrosoftCSharpTargets = true
                   ImportUserLocationsByWildcardBeforeMicrosoftCommonProps = true
                   ImportUserLocationsByWildcardBeforeMicrosoftCommonTargets = true
                   ImportUserLocationsByWildcardBeforeMicrosoftCSharpTargets = true
                   IncludeBuildOutput = true
                   IncludeContentInPack = true
                   IncludeFileVersionsInDependencyFile = true
                   IncludeMainProjectInDepsFile = true
                   IncludeProjectsNotInAssetsFileInDepsFile = true
                   IncludeSourceRevisionInInformationalVersion = true
                   IncludeSymbolsInSingleFile = false
                   InnerBuildProperty = TargetFramework
                   InnerBuildPropertyValues = TargetFrameworks
                   IntermediateOutputPath = obj\Debug\net8.0\
                   IsPackable = true
                   IsPublishable = true
                   IsRestoreTargetsFileLoaded = true
                   IsRidAgnostic = false
                   Language = C#
                   LanguageTargets = C:\Program Files\dotnet\sdk\10.0.300-preview.0.26177.108\Microsoft.CSharp.targets
                   LangVersion = 12.0
                   MarkPackageReferencesAsExternallyResolved = true
                   MaxSupportedLangVersion = 12.0
                   MaxTargetPath = 100
                   MicrosoftBuildTasksGitAssemblyFile = C:\Program Files\dotnet\sdk\10.0.300-preview.0.26177.108\Sdks\Microsoft.Build.Tasks.Git\build\..\tools\net\Microsoft.Build.Tasks.Git.dll
                   MicrosoftCommonPropsHasBeenImported = true
                   MicrosoftNETBuildExtensionsTargets = C:\Program Files\dotnet\sdk\10.0.300-preview.0.26177.108\\Microsoft\Microsoft.NET.Build.Extensions\Microsoft.NET.Build.Extensions.targets
                   MicrosoftNETBuildExtensionsTasksAssembly = C:\Program Files\dotnet\sdk\10.0.300-preview.0.26177.108\Microsoft\Microsoft.NET.Build.Extensions\\tools\net10.0\Microsoft.NET.Build.Extensions.Tasks.dll
                   MicrosoftNETBuildTasksAssembly = C:\Program Files\dotnet\sdk\10.0.300-preview.0.26177.108\Sdks\Microsoft.NET.Sdk\targets\..\tools\net10.0\Microsoft.NET.Build.Tasks.dll
                   MicrosoftNETBuildTasksDirectory = C:\Program Files\dotnet\sdk\10.0.300-preview.0.26177.108\Sdks\Microsoft.NET.Sdk\targets\..\tools\net10.0\
                   MicrosoftNETBuildTasksDirectoryRoot = C:\Program Files\dotnet\sdk\10.0.300-preview.0.26177.108\Sdks\Microsoft.NET.Sdk\targets\..\tools\
                   MicrosoftNETBuildTasksTFM = net10.0
                   MicrosoftNETFrameworkReferenceAssembliesLatestPackageVersion = 1.0.3
                   MicrosoftNETWindowsWorkloadInstalled = true
                   MinimumMSBuildVersion = 18.0.0
                   MsAppxPackageTargets = C:\Program Files\dotnet\sdk\10.0.300-preview.0.26177.108\Microsoft\VisualStudio\v18.0\AppxPackage\Microsoft.AppXPackage.Targets
                   MSBuildAllProjects = C:\Users\Lenovo\Documents\Génie Logiciel\EasySave-Groupe1\EasySave\obj\EasySave.csproj.nuget.g.props;;C:\Program Files\dotnet\sdk\10.0.300-preview.0.26177.108\Current\Microsoft.Common.targets\ImportAfter\Microsoft.TestPlatform.ImportAfter.targets
                   MSBuildAssemblyVersion = 18.0
                   MSBuildBinPath = C:\Program Files\dotnet\sdk\10.0.300-preview.0.26177.108
                   MSBuildCopyContentTransitively = true
                   MSBuildCopyMarkerName = EasySave.csproj.Up2Date
                   MSBuildDisableFeaturesFromVersion = 999.999
                   MSBuildEnableWorkloadResolver = true
                   MSBuildExtensionsPath = C:\Program Files\dotnet\sdk\10.0.300-preview.0.26177.108\
                   MSBuildExtensionsPath32 = C:\Program Files\dotnet\sdk\10.0.300-preview.0.26177.108
                   MSBuildExtensionsPath64 = C:\Program Files\dotnet\sdk\10.0.300-preview.0.26177.108
                   MSBUILDFAILONDRIVEENUMERATINGWILDCARD = 1
                   MSBuildFileVersion = 18.6.0.17808
                   MSBuildLoadMicrosoftTargetsReadOnly = true
                   MSBuildNodeCount = 4
                   MSBuildProgramFiles32 = C:\Program Files (x86)
                   MSBuildProjectDefaultTargets = Build
                   MSBuildProjectDirectory = C:\Users\Lenovo\Documents\Génie Logiciel\EasySave-Groupe1\EasySave
                   MSBuildProjectDirectoryNoRoot = Users\Lenovo\Documents\Génie Logiciel\EasySave-Groupe1\EasySave
                   MSBuildProjectExtension = .csproj
                   MSBuildProjectExtensionsPath = C:\Users\Lenovo\Documents\Génie Logiciel\EasySave-Groupe1\EasySave\obj\
                   MSBuildProjectFile = EasySave.csproj
                   MSBuildProjectFullPath = C:\Users\Lenovo\Documents\Génie Logiciel\EasySave-Groupe1\EasySave\EasySave.csproj
                   MSBuildProjectName = EasySave
                   MSBuildRuntimeType = Core
                   MSBuildSDKsPath = C:\Program Files\dotnet\sdk\10.0.300-preview.0.26177.108\Sdks
                   MSBuildSemanticVersion = 18.6.0-preview-26177-108+cf1948f9c
                   MSBuildStartupDirectory = C:\Users\Lenovo\Documents\Génie Logiciel\EasySave-Groupe1\EasySave.Console
                   MSBuildToolsPath = C:\Program Files\dotnet\sdk\10.0.300-preview.0.26177.108
                   MSBuildToolsVersion = Current
                   MSBuildUserExtensionsPath = C:\Users\Lenovo\AppData\Local\Microsoft\MSBuild
                   MSBUILDUSESERVER = 0
                   MSBuildUseVisualStudioDirectoryLayout = False
                   MSBuildVersion = 18.6.0
                   MSBuildWarningsAsErrors = ;NU1605
                   MSBuildWarningsAsMessages = ;1701;1702
                   MSBuildWarningsNotAsErrors = 
                   MsTestToolsTargets = C:\Program Files\dotnet\sdk\10.0.300-preview.0.26177.108\Microsoft\VisualStudio\v18.0\TeamTest\Microsoft.TeamTest.targets
                   NETCoreAppMaximumVersion = 10.0
                   NetCoreRoot = C:\Program Files\dotnet\
                   NETCoreSdkBundledCliToolsProps = C:\Program Files\dotnet\sdk\10.0.300-preview.0.26177.108\Sdks\Microsoft.NET.Sdk\targets\..\..\..\Microsoft.NETCoreSdk.BundledCliTools.props
                   NETCoreSdkBundledMSBuildInformationProps = C:\Program Files\dotnet\sdk\10.0.300-preview.0.26177.108\Sdks\Microsoft.NET.Sdk\targets\..\..\..\Microsoft.NETCoreSdk.BundledMSBuildInformation.props
                   NETCoreSdkBundledVersionsProps = C:\Program Files\dotnet\sdk\10.0.300-preview.0.26177.108\Sdks\Microsoft.NET.Sdk\targets\..\..\..\Microsoft.NETCoreSdk.BundledVersions.props
                   NETCoreSdkPortableRuntimeIdentifier = win-x64
                   NETCoreSdkRuntimeIdentifier = win-x64
                   NETCoreSdkVersion = 10.0.300-preview.0.26177.108
                   NetCoreTargetingPackRoot = C:\Program Files\dotnet\packs
                   NoCompilerStandardLib = true
                   NoStdLib = true
                   NoWarn = 1701;1702
                   NuGetAudit = true
                   NuGetAuditLevel = low
                   NuGetAuditMode = direct
                   NuGetBuildTasksPackTargets = C:\Program Files\dotnet\sdk\10.0.300-preview.0.26177.108\Sdks\Microsoft.NET.Sdk\Sdk\..\..\..\NuGet.Build.Tasks.Pack.targets
                   NuGetInteractive = 
                   NuGetPackageFolders = C:\Users\Lenovo\.nuget\packages\;C:\Program Files (x86)\Microsoft Visual Studio\Shared\NuGetPackages
                   NuGetPackageRoot = C:\Users\Lenovo\.nuget\packages\
                   NuGetPackTaskAssemblyFile = NuGet.Build.Tasks.Pack.dll
                   NuGetProjectStyle = PackageReference
                   NuGetPropsFile = C:\Program Files\dotnet\sdk\10.0.300-preview.0.26177.108\NuGet.props
                   NuGetRestoreTargets = C:\Program Files\dotnet\sdk\10.0.300-preview.0.26177.108\NuGet.targets
                   NuGetTargetMoniker = .NETCoreApp,Version=v8.0
                   NuGetToolVersion = 7.0.0
                   Nullable = enable
                   NuspecOutputPath = obj\Debug\
                   Optimize = false
                   OutDir = bin\Debug\net8.0\
                   OutputPath = bin\Debug\net8.0\
                   OutputType = Exe
                   OverwriteReadOnlyFiles = false
                   PackageDescription = Package Description
                   PackageDownloadSupported = true
                   PackageId = EasySave
                   PackageOutputPath = bin\Debug\
                   PackageRequireLicenseAcceptance = false
                   PackageVersion = 1.0.0
                   PackDependsOn = ; _GetRestoreProjectStyle; _IntermediatePack; GenerateNuspec; 
                   PackRelease = true
                   Platform = AnyCPU
                   PlatformName = AnyCPU
                   Platforms = AnyCPU
                   PostBuildEventDependsOn = 
                   PreBuildEventDependsOn = 
                   Prefer32Bit = false
                   PreferNativeArm64 = false
                   PrepareForBuildDependsOn = ;GetFrameworkPaths;GetReferenceAssemblyPaths;AssignLinkMetadata
                   PrepareForRunDependsOn = 
                         CopyFilesToOutputDirectory
                       
                   PrepareProjectReferencesDependsOn = 
                         AssignProjectConfiguration;
                         _SplitProjectReferencesByFileExistence;
                         _GetProjectReferenceTargetFrameworkProperties;
                         _GetProjectReferencePlatformProperties
                       
                   PrepareResourceNamesDependsOn = 
                         AssignTargetPaths;
                         SplitResourcesByCulture;
                         CreateManifestResourceNames;
                         CreateCustomManifestResourceNames
                       
                   PrepareResourcesDependsOn = 
                         ResolvePackageDependenciesForBuild;
                         _HandlePackageFileConflicts;
                         
                         ;
                         PrepareResourceNames;
                         ResGen;
                         CompileLicxFiles
                       
                       
                   PreserveCompilationReferences = 
                   ProcessorArchitecture = msil
                   ProcessorArchitectureAsPlatform = AnyCPU
                   ProduceReferenceAssembly = true
                   Product = EasySave
                   ProjectAssetsCacheFile = C:\Users\Lenovo\Documents\Génie Logiciel\EasySave-Groupe1\EasySave\obj\Debug\net8.0\EasySave.assets.cache
                   ProjectAssetsFile = C:\Users\Lenovo\Documents\Génie Logiciel\EasySave-Groupe1\EasySave\obj\project.assets.json
                   ProjectDepsFileName = EasySave.deps.json
                   ProjectDepsFilePath = C:\Users\Lenovo\Documents\Génie Logiciel\EasySave-Groupe1\EasySave\bin\Debug\net8.0\EasySave.deps.json
                   ProjectDesignTimeAssemblyResolutionSearchPaths = 
                         {CandidateAssemblyFiles};
                         ;
                         {HintPathFromItem};
                         {TargetFrameworkDirectory};
                         {Registry:Software\Microsoft\.NETCoreApp,v8.0,AssemblyFoldersEx};
                         {RawFileName};
                         C:\Users\Lenovo\Documents\Génie Logiciel\EasySave-Groupe1\EasySave\bin\Debug\net8.0\
                       
                   ProjectDir = C:\Users\Lenovo\Documents\Génie Logiciel\EasySave-Groupe1\EasySave\
                   ProjectExt = .csproj
                   ProjectFileName = EasySave.csproj
                   ProjectFlavor = Client
                   ProjectName = EasySave
                   ProjectPath = C:\Users\Lenovo\Documents\Génie Logiciel\EasySave-Groupe1\EasySave\EasySave.csproj
                   ProjectRuntimeConfigFileName = EasySave.runtimeconfig.json
                   ProjectRuntimeConfigFilePath = C:\Users\Lenovo\Documents\Génie Logiciel\EasySave-Groupe1\EasySave\bin\Debug\net8.0\EasySave.runtimeconfig.json
                   PrunePackageDataRoot = C:\Program Files\dotnet\sdk\10.0.300-preview.0.26177.108\PrunePackageData
                   PublishableProject = true
                   PublishBuildDependsOn = 
                         BuildOnlySettings;
                         PrepareForBuild;
                         ResolveReferences;
                         PrepareResources;
                         ResolveKeySource;
                         GenerateSerializationAssemblies;
                         CreateSatelliteAssemblies;
                       
                   PublishContainerDependsOn = 
                         _ContainerVerifySDKVersion;
                         ComputeContainerConfig;
                         _CheckContainersPackage;
                       
                   PublishDependsOn = 
                         SetGenerateManifests;
                         Build;
                         PublishOnly
                       
                   PublishDir = bin\Debug\net8.0\publish\
                   PublishDirName = publish
                   PublishDocumentationFile = true
                   PublishDocumentationFiles = true
                   PublishItemsOutputGroupDependsOn = 
                         ;
                         ResolveReferences;
                         ComputeResolvedFilesToPublishList;
                         _ComputeFilesToBundle;
                       
                   PublishOnlyDependsOn = 
                         SetGenerateManifests;
                         PublishBuild;
                         BeforePublish;
                         GenerateManifests;
                         CopyFilesToOutputDirectory;
                         _CopyFilesToPublishFolder;
                         _DeploymentGenerateBootstrapper;
                         ResolveKeySource;
                         _DeploymentSignClickOnceDeployment;
                         AfterPublish
                       
                   PublishProfileImported = false
                   PublishReadyToRunComposite = false
                   PublishReadyToRunPerfmapFormatVersion = 1
                   PublishReadyToRunUseCrossgen2 = true
                   PublishReadyToRunUseRuntimePackOptimizationData = true
                   PublishReferencesDocumentationFiles = true
                   PublishRelease = true
                   RebuildDependsOn = 
                         _SdkBeforeRebuild;
                         
                         BeforeRebuild;
                         Clean;
                         Build;
                         AfterRebuild;
                       
                       
                   RefAssembliesFolderName = refs
                   ReferenceCopyLocalPathsOutputGroupDependsOn = 
                         ;
                         
                         ;
                         BuildOnlySettings;
                         PrepareForBuild;
                         AssignTargetPaths;
                         ResolveReferences
                       
                       
                   ReportingServicesTargets = C:\Program Files\dotnet\sdk\10.0.300-preview.0.26177.108\\Microsoft\VisualStudio\v18.0\ReportingServices\Microsoft.ReportingServices.targets
                   ResGenDependsOn = ResolveAssemblyReferences;SplitResourcesByCulture;BeforeResGen;CoreResGen;AfterResGen
                   ResGenExecuteAsTool = false
                   ResolveAssemblyReferenceOutputUnresolvedAssemblyConflicts = true
                   ResolveAssemblyReferencesDependsOn = 
                         
                         
                         ResolveProjectReferences;
                         FindInvalidProjectReferences;
                         GetFrameworkPaths;
                         GetReferenceAssemblyPaths;
                         PrepareForBuild;
                         ResolveSDKReferences;
                         ExpandSDKReferences;
                       ;
                         ResolvePackageDependenciesForBuild;
                         _HandlePackageFileConflicts;
                       ;
                         ResolveTargetingPackAssets;
                       
                   ResolveNuGetPackages = false
                   ResolvePackageDependenciesForBuildDependsOn = 
                         ResolveLockFileReferences;
                         ResolveLockFileAnalyzers;
                         ResolveLockFileCopyLocalFiles;
                         ResolveRuntimePackAssets;
                         RunProduceContentAssets;
                         IncludeTransitiveProjectReferences
                       
                   ResolveReferencesDependsOn = 
                         BeforeResolveReferences;
                         AssignProjectConfiguration;
                         ResolveProjectReferences;
                         FindInvalidProjectReferences;
                         ResolveNativeReferences;
                         ResolveAssemblyReferences;
                         GenerateBindingRedirects;
                         GenerateBindingRedirectsUpdateAppConfig;
                         ResolveComReferences;
                         AfterResolveReferences
                       
                   ResolveSDKReferencesDependsOn = 
                         GetInstalledSDKLocations
                       
                   Restore = false
                   RestoreAdditionalProjectSources = ;C:\Program Files\dotnet\library-packs
                   RestoreBuildInParallel = true
                   RestoreContinueOnError = WarnAndContinue
                   RestoreEnablePackagePruning = false
                   RestoreOutputPath = C:\Users\Lenovo\Documents\Génie Logiciel\EasySave-Groupe1\EasySave\obj\
                   RestorePackagePruningDefault = false
                   RestoreProjectStyle = PackageReference
                   RestoreRecursive = true
                   RestoreSuccess = True
                   RestoreTaskAssemblyFile = NuGet.Build.Tasks.dll
                   RestoreTool = NuGet
                   RestoreUseSkipNonexistentTargets = true
                   RootNamespace = EasySave
                   RoslynAssembliesPath = C:\Program Files\dotnet\sdk\10.0.300-preview.0.26177.108\Sdks\Microsoft.NET.Sdk\targets\..\..\..\Roslyn\bincore
                   RoslynCompilerType = Core
                   RoslynCoreAssembliesPath = C:\Program Files\dotnet\sdk\10.0.300-preview.0.26177.108\Sdks\Microsoft.NET.Sdk\targets\..\..\..\Roslyn\bincore
                   RoslynTargetsPath = C:\Program Files\dotnet\sdk\10.0.300-preview.0.26177.108\Sdks\Microsoft.NET.Sdk\targets\..\..\..\Roslyn
                   RoslynTasksAssembly = C:\Program Files\dotnet\sdk\10.0.300-preview.0.26177.108\Sdks\Microsoft.NET.Sdk\targets\..\..\..\Roslyn\Microsoft.Build.Tasks.CodeAnalysis.dll
                   RunArguments = 
                   RunCommand = C:\Users\Lenovo\Documents\Génie Logiciel\EasySave-Groupe1\EasySave\bin\Debug\net8.0\EasySave.exe
                   RunDependsOn = 
                   RunPackageValidationDependsOn = CollectApiCompatInputs;_GetReferencePathFromInnerProjects;
                   RuntimeIdentifierGraphPath = C:\Program Files\dotnet\sdk\10.0.300-preview.0.26177.108/PortableRuntimeIdentifierGraph.json
                   RunWorkingDirectory = 
                   SatelliteDllsProjectOutputGroupDependenciesDependsOn = 
                         ;
                         
                         ;
                         BuildOnlySettings;
                         PrepareForBuild;
                         AssignTargetPaths;
                         ResolveReferences
                       
                       
                   SatelliteDllsProjectOutputGroupDependsOn = ;PrepareForBuild;PrepareResourceNames
                   SdkAnalysisLevel = 10.0.300
                   SDKContainerSupportEnabled = true
                   SDKRedistOutputGroupDependsOn = ResolveSDKReferences;ExpandSDKReferences
                   SDKReferenceDirectoryRoot = C:\Users\Lenovo\AppData\Local\Microsoft SDKs;C:\Program Files (x86)\Microsoft SDKs
                   SDKReferenceRegistryRoot = Software\Microsoft\Microsoft SDKs
                   SelfContained = false
                   SGenFilesOutputGroupDependenciesDependsOn = 
                         ;
                         
                         ;
                         BuildOnlySettings;
                         PrepareForBuild;
                         AssignTargetPaths;
                         ResolveReferences
                       
                       
                   SGenFilesOutputGroupDependsOn = 
                   SGenShouldGenerateSerializer = true
                   SGenUseKeep = false
                   SGenUseProxyTypes = true
                   ShouldMarkCertainSDKReferencesAsRuntimeOnly = true
                   SignAssembly = false
                   SkipCopyUnchangedFiles = true
                   SkipImportNuGetBuildTargets = true
                   SkipImportNuGetProps = true
                   SolutionDir = *Undefined*
                   SolutionExt = *Undefined*
                   SolutionFileName = *Undefined*
                   SolutionName = *Undefined*
                   SolutionPath = *Undefined*
                   SourceControlInformationFeatureSupported = true
                   SourceControlManagerUrlTranslationTargets = ;TranslateGitHubUrlsInSourceControlInformation;TranslateGitLabUrlsInSourceControlInformation;TranslateAzureReposGitUrlsInSourceControlInformation;TranslateBitbucketGitUrlsInSourceControlInformation
                   SourceFilesProjectOutputGroupDependsOn = PrepareForBuild;AssignTargetPaths
                   SourceLinkUrlInitializerTargets = ;_InitializeGitHubSourceLinkUrl;_InitializeGitLabSourceLinkUrl;_InitializeAzureReposGitSourceLinkUrl;_InitializeBitbucketGitSourceLinkUrl
                   SourceRootMappedPathsFeatureSupported = true
                   SupportedOSPlatformVersion = 
                   SupportsRoslynComponentVersioning = true
                   SuppressDependenciesWhenPacking = false
                   SymbolPackageFormat = symbols.nupkg
                   TargetCulture = *
                   TargetDeployManifestFileName = EasySave.application
                   TargetDir = C:\Users\Lenovo\Documents\Génie Logiciel\EasySave-Groupe1\EasySave\bin\Debug\net8.0\
                   TargetedFrameworkDir = @(_TargetedFrameworkDirectoryItem)
                   TargetedSDKArchitecture = msil
                   TargetedSDKConfiguration = Debug
                   TargetExt = .dll
                   TargetFileName = EasySave.dll
                   TargetFramework = net8.0
                   TargetFrameworkDirectory = 
                   TargetFrameworkIdentifier = .NETCoreApp
                   TargetFrameworkMoniker = .NETCoreApp,Version=v8.0
                   TargetFrameworkMonikerAssemblyAttributesPath = obj\Debug\net8.0\.NETCoreApp,Version=v8.0.AssemblyAttributes.cs
                   TargetFrameworkMonikerDisplayName = .NET 8.0
                   TargetFrameworkSDKToolsDirectory = 
                   TargetFrameworkVersion = v8.0
                   TargetLatestRuntimePatch = false
                   TargetName = EasySave
                   TargetPath = C:\Users\Lenovo\Documents\Génie Logiciel\EasySave-Groupe1\EasySave\bin\Debug\net8.0\EasySave.dll
                   TargetPlatformDisplayName =  
                   TargetPlatformIdentifier = 
                   TargetPlatformRegistryBase = Software\Microsoft\Microsoft SDKs\
                   TargetPlatformSdkPath = 
                   TargetPlatformVersion = 
                   TargetRefPath = C:\Users\Lenovo\Documents\Génie Logiciel\EasySave-Groupe1\EasySave\obj\Debug\net8.0\ref\EasySave.dll
                   TargetRuntime = Managed
                   TargetsForTfmSpecificContentInPackage = ;_PackProjectToolValidation
                   TargetsNet8 = true
                   ToolDepsJsonGeneratorProject = C:\Program Files\dotnet\sdk\10.0.300-preview.0.26177.108\Sdks\Microsoft.NET.Sdk\targets\GenerateDeps\GenerateDeps.proj
                   TreatWarningsAsErrors = false
                   TrimDepsJsonLibrariesWithoutAssets = true
                   UnmanagedRegistrationDependsOn = 
                   UnmanagedUnregistrationDependsOn = 
                   UnsupportedTargetFrameworkVersion = 11.0
                   UseAppHost = true
                   UseCommonOutputDirectory = false
                   UseDefaultPlatformLookupTables = true
                   UseHostCompilerIfAvailable = true
                   UseMSBuildTestInfrastructure = false
                   UseOSWinMdReferences = false
                   UseRidGraph = false
                   UserProfileRuntimeStorePath = C:\Users\Lenovo\.dotnet\store
                   UserRuntimeConfig = C:\Users\Lenovo\Documents\Génie Logiciel\EasySave-Groupe1\EasySave/runtimeconfig.template.json
                   UseSourcePath = true
                   UsingMicrosoftNETSdk = true
                   UsingNETSdkDefaults = true
                   Utf8Output = true
                   ValidateRuntimeIdentifierCompatibility = false
                   VerifyMatchingImplicitPackageVersion = true
                   Version = 1.0.0
                   VersionPrefix = 1.0.0
                   VisualBasicCoreTargetsPath = C:\Program Files\dotnet\sdk\10.0.300-preview.0.26177.108\Sdks\Microsoft.NET.Sdk\targets\..\..\..\Roslyn\Microsoft.VisualBasic.Core.targets
                   VisualStudioVersion = 18.0
                   VSTestConsolePath = C:\Program Files\dotnet\sdk\10.0.300-preview.0.26177.108\vstest.console.dll
                   VSTestNoBuild = False
                   VSTestTargets = C:\Program Files\dotnet\sdk\10.0.300-preview.0.26177.108\\Microsoft.TestPlatform.targets
                   VSTestTaskAssemblyFile = Microsoft.TestPlatform.Build.dll
                   VsTestUseMSBuildOutput = False
                   WarningLevel = 8
                   WarningsAsErrors = ;NU1605;SYSLIB0011
                   WarnOnPackingNonPackableProject = false
                   WebReference_EnableLegacyEventingModel = false
                   WebReference_EnableProperties = true
                   WebReference_EnableSQLTypes = true
                   WMSJSProject = WJProject
                   WMSJSProjectDirectory = JavaScript
                   YieldDuringToolExecution = true

16:28:51.810     0>Éléments initiaux :
                   _AdditionalTargetFrameworkInfoPropertyWithValue
                       _IsExecutable
                           Value = true
                       _SelfContainedWasSpecified
                           Value = 
                       IsRidAgnostic
                           Value = false
                       SelfContained
                           Value = false
                       ShouldBeValidatedAsExecutableReference
                           Value = 
                   _AllDirectoriesAbove
                       C:\
                       C:\Users
                       C:\Users\Lenovo
                       C:\Users\Lenovo\Documents
                       C:\Users\Lenovo\Documents\Génie Logiciel
                       C:\Users\Lenovo\Documents\Génie Logiciel\EasySave-Groupe1
                       C:\Users\Lenovo\Documents\Génie Logiciel\EasySave-Groupe1\EasySave
                       C:\Users\Lenovo\Documents\Génie Logiciel\EasySave-Groupe1\EasySave\Controllers
                       C:\Users\Lenovo\Documents\Génie Logiciel\EasySave-Groupe1\EasySave\Interfaces
                       C:\Users\Lenovo\Documents\Génie Logiciel\EasySave-Groupe1\EasySave\Models
                       C:\Users\Lenovo\Documents\Génie Logiciel\EasySave-Groupe1\EasySave\Services
                       C:\Users\Lenovo\Documents\Génie Logiciel\EasySave-Groupe1\EasySave\ViewModels
                       C:\Users\Lenovo\Documents\Génie Logiciel\EasySave-Groupe1\EasySave\Views
                   _ApplicationManifestFinal
                       bin\Debug\net8.0\EasySave.dll.manifest
                           TargetPath = EasySave.dll.manifest
                   _DebugSymbolsIntermediatePath
                       obj\Debug\net8.0\EasySave.pdb
                   _DebugSymbolsOutputPath
                       bin\Debug\net8.0\EasySave.pdb
                   _DeploymentManifestEntryPoint
                       obj\Debug\net8.0\EasySave.dll
                           TargetPath = EasySave.dll
                   _EolNetCoreTargetFrameworkVersions
                       1.0
                       1.1
                       2.0
                       2.1
                       2.2
                       3.0
                       3.1
                       5.0
                       6.0
                       7.0
                   _ExcludedKnownRuntimeIdentiferPlatforms
                       rhel.6
                       rhel.6
                       rhel.6
                       rhel.6
                       rhel.6
                       rhel.6
                       rhel.6
                       rhel.6
                       rhel.6
                       rhel.6
                       rhel.6
                       rhel.6
                       rhel.6
                       rhel.6
                       rhel.6
                       rhel.6
                       rhel.6
                       tizen.4.0.0
                       tizen.4.0.0
                       tizen.4.0.0
                       tizen.4.0.0
                       tizen.4.0.0
                       tizen.4.0.0
                       tizen.4.0.0
                       tizen.4.0.0
                       tizen.4.0.0
                       tizen.4.0.0
                       tizen.4.0.0
                       tizen.4.0.0
                       tizen.4.0.0
                       tizen.4.0.0
                       tizen.4.0.0
                       tizen.4.0.0
                       tizen.4.0.0
                       tizen.4.0.0
                       tizen.4.0.0
                       tizen.4.0.0
                       tizen.4.0.0
                       tizen.4.0.0
                       tizen.4.0.0
                       tizen.4.0.0
                       tizen.4.0.0
                       tizen.4.0.0
                       tizen.4.0.0
                       tizen.4.0.0
                       tizen.4.0.0
                       tizen.4.0.0
                       tizen.4.0.0
                       tizen.4.0.0
                       tizen.4.0.0
                       tizen.4.0.0
                       tizen.4.0.0
                       tizen.4.0.0
                       tizen.4.0.0
                       tizen.4.0.0
                       tizen.4.0.0
                       tizen.4.0.0
                       tizen.5.0.0
                       tizen.5.0.0
                       tizen.5.0.0
                       tizen.5.0.0
                       tizen.5.0.0
                       tizen.5.0.0
                       tizen.5.0.0
                       tizen.5.0.0
                       tizen.5.0.0
                       tizen.5.0.0
                       tizen.5.0.0
                       tizen.5.0.0
                       tizen.5.0.0
                       tizen.5.0.0
                       tizen.5.0.0
                       tizen.5.0.0
                       tizen.5.0.0
                       tizen.5.0.0
                       tizen.5.0.0
                       tizen.5.0.0
                       tizen.5.0.0
                       tizen.5.0.0
                       tizen.5.0.0
                       tizen.5.0.0
                       tizen.5.0.0
                       tizen.5.0.0
                       tizen.5.0.0
                       tizen.5.0.0
                       tizen.5.0.0
                       tizen.5.0.0
                       tizen.5.0.0
                       tizen.5.0.0
                       tizen.5.0.0
                       tizen.5.0.0
                       tizen.5.0.0
                       tizen.5.0.0
                       tizen.5.0.0
                       tizen.5.0.0
                       tizen.5.0.0
                       tizen.5.0.0
                   _KnownRuntimeIdentiferPlatforms
                       any
                       any
                       any
                       any
                       any
                       any
                       any
                       any
                       any
                       any
                       any
                       any
                       any
                       any
                       any
                       any
                       any
                       any
                       any
                       any
                       any
                       any
                       any
                       any
                       any
                       any
                       any
                       any
                       any
                       any
                       any
                       any
                       any
                       any
                       any
                       any
                       any
                       any
                       any
                       aot
                       aot
                       aot
                       aot
                       aot
                       aot
                       aot
                       aot
                       aot
                       aot
                       aot
                       aot
                       aot
                       aot
                       aot
                       aot
                       aot
                       aot
                       aot
                       aot
                       aot
                       aot
                       aot
                       aot
                       aot
                       aot
                       aot
                       aot
                       aot
                       aot
                       aot
                       aot
                       aot
                       aot
                       aot
                       aot
                       aot
                       aot
                       aot
                       freebsd
                       freebsd
                       freebsd
                       freebsd
                       freebsd
                       freebsd
                       freebsd
                       freebsd
                       freebsd
                       freebsd
                       freebsd
                       freebsd
                       freebsd
                       freebsd
                       freebsd
                       freebsd
                       freebsd
                       freebsd
                       freebsd
                       freebsd
                       freebsd
                       freebsd
                       freebsd
                       freebsd
                       freebsd
                       freebsd
                       freebsd
                       freebsd
                       freebsd
                       freebsd
                       freebsd
                       freebsd
                       freebsd
                       freebsd
                       freebsd
                       freebsd
                       freebsd
                       freebsd
                       freebsd
                       illumos
                       illumos
                       illumos
                       illumos
                       illumos
                       illumos
                       illumos
                       illumos
                       illumos
                       illumos
                       illumos
                       illumos
                       illumos
                       illumos
                       illumos
                       illumos
                       illumos
                       illumos
                       illumos
                       illumos
                       illumos
                       illumos
                       illumos
                       illumos
                       illumos
                       illumos
                       illumos
                       illumos
                       illumos
                       illumos
                       illumos
                       illumos
                       illumos
                       illumos
                       illumos
                       illumos
                       illumos
                       illumos
                       illumos
                       solaris
                       solaris
                       solaris
                       solaris
                       solaris
                       solaris
                       solaris
                       solaris
                       solaris
                       solaris
                       solaris
                       solaris
                       solaris
                       solaris
                       solaris
                       solaris
                       solaris
                       solaris
                       solaris
                       solaris
                       solaris
                       solaris
                       solaris
                       solaris
                       solaris
                       solaris
                       solaris
                       solaris
                       solaris
                       solaris
                       solaris
                       solaris
                       solaris
                       solaris
                       solaris
                       solaris
                       solaris
                       solaris
                       solaris
                       unix
                       unix
                       unix
                       unix
                       unix
                       unix
                       unix
                       unix
                       unix
                       unix
                       unix
                       unix
                       unix
                       unix
                       unix
                       unix
                       unix
                       unix
                       unix
                       unix
                       unix
                       unix
                       unix
                       unix
                       unix
                       unix
                       unix
                       unix
                       unix
                       unix
                       unix
                       unix
                       unix
                       unix
                       unix
                       unix
                       unix
                       unix
                       unix
                   _OutputPathItem
                       bin\Debug\net8.0\
                   _ResolveComReferenceCache
                       obj\Debug\net8.0\EasySave.csproj.ResolveComReference.cache
                   _TargetFrameworkInfo
                       net8.0
                           TargetPlatformMonikers = None
                           AdditionalPropertiesFromProject = <TargetFramework Name="net8.0">
                     <SelfContained>false</SelfContained>
                     <_IsExecutable>true</_IsExecutable>
                     <IsRidAgnostic>false</IsRidAgnostic>
                     <ShouldBeValidatedAsExecutableReference></ShouldBeValidatedAsExecutableReference>
                     <_SelfContainedWasSpecified></_SelfContainedWasSpecified>
                   </TargetFramework>
                           TargetFrameworkMonikers = .NETCoreApp,Version=v8.0
                           TargetFrameworks = net8.0
                           IsRidAgnostic = false
                   _ThisProjectBuildMetadata
                       C:\Users\Lenovo\Documents\Génie Logiciel\EasySave-Groupe1\EasySave\EasySave.csproj
                           HasSingleTargetFramework = true
                           TargetPlatformMonikers = None
                           Platform = AnyCPU
                           AdditionalPropertiesFromProject = <AdditionalProjectProperties>
                     <TargetFramework Name="net8.0">
                       <SelfContained>false</SelfContained>
                       <_IsExecutable>true</_IsExecutable>
                       <IsRidAgnostic>false</IsRidAgnostic>
                       <ShouldBeValidatedAsExecutableReference></ShouldBeValidatedAsExecutableReference>
                       <_SelfContainedWasSpecified></_SelfContainedWasSpecified>
                     </TargetFramework>
                   </AdditionalProjectProperties>
                           TargetFrameworkMonikers = .NETCoreApp,Version=v8.0
                           TargetFrameworks = net8.0
                           IsRidAgnostic = false
                           Platforms = AnyCPU
                   _UnmanagedRegistrationCache
                       obj\EasySave.csproj.UnmanagedRegistration.cache
                   AdditionalProbingPath
                       C:\Users\Lenovo\.dotnet\store\|arch|\|tfm|
                   AdditionalTargetFrameworkInfoProperty
                       _IsExecutable
                       _SelfContainedWasSpecified
                       IsRidAgnostic
                       SelfContained
                       ShouldBeValidatedAsExecutableReference
                   Analyzer
                       C:\Program Files\dotnet\sdk\10.0.300-preview.0.26177.108\Sdks\Microsoft.NET.Sdk\targets\..\analyzers\Microsoft.CodeAnalysis.CSharp.NetAnalyzers.dll
                           IsImplicitlyDefined = true
                       C:\Program Files\dotnet\sdk\10.0.300-preview.0.26177.108\Sdks\Microsoft.NET.Sdk\targets\..\analyzers\Microsoft.CodeAnalysis.NetAnalyzers.dll
                           IsImplicitlyDefined = true
                   AppConfigFileDestination
                       bin\Debug\net8.0\EasySave.dll.config
                   ApplicationManifest
                       obj\Debug\net8.0\EasySave.dll.manifest
                           TargetPath = EasySave.dll.manifest
                   BuiltProjectOutputGroupKeyOutput
                       C:\Users\Lenovo\Documents\Génie Logiciel\EasySave-Groupe1\EasySave\obj\Debug\net8.0\EasySave.dll
                           IsKeyOutput = true
                           FinalOutputPath = C:\Users\Lenovo\Documents\Génie Logiciel\EasySave-Groupe1\EasySave\bin\Debug\net8.0\EasySave.dll
                           TargetPath = EasySave.dll
                   ClsidMap
                       obj\Debug\net8.0\EasySave.clsidmap
                   Compile
                       Controllers\BackupController.cs
                       Interfaces\IBackupService.cs
                       Models\BackupExecutionStatus.cs
                       Models\BackupJob.cs
                       Models\BackupResult.cs
                       Models\BackupState.cs
                       Models\BackupTransferredFile.cs
                       Models\BackupType.cs
                       Models\CliCommand.cs
                       Models\CliCommandType.cs
                       Models\JobPathField.cs
                       Models\SelectedBackupJob.cs
                       Program.cs
                       Services\ApplicationTextService.cs
                       Services\ArgumentParser.cs
                       Services\BackupHistoryService.cs
                       Services\BackupJobRegistry.cs
                       Services\BackupService.cs
                       Services\StateService.cs
                       ViewModels\ApplicationViewModel.cs
                       Views\ConsoleApplicationView.cs
                   CompilerVisibleProperty
                       _SupportedPlatformList
                       EnableComHosting
                       EnableGeneratedComInterfaceComImportInterop
                       EnforceExtendedAnalyzerRules
                       InvariantGlobalization
                       PlatformNeutralAssembly
                       ProjectDir
                       ProjectTypeGuids
                       RootNamespace
                       TargetFramework
                       TargetFrameworkIdentifier
                       TargetFrameworkVersion
                       TargetPlatformMinVersion
                       UsingMicrosoftNETSdkWeb
                   CopyUpToDateMarker
                       C:\Users\Lenovo\Documents\Génie Logiciel\EasySave-Groupe1\EasySave\obj\Debug\net8.0\EasySave.csproj.Up2Date
                   CreateDirectory
                       C:\Users\Lenovo\Documents\Génie Logiciel\EasySave-Groupe1\EasySave\obj\Debug\net8.0\refint\
                       obj\Debug\net8.0\ref
                   DebugSymbolsProjectOutputGroupOutput
                       C:\Users\Lenovo\Documents\Génie Logiciel\EasySave-Groupe1\EasySave\obj\Debug\net8.0\EasySave.pdb
                           FinalOutputPath = C:\Users\Lenovo\Documents\Génie Logiciel\EasySave-Groupe1\EasySave\bin\Debug\net8.0\EasySave.pdb
                           TargetPath = EasySave.pdb
                   DeployManifest
                       obj\Debug\net8.0\EasySave.application
                           TargetPath = EasySave.application
                   EmbedInBinlog
                       C:\Users\Lenovo\Documents\Génie Logiciel\EasySave-Groupe1\EasySave\obj\project.assets.json
                   FrameworkReference
                       Microsoft.NETCore.App
                           IsImplicitlyDefined = true
                           PrivateAssets = All
                           Pack = false
                   GenerateRuntimeConfigurationFilesInputs
                       C:\Users\Lenovo\Documents\Génie Logiciel\EasySave-Groupe1\EasySave\obj\Debug\net8.0\EasySave.assets.cache
                       C:\Users\Lenovo\Documents\Génie Logiciel\EasySave-Groupe1\EasySave\obj\project.assets.json
                   GlobalAnalyzerConfigFiles
                       C:\.globalconfig
                       C:\Users\.globalconfig
                       C:\Users\Lenovo\.globalconfig
                       C:\Users\Lenovo\Documents\.globalconfig
                       C:\Users\Lenovo\Documents\Génie Logiciel\.globalconfig
                       C:\Users\Lenovo\Documents\Génie Logiciel\EasySave-Groupe1\.globalconfig
                       C:\Users\Lenovo\Documents\Génie Logiciel\EasySave-Groupe1\EasySave\.globalconfig
                       C:\Users\Lenovo\Documents\Génie Logiciel\EasySave-Groupe1\EasySave\Controllers\.globalconfig
                       C:\Users\Lenovo\Documents\Génie Logiciel\EasySave-Groupe1\EasySave\Interfaces\.globalconfig
                       C:\Users\Lenovo\Documents\Génie Logiciel\EasySave-Groupe1\EasySave\Models\.globalconfig
                       C:\Users\Lenovo\Documents\Génie Logiciel\EasySave-Groupe1\EasySave\Services\.globalconfig
                       C:\Users\Lenovo\Documents\Génie Logiciel\EasySave-Groupe1\EasySave\ViewModels\.globalconfig
                       C:\Users\Lenovo\Documents\Génie Logiciel\EasySave-Groupe1\EasySave\Views\.globalconfig
                   ImplicitPackageReferenceVersion
                       Microsoft.AspNetCore.All
                           LatestVersion = 2.1.30
                           DefaultVersion = 2.1.1
                           TargetFrameworkVersion = 2.1
                       Microsoft.AspNetCore.All
                           LatestVersion = 2.2.8
                           DefaultVersion = 2.2.0
                           TargetFrameworkVersion = 2.2
                       Microsoft.AspNetCore.App
                           LatestVersion = 2.1.30
                           DefaultVersion = 2.1.1
                           TargetFrameworkVersion = 2.1
                       Microsoft.AspNetCore.App
                           LatestVersion = 2.2.8
                           DefaultVersion = 2.2.0
                           TargetFrameworkVersion = 2.2
                       Microsoft.NETCore.App
                           LatestVersion = 1.0.16
                           DefaultVersion = 1.0.5
                           TargetFrameworkVersion = 1.0
                       Microsoft.NETCore.App
                           LatestVersion = 1.1.13
                           DefaultVersion = 1.1.2
                           TargetFrameworkVersion = 1.1
                       Microsoft.NETCore.App
                           LatestVersion = 2.0.9
                           DefaultVersion = 2.0.0
                           TargetFrameworkVersion = 2.0
                       Microsoft.NETCore.App
                           LatestVersion = 2.1.30
                           DefaultVersion = 2.1.0
                           TargetFrameworkVersion = 2.1
                       Microsoft.NETCore.App
                           LatestVersion = 2.2.8
                           DefaultVersion = 2.2.0
                           TargetFrameworkVersion = 2.2
                   IntermediateAssembly
                       obj\Debug\net8.0\EasySave.dll
                   IntermediateRefAssembly
                       obj\Debug\net8.0\refint\EasySave.dll
                   KnownAppHostPack
                       Microsoft.NETCore.App
                           ExcludedRuntimeIdentifiers = android
                           AppHostRuntimeIdentifiers = linux-arm;linux-arm64;linux-musl-arm64;linux-musl-x64;linux-x64;osx-x64;tizen.4.0.0-armel;tizen.5.0.0-armel;win-arm64;win-x64;win-x86;linux-musl-arm;osx-arm64;linux-s390x;linux-loongarch64;linux-bionic-arm;linux-bionic-arm64;linux-bionic-x64;linux-bionic-x86;linux-ppc64le;freebsd-x64;freebsd-arm64;linux-riscv64;linux-musl-riscv64;linux-musl-loongarch64
                           TargetFramework = net10.0
                           AppHostPackNamePattern = Microsoft.NETCore.App.Host.**RID**
                           AppHostPackVersion = 10.0.5
                       Microsoft.NETCore.App
                           ExcludedRuntimeIdentifiers = android
                           AppHostRuntimeIdentifiers = linux-arm;linux-arm64;linux-musl-arm64;linux-musl-x64;linux-x64;osx-x64;tizen.4.0.0-armel;tizen.5.0.0-armel;win-arm64;win-x64;win-x86;linux-musl-arm;osx-arm64;linux-s390x;linux-loongarch64;linux-bionic-arm;linux-bionic-arm64;linux-bionic-x64;linux-bionic-x86;linux-ppc64le;freebsd-x64;freebsd-arm64;linux-riscv64;linux-musl-riscv64;linux-musl-loongarch64
                           TargetFramework = net9.0
                           AppHostPackNamePattern = Microsoft.NETCore.App.Host.**RID**
                           AppHostPackVersion = 9.0.14
                       Microsoft.NETCore.App
                           ExcludedRuntimeIdentifiers = android
                           AppHostRuntimeIdentifiers = linux-arm;linux-arm64;linux-musl-arm64;linux-musl-x64;linux-x64;osx-x64;tizen.4.0.0-armel;tizen.5.0.0-armel;win-arm64;win-x64;win-x86;linux-musl-arm;osx-arm64;linux-s390x;linux-loongarch64;linux-bionic-arm;linux-bionic-arm64;linux-bionic-x64;linux-bionic-x86;linux-ppc64le;freebsd-x64;freebsd-arm64
                           TargetFramework = net8.0
                           AppHostPackNamePattern = Microsoft.NETCore.App.Host.**RID**
                           AppHostPackVersion = 8.0.25
                       Microsoft.NETCore.App
                           ExcludedRuntimeIdentifiers = android
                           AppHostRuntimeIdentifiers = linux-arm;linux-arm64;linux-musl-arm64;linux-musl-x64;linux-x64;osx-x64;tizen.4.0.0-armel;tizen.5.0.0-armel;win-arm;win-arm64;win-x64;win-x86;linux-musl-arm;osx-arm64;linux-s390x;linux-loongarch64;linux-bionic-arm;linux-bionic-arm64;linux-bionic-x64;linux-bionic-x86;linux-ppc64le
                           TargetFramework = net7.0
                           AppHostPackNamePattern = Microsoft.NETCore.App.Host.**RID**
                           AppHostPackVersion = 7.0.20
                       Microsoft.NETCore.App
                           ExcludedRuntimeIdentifiers = android
                           AppHostRuntimeIdentifiers = linux-arm;linux-arm64;linux-musl-arm64;linux-musl-x64;linux-x64;osx-x64;tizen.4.0.0-armel;tizen.5.0.0-armel;win-arm;win-arm64;win-x64;win-x86;linux-musl-arm;osx-arm64;linux-s390x;linux-loongarch64
                           TargetFramework = net6.0
                           AppHostPackNamePattern = Microsoft.NETCore.App.Host.**RID**
                           AppHostPackVersion = 6.0.36
                       Microsoft.NETCore.App
                           AppHostRuntimeIdentifiers = linux-arm;linux-arm64;linux-musl-arm64;linux-musl-x64;linux-x64;osx-x64;tizen.4.0.0-armel;tizen.5.0.0-armel;win-arm;win-arm64;win-x64;win-x86;linux-musl-arm
                           TargetFramework = net5.0
                           AppHostPackNamePattern = Microsoft.NETCore.App.Host.**RID**
                           AppHostPackVersion = 5.0.17
                       Microsoft.NETCore.App
                           AppHostRuntimeIdentifiers = linux-arm;linux-arm64;linux-musl-arm64;linux-musl-x64;linux-x64;osx-x64;tizen.4.0.0-armel;tizen.5.0.0-armel;win-arm;win-arm64;win-x64;win-x86
                           TargetFramework = netcoreapp3.1
                           AppHostPackNamePattern = Microsoft.NETCore.App.Host.**RID**
                           AppHostPackVersion = 3.1.32
                       Microsoft.NETCore.App
                           AppHostRuntimeIdentifiers = linux-arm;linux-arm64;linux-musl-arm64;linux-musl-x64;linux-x64;osx-x64;tizen.4.0.0-armel;tizen.5.0.0-armel;win-arm;win-arm64;win-x64;win-x86
                           TargetFramework = netcoreapp3.0
                           AppHostPackNamePattern = Microsoft.NETCore.App.Host.**RID**
                           AppHostPackVersion = 3.0.3
                   KnownAspNetCorePack
                       Microsoft.AspNetCore.App.Internal.Assets
                           TargetFramework = net10.0
                           AspNetCorePackVersion = 10.0.5
                   KnownCrossgen2Pack
                       Microsoft.NETCore.App.Crossgen2
                           Crossgen2RuntimeIdentifiers = linux-musl-x64;linux-x64;win-x64;linux-arm;linux-arm64;linux-musl-arm;linux-musl-arm64;osx-arm64;osx-x64;win-arm64;win-x86;freebsd-x64;freebsd-arm64;linux-riscv64;linux-musl-riscv64;linux-loongarch64;linux-musl-loongarch64
                           TargetFramework = net10.0
                           Crossgen2PackNamePattern = Microsoft.NETCore.App.Crossgen2.**RID**
                           Crossgen2PackVersion = 10.0.5
                           Crossgen2PortableRuntimeIdentifiers = linux-musl-x64;linux-x64;win-x64;linux-arm;linux-arm64;linux-musl-arm;linux-musl-arm64;osx-arm64;osx-x64;win-arm64;win-x86;freebsd-x64;freebsd-arm64;linux-riscv64;linux-musl-riscv64;linux-loongarch64;linux-musl-loongarch64
                       Microsoft.NETCore.App.Crossgen2
                           Crossgen2RuntimeIdentifiers = linux-musl-x64;linux-x64;win-x64;linux-arm;linux-arm64;linux-musl-arm;linux-musl-arm64;osx-arm64;osx-x64;win-arm64;win-x86;freebsd-x64;freebsd-arm64;linux-riscv64;linux-musl-riscv64;linux-loongarch64;linux-musl-loongarch64
                           TargetFramework = net9.0
                           Crossgen2PackNamePattern = Microsoft.NETCore.App.Crossgen2.**RID**
                           Crossgen2PackVersion = 9.0.14
                       Microsoft.NETCore.App.Crossgen2
                           Crossgen2RuntimeIdentifiers = linux-musl-x64;linux-x64;win-x64;linux-arm;linux-arm64;linux-musl-arm;linux-musl-arm64;osx-arm64;osx-x64;win-arm64;win-x86;freebsd-x64;freebsd-arm64
                           TargetFramework = net8.0
                           Crossgen2PackNamePattern = Microsoft.NETCore.App.Crossgen2.**RID**
                           Crossgen2PackVersion = 8.0.25
                       Microsoft.NETCore.App.Crossgen2
                           Crossgen2RuntimeIdentifiers = linux-musl-x64;linux-x64;win-x64;linux-arm;linux-arm64;linux-musl-arm;linux-musl-arm64;osx-arm64;osx-x64;win-arm;win-arm64;win-x86
                           TargetFramework = net7.0
                           Crossgen2PackNamePattern = Microsoft.NETCore.App.Crossgen2.**RID**
                           Crossgen2PackVersion = 7.0.20
                       Microsoft.NETCore.App.Crossgen2
                           Crossgen2RuntimeIdentifiers = linux-musl-x64;linux-x64;win-x64;linux-arm;linux-arm64;linux-musl-arm;linux-musl-arm64;osx-arm64;osx-x64;win-arm;win-arm64;win-x86
                           TargetFramework = net6.0
                           Crossgen2PackNamePattern = Microsoft.NETCore.App.Crossgen2.**RID**
                           Crossgen2PackVersion = 6.0.36
                       Microsoft.NETCore.App.Crossgen2
                           Crossgen2RuntimeIdentifiers = linux-musl-x64;linux-x64;win-x64
                           TargetFramework = net5.0
                           Crossgen2PackNamePattern = Microsoft.NETCore.App.Crossgen2.**RID**
                           Crossgen2PackVersion = 5.0.17
                   KnownFrameworkReference
                       Microsoft.AspNetCore.App
                           TargetFramework = netcoreapp3.1
                           DefaultRuntimeFrameworkVersion = 3.1.0
                           TargetingPackName = Microsoft.AspNetCore.App.Ref
                           LatestRuntimeFrameworkVersion = 3.1.32
                           RuntimePackRuntimeIdentifiers = win-x64;win-x86;win-arm;osx-x64;linux-musl-x64;linux-musl-arm64;linux-x64;linux-arm;linux-arm64
                           RuntimePackNamePatterns = Microsoft.AspNetCore.App.Runtime.**RID**
                           TargetingPackVersion = 3.1.10
                           RuntimeFrameworkName = Microsoft.AspNetCore.App
                       Microsoft.AspNetCore.App
                           TargetFramework = net10.0
                           DefaultRuntimeFrameworkVersion = 10.0.0
                           TargetingPackName = Microsoft.AspNetCore.App.Ref
                           LatestRuntimeFrameworkVersion = 10.0.5
                           RuntimePackExcludedRuntimeIdentifiers = android;linux-bionic
                           RuntimePackRuntimeIdentifiers = win-x64;win-x86;osx-x64;linux-musl-x64;linux-musl-arm64;linux-x64;linux-arm;linux-arm64;linux-musl-arm;win-arm64;osx-arm64;linux-s390x;linux-loongarch64;linux-ppc64le;freebsd-x64;freebsd-arm64;linux-riscv64;linux-musl-riscv64;linux-loongarch64;linux-musl-loongarch64
                           RuntimePackNamePatterns = Microsoft.AspNetCore.App.Runtime.**RID**
                           TargetingPackVersion = 10.0.5
                           RuntimeFrameworkName = Microsoft.AspNetCore.App
                       Microsoft.AspNetCore.App
                           TargetFramework = net5.0
                           DefaultRuntimeFrameworkVersion = 5.0.0
                           TargetingPackName = Microsoft.AspNetCore.App.Ref
                           LatestRuntimeFrameworkVersion = 5.0.17
                           RuntimePackRuntimeIdentifiers = win-x64;win-x86;win-arm;osx-x64;linux-musl-x64;linux-musl-arm64;linux-x64;linux-arm;linux-arm64;linux-musl-arm;win-arm64
                           RuntimePackNamePatterns = Microsoft.AspNetCore.App.Runtime.**RID**
                           TargetingPackVersion = 5.0.0
                           RuntimeFrameworkName = Microsoft.AspNetCore.App
                       Microsoft.AspNetCore.App
                           TargetFramework = net6.0
                           DefaultRuntimeFrameworkVersion = 6.0.0
                           TargetingPackName = Microsoft.AspNetCore.App.Ref
                           LatestRuntimeFrameworkVersion = 6.0.36
                           RuntimePackRuntimeIdentifiers = win-x64;win-x86;win-arm;osx-x64;linux-musl-x64;linux-musl-arm64;linux-x64;linux-arm;linux-arm64;linux-musl-arm;win-arm64;osx-arm64;linux-s390x;linux-loongarch64
                           RuntimePackNamePatterns = Microsoft.AspNetCore.App.Runtime.**RID**
                           TargetingPackVersion = 6.0.36
                           RuntimeFrameworkName = Microsoft.AspNetCore.App
                       Microsoft.AspNetCore.App
                           TargetFramework = netcoreapp3.0
                           DefaultRuntimeFrameworkVersion = 3.0.0
                           TargetingPackName = Microsoft.AspNetCore.App.Ref
                           LatestRuntimeFrameworkVersion = 3.0.3
                           RuntimePackRuntimeIdentifiers = win-x64;win-x86;win-arm;osx-x64;linux-musl-x64;linux-musl-arm64;linux-x64;linux-arm;linux-arm64
                           RuntimePackNamePatterns = Microsoft.AspNetCore.App.Runtime.**RID**
                           TargetingPackVersion = 3.0.1
                           RuntimeFrameworkName = Microsoft.AspNetCore.App
                       Microsoft.AspNetCore.App
                           TargetFramework = net9.0
                           DefaultRuntimeFrameworkVersion = 9.0.0
                           TargetingPackName = Microsoft.AspNetCore.App.Ref
                           LatestRuntimeFrameworkVersion = 9.0.14
                           RuntimePackExcludedRuntimeIdentifiers = android;linux-bionic
                           RuntimePackRuntimeIdentifiers = win-x64;win-x86;osx-x64;linux-musl-x64;linux-musl-arm64;linux-x64;linux-arm;linux-arm64;linux-musl-arm;win-arm64;osx-arm64;linux-s390x;linux-loongarch64;linux-ppc64le;freebsd-x64;freebsd-arm64;linux-riscv64;linux-musl-riscv64;linux-loongarch64;linux-musl-loongarch64
                           RuntimePackNamePatterns = Microsoft.AspNetCore.App.Runtime.**RID**
                           TargetingPackVersion = 9.0.14
                           RuntimeFrameworkName = Microsoft.AspNetCore.App
                       Microsoft.AspNetCore.App
                           TargetFramework = net7.0
                           DefaultRuntimeFrameworkVersion = 7.0.0
                           TargetingPackName = Microsoft.AspNetCore.App.Ref
                           LatestRuntimeFrameworkVersion = 7.0.20
                           RuntimePackExcludedRuntimeIdentifiers = android
                           RuntimePackRuntimeIdentifiers = win-x64;win-x86;win-arm;osx-x64;linux-musl-x64;linux-musl-arm64;linux-x64;linux-arm;linux-arm64;linux-musl-arm;win-arm64;osx-arm64;linux-s390x;linux-loongarch64;linux-ppc64le
                           RuntimePackNamePatterns = Microsoft.AspNetCore.App.Runtime.**RID**
                           TargetingPackVersion = 7.0.20
                           RuntimeFrameworkName = Microsoft.AspNetCore.App
                       Microsoft.AspNetCore.App
                           TargetFramework = net8.0
                           DefaultRuntimeFrameworkVersion = 8.0.0
                           TargetingPackName = Microsoft.AspNetCore.App.Ref
                           LatestRuntimeFrameworkVersion = 8.0.25
                           RuntimePackExcludedRuntimeIdentifiers = android;linux-bionic
                           RuntimePackRuntimeIdentifiers = win-x64;win-x86;osx-x64;linux-musl-x64;linux-musl-arm64;linux-x64;linux-arm;linux-arm64;linux-musl-arm;win-arm64;osx-arm64;linux-s390x;linux-loongarch64;linux-ppc64le;freebsd-x64;freebsd-arm64
                           RuntimePackNamePatterns = Microsoft.AspNetCore.App.Runtime.**RID**
                           TargetingPackVersion = 8.0.25
                           RuntimeFrameworkName = Microsoft.AspNetCore.App
                       Microsoft.NETCore.App
                           TargetFramework = net10.0
                           DefaultRuntimeFrameworkVersion = 10.0.0
                           TargetingPackName = Microsoft.NETCore.App.Ref
                           LatestRuntimeFrameworkVersion = 10.0.5
                           RuntimePackRuntimeIdentifiers = linux-arm;linux-arm64;linux-musl-arm64;linux-musl-x64;linux-x64;osx-x64;tizen.4.0.0-armel;tizen.5.0.0-armel;win-arm64;win-x64;win-x86;linux-musl-arm;osx-arm64;linux-s390x;linux-loongarch64;linux-bionic-arm;linux-bionic-arm64;linux-bionic-x64;linux-bionic-x86;linux-ppc64le;freebsd-x64;freebsd-arm64;linux-riscv64;linux-musl-riscv64;linux-musl-loongarch64;android-arm64;android-x64
                           RuntimePackNamePatterns = Microsoft.NETCore.App.Runtime.**RID**
                           TargetingPackVersion = 10.0.5
                           RuntimeFrameworkName = Microsoft.NETCore.App
                       Microsoft.NETCore.App
                           TargetFramework = netcoreapp3.0
                           DefaultRuntimeFrameworkVersion = 3.0.0
                           TargetingPackName = Microsoft.NETCore.App.Ref
                           LatestRuntimeFrameworkVersion = 3.0.3
                           RuntimePackRuntimeIdentifiers = linux-arm;linux-arm64;linux-musl-arm64;linux-musl-x64;linux-x64;osx-x64;tizen.4.0.0-armel;tizen.5.0.0-armel;win-arm;win-arm64;win-x64;win-x86
                           RuntimePackNamePatterns = Microsoft.NETCore.App.Runtime.**RID**
                           TargetingPackVersion = 3.0.0
                           IsTrimmable = true
                           RuntimeFrameworkName = Microsoft.NETCore.App
                       Microsoft.NETCore.App
                           TargetFramework = netcoreapp3.1
                           DefaultRuntimeFrameworkVersion = 3.1.0
                           TargetingPackName = Microsoft.NETCore.App.Ref
                           LatestRuntimeFrameworkVersion = 3.1.32
                           RuntimePackRuntimeIdentifiers = linux-arm;linux-arm64;linux-musl-arm64;linux-musl-x64;linux-x64;osx-x64;tizen.4.0.0-armel;tizen.5.0.0-armel;win-arm;win-arm64;win-x64;win-x86
                           RuntimePackNamePatterns = Microsoft.NETCore.App.Runtime.**RID**
                           TargetingPackVersion = 3.1.0
                           IsTrimmable = true
                           RuntimeFrameworkName = Microsoft.NETCore.App
                       Microsoft.NETCore.App
                           TargetFramework = net5.0
                           DefaultRuntimeFrameworkVersion = 5.0.0
                           TargetingPackName = Microsoft.NETCore.App.Ref
                           LatestRuntimeFrameworkVersion = 5.0.17
                           RuntimePackRuntimeIdentifiers = linux-arm;linux-arm64;linux-musl-arm64;linux-musl-x64;linux-x64;osx-x64;tizen.4.0.0-armel;tizen.5.0.0-armel;win-arm;win-arm64;win-x64;win-x86;linux-musl-arm;browser-wasm
                           RuntimePackNamePatterns = Microsoft.NETCore.App.Runtime.**RID**
                           TargetingPackVersion = 5.0.0
                           IsTrimmable = true
                           RuntimeFrameworkName = Microsoft.NETCore.App
                       Microsoft.NETCore.App
                           TargetFramework = net7.0
                           DefaultRuntimeFrameworkVersion = 7.0.0
                           TargetingPackName = Microsoft.NETCore.App.Ref
                           LatestRuntimeFrameworkVersion = 7.0.20
                           RuntimePackRuntimeIdentifiers = linux-arm;linux-arm64;linux-musl-arm64;linux-musl-x64;linux-x64;osx-x64;tizen.4.0.0-armel;tizen.5.0.0-armel;win-arm;win-arm64;win-x64;win-x86;linux-musl-arm;osx-arm64;linux-s390x;linux-loongarch64;linux-bionic-arm;linux-bionic-arm64;linux-bionic-x64;linux-bionic-x86;linux-ppc64le
                           RuntimePackNamePatterns = Microsoft.NETCore.App.Runtime.**RID**
                           TargetingPackVersion = 7.0.20
                           RuntimeFrameworkName = Microsoft.NETCore.App
                       Microsoft.NETCore.App
                           TargetFramework = net6.0
                           DefaultRuntimeFrameworkVersion = 6.0.0
                           TargetingPackName = Microsoft.NETCore.App.Ref
                           LatestRuntimeFrameworkVersion = 6.0.36
                           RuntimePackRuntimeIdentifiers = linux-arm;linux-arm64;linux-musl-arm64;linux-musl-x64;linux-x64;osx-x64;tizen.4.0.0-armel;tizen.5.0.0-armel;win-arm;win-arm64;win-x64;win-x86;linux-musl-arm;osx-arm64;linux-s390x;linux-loongarch64
                           RuntimePackNamePatterns = Microsoft.NETCore.App.Runtime.**RID**
                           TargetingPackVersion = 6.0.36
                           RuntimeFrameworkName = Microsoft.NETCore.App
                       Microsoft.NETCore.App
                           TargetFramework = net8.0
                           DefaultRuntimeFrameworkVersion = 8.0.0
                           TargetingPackName = Microsoft.NETCore.App.Ref
                           LatestRuntimeFrameworkVersion = 8.0.25
                           RuntimePackRuntimeIdentifiers = linux-arm;linux-arm64;linux-musl-arm64;linux-musl-x64;linux-x64;osx-x64;tizen.4.0.0-armel;tizen.5.0.0-armel;win-arm64;win-x64;win-x86;linux-musl-arm;osx-arm64;linux-s390x;linux-loongarch64;linux-bionic-arm;linux-bionic-arm64;linux-bionic-x64;linux-bionic-x86;linux-ppc64le;freebsd-x64;freebsd-arm64
                           RuntimePackNamePatterns = Microsoft.NETCore.App.Runtime.**RID**
                           TargetingPackVersion = 8.0.25
                           RuntimeFrameworkName = Microsoft.NETCore.App
                       Microsoft.NETCore.App
                           TargetFramework = net9.0
                           DefaultRuntimeFrameworkVersion = 9.0.0
                           TargetingPackName = Microsoft.NETCore.App.Ref
                           LatestRuntimeFrameworkVersion = 9.0.14
                           RuntimePackRuntimeIdentifiers = linux-arm;linux-arm64;linux-musl-arm64;linux-musl-x64;linux-x64;osx-x64;tizen.4.0.0-armel;tizen.5.0.0-armel;win-arm64;win-x64;win-x86;linux-musl-arm;osx-arm64;linux-s390x;linux-loongarch64;linux-bionic-arm;linux-bionic-arm64;linux-bionic-x64;linux-bionic-x86;linux-ppc64le;freebsd-x64;freebsd-arm64;linux-riscv64;linux-musl-riscv64;linux-musl-loongarch64
                           RuntimePackNamePatterns = Microsoft.NETCore.App.Runtime.**RID**
                           TargetingPackVersion = 9.0.14
                           RuntimeFrameworkName = Microsoft.NETCore.App
                       Microsoft.WindowsDesktop.App
                           TargetFramework = net8.0
                           DefaultRuntimeFrameworkVersion = 8.0.0
                           TargetingPackName = Microsoft.WindowsDesktop.App.Ref
                           IsWindowsOnly = true
                           LatestRuntimeFrameworkVersion = 8.0.25
                           RuntimePackRuntimeIdentifiers = win-x64;win-x86;win-arm64
                           RuntimePackNamePatterns = Microsoft.WindowsDesktop.App.Runtime.**RID**
                           TargetingPackVersion = 8.0.25
                           RuntimeFrameworkName = Microsoft.WindowsDesktop.App
                       Microsoft.WindowsDesktop.App
                           TargetFramework = net7.0
                           DefaultRuntimeFrameworkVersion = 7.0.0
                           TargetingPackName = Microsoft.WindowsDesktop.App.Ref
                           IsWindowsOnly = true
                           LatestRuntimeFrameworkVersion = 7.0.20
                           RuntimePackRuntimeIdentifiers = win-x64;win-x86;win-arm64
                           RuntimePackNamePatterns = Microsoft.WindowsDesktop.App.Runtime.**RID**
                           TargetingPackVersion = 7.0.20
                           RuntimeFrameworkName = Microsoft.WindowsDesktop.App
                       Microsoft.WindowsDesktop.App
                           TargetFramework = netcoreapp3.1
                           DefaultRuntimeFrameworkVersion = 3.1.0
                           TargetingPackName = Microsoft.WindowsDesktop.App.Ref
                           IsWindowsOnly = true
                           LatestRuntimeFrameworkVersion = 3.1.32
                           RuntimePackRuntimeIdentifiers = win-x64;win-x86
                           RuntimePackNamePatterns = Microsoft.WindowsDesktop.App.Runtime.**RID**
                           TargetingPackVersion = 3.1.0
                           RuntimeFrameworkName = Microsoft.WindowsDesktop.App
                       Microsoft.WindowsDesktop.App
                           TargetFramework = net6.0
                           DefaultRuntimeFrameworkVersion = 6.0.0
                           TargetingPackName = Microsoft.WindowsDesktop.App.Ref
                           IsWindowsOnly = true
                           LatestRuntimeFrameworkVersion = 6.0.36
                           RuntimePackRuntimeIdentifiers = win-x64;win-x86;win-arm64
                           RuntimePackNamePatterns = Microsoft.WindowsDesktop.App.Runtime.**RID**
                           TargetingPackVersion = 6.0.36
                           RuntimeFrameworkName = Microsoft.WindowsDesktop.App
                       Microsoft.WindowsDesktop.App
                           TargetFramework = net10.0
                           DefaultRuntimeFrameworkVersion = 10.0.0
                           TargetingPackName = Microsoft.WindowsDesktop.App.Ref
                           IsWindowsOnly = true
                           LatestRuntimeFrameworkVersion = 10.0.5
                           RuntimePackRuntimeIdentifiers = win-x64;win-x86;win-arm64
                           RuntimePackNamePatterns = Microsoft.WindowsDesktop.App.Runtime.**RID**
                           TargetingPackVersion = 10.0.5
                           RuntimeFrameworkName = Microsoft.WindowsDesktop.App
                       Microsoft.WindowsDesktop.App
                           TargetFramework = netcoreapp3.0
                           DefaultRuntimeFrameworkVersion = 3.0.0
                           TargetingPackName = Microsoft.WindowsDesktop.App.Ref
                           IsWindowsOnly = true
                           LatestRuntimeFrameworkVersion = 3.0.3
                           RuntimePackRuntimeIdentifiers = win-x64;win-x86
                           RuntimePackNamePatterns = Microsoft.WindowsDesktop.App.Runtime.**RID**
                           TargetingPackVersion = 3.0.0
                           RuntimeFrameworkName = Microsoft.WindowsDesktop.App
                       Microsoft.WindowsDesktop.App
                           TargetFramework = net9.0
                           DefaultRuntimeFrameworkVersion = 9.0.0
                           TargetingPackName = Microsoft.WindowsDesktop.App.Ref
                           IsWindowsOnly = true
                           LatestRuntimeFrameworkVersion = 9.0.14
                           RuntimePackRuntimeIdentifiers = win-x64;win-x86;win-arm64
                           RuntimePackNamePatterns = Microsoft.WindowsDesktop.App.Runtime.**RID**
                           TargetingPackVersion = 9.0.14
                           RuntimeFrameworkName = Microsoft.WindowsDesktop.App
                       Microsoft.WindowsDesktop.App
                           TargetFramework = net5.0
                           DefaultRuntimeFrameworkVersion = 5.0.0
                           TargetingPackName = Microsoft.WindowsDesktop.App.Ref
                           IsWindowsOnly = true
                           LatestRuntimeFrameworkVersion = 5.0.17
                           RuntimePackRuntimeIdentifiers = win-x64;win-x86;win-arm64
                           RuntimePackNamePatterns = Microsoft.WindowsDesktop.App.Runtime.**RID**
                           TargetingPackVersion = 5.0.0
                           RuntimeFrameworkName = Microsoft.WindowsDesktop.App
                       Microsoft.WindowsDesktop.App.WindowsForms
                           TargetFramework = net6.0
                           DefaultRuntimeFrameworkVersion = 6.0.0
                           TargetingPackName = Microsoft.WindowsDesktop.App.Ref
                           IsWindowsOnly = true
                           LatestRuntimeFrameworkVersion = 6.0.36
                           RuntimePackRuntimeIdentifiers = win-x64;win-x86;win-arm64
                           RuntimePackNamePatterns = Microsoft.WindowsDesktop.App.Runtime.**RID**
                           TargetingPackVersion = 6.0.36
                           Profile = WindowsForms
                           RuntimeFrameworkName = Microsoft.WindowsDesktop.App
                       Microsoft.WindowsDesktop.App.WindowsForms
                           TargetFramework = net10.0
                           DefaultRuntimeFrameworkVersion = 10.0.0
                           TargetingPackName = Microsoft.WindowsDesktop.App.Ref
                           IsWindowsOnly = true
                           LatestRuntimeFrameworkVersion = 10.0.5
                           RuntimePackRuntimeIdentifiers = win-x64;win-x86;win-arm64
                           RuntimePackNamePatterns = Microsoft.WindowsDesktop.App.Runtime.**RID**
                           TargetingPackVersion = 10.0.5
                           Profile = WindowsForms
                           RuntimeFrameworkName = Microsoft.WindowsDesktop.App
                       Microsoft.WindowsDesktop.App.WindowsForms
                           TargetFramework = net5.0
                           DefaultRuntimeFrameworkVersion = 5.0.0
                           TargetingPackName = Microsoft.WindowsDesktop.App.Ref
                           IsWindowsOnly = true
                           LatestRuntimeFrameworkVersion = 5.0.17
                           RuntimePackRuntimeIdentifiers = win-x64;win-x86;win-arm64
                           RuntimePackNamePatterns = Microsoft.WindowsDesktop.App.Runtime.**RID**
                           TargetingPackVersion = 5.0.0
                           Profile = WindowsForms
                           RuntimeFrameworkName = Microsoft.WindowsDesktop.App
                       Microsoft.WindowsDesktop.App.WindowsForms
                           TargetFramework = netcoreapp3.1
                           DefaultRuntimeFrameworkVersion = 3.1.0
                           TargetingPackName = Microsoft.WindowsDesktop.App.Ref
                           IsWindowsOnly = true
                           LatestRuntimeFrameworkVersion = 3.1.32
                           RuntimePackRuntimeIdentifiers = win-x64;win-x86
                           RuntimePackNamePatterns = Microsoft.WindowsDesktop.App.Runtime.**RID**
                           TargetingPackVersion = 3.1.0
                           Profile = WindowsForms
                           RuntimeFrameworkName = Microsoft.WindowsDesktop.App
                       Microsoft.WindowsDesktop.App.WindowsForms
                           TargetFramework = net9.0
                           DefaultRuntimeFrameworkVersion = 9.0.0
                           TargetingPackName = Microsoft.WindowsDesktop.App.Ref
                           IsWindowsOnly = true
                           LatestRuntimeFrameworkVersion = 9.0.14
                           RuntimePackRuntimeIdentifiers = win-x64;win-x86;win-arm64
                           RuntimePackNamePatterns = Microsoft.WindowsDesktop.App.Runtime.**RID**
                           TargetingPackVersion = 9.0.14
                           Profile = WindowsForms
                           RuntimeFrameworkName = Microsoft.WindowsDesktop.App
                       Microsoft.WindowsDesktop.App.WindowsForms
                           TargetFramework = net7.0
                           DefaultRuntimeFrameworkVersion = 7.0.0
                           TargetingPackName = Microsoft.WindowsDesktop.App.Ref
                           IsWindowsOnly = true
                           LatestRuntimeFrameworkVersion = 7.0.20
                           RuntimePackRuntimeIdentifiers = win-x64;win-x86;win-arm64
                           RuntimePackNamePatterns = Microsoft.WindowsDesktop.App.Runtime.**RID**
                           TargetingPackVersion = 7.0.20
                           Profile = WindowsForms
                           RuntimeFrameworkName = Microsoft.WindowsDesktop.App
                       Microsoft.WindowsDesktop.App.WindowsForms
                           TargetFramework = netcoreapp3.0
                           DefaultRuntimeFrameworkVersion = 3.0.0
                           TargetingPackName = Microsoft.WindowsDesktop.App.Ref
                           IsWindowsOnly = true
                           LatestRuntimeFrameworkVersion = 3.0.3
                           RuntimePackRuntimeIdentifiers = win-x64;win-x86
                           RuntimePackNamePatterns = Microsoft.WindowsDesktop.App.Runtime.**RID**
                           TargetingPackVersion = 3.0.0
                           Profile = WindowsForms
                           RuntimeFrameworkName = Microsoft.WindowsDesktop.App
                       Microsoft.WindowsDesktop.App.WindowsForms
                           TargetFramework = net8.0
                           DefaultRuntimeFrameworkVersion = 8.0.0
                           TargetingPackName = Microsoft.WindowsDesktop.App.Ref
                           IsWindowsOnly = true
                           LatestRuntimeFrameworkVersion = 8.0.25
                           RuntimePackRuntimeIdentifiers = win-x64;win-x86;win-arm64
                           RuntimePackNamePatterns = Microsoft.WindowsDesktop.App.Runtime.**RID**
                           TargetingPackVersion = 8.0.25
                           Profile = WindowsForms
                           RuntimeFrameworkName = Microsoft.WindowsDesktop.App
                       Microsoft.WindowsDesktop.App.WPF
                           TargetFramework = netcoreapp3.0
                           DefaultRuntimeFrameworkVersion = 3.0.0
                           TargetingPackName = Microsoft.WindowsDesktop.App.Ref
                           IsWindowsOnly = true
                           LatestRuntimeFrameworkVersion = 3.0.3
                           RuntimePackRuntimeIdentifiers = win-x64;win-x86
                           RuntimePackNamePatterns = Microsoft.WindowsDesktop.App.Runtime.**RID**
                           TargetingPackVersion = 3.0.0
                           Profile = WPF
                           RuntimeFrameworkName = Microsoft.WindowsDesktop.App
                       Microsoft.WindowsDesktop.App.WPF
                           TargetFramework = net8.0
                           DefaultRuntimeFrameworkVersion = 8.0.0
                           TargetingPackName = Microsoft.WindowsDesktop.App.Ref
                           IsWindowsOnly = true
                           LatestRuntimeFrameworkVersion = 8.0.25
                           RuntimePackRuntimeIdentifiers = win-x64;win-x86;win-arm64
                           RuntimePackNamePatterns = Microsoft.WindowsDesktop.App.Runtime.**RID**
                           TargetingPackVersion = 8.0.25
                           Profile = WPF
                           RuntimeFrameworkName = Microsoft.WindowsDesktop.App
                       Microsoft.WindowsDesktop.App.WPF
                           TargetFramework = net5.0
                           DefaultRuntimeFrameworkVersion = 5.0.0
                           TargetingPackName = Microsoft.WindowsDesktop.App.Ref
                           IsWindowsOnly = true
                           LatestRuntimeFrameworkVersion = 5.0.17
                           RuntimePackRuntimeIdentifiers = win-x64;win-x86;win-arm64
                           RuntimePackNamePatterns = Microsoft.WindowsDesktop.App.Runtime.**RID**
                           TargetingPackVersion = 5.0.0
                           Profile = WPF
                           RuntimeFrameworkName = Microsoft.WindowsDesktop.App
                       Microsoft.WindowsDesktop.App.WPF
                           TargetFramework = netcoreapp3.1
                           DefaultRuntimeFrameworkVersion = 3.1.0
                           TargetingPackName = Microsoft.WindowsDesktop.App.Ref
                           IsWindowsOnly = true
                           LatestRuntimeFrameworkVersion = 3.1.32
                           RuntimePackRuntimeIdentifiers = win-x64;win-x86
                           RuntimePackNamePatterns = Microsoft.WindowsDesktop.App.Runtime.**RID**
                           TargetingPackVersion = 3.1.0
                           Profile = WPF
                           RuntimeFrameworkName = Microsoft.WindowsDesktop.App
                       Microsoft.WindowsDesktop.App.WPF
                           TargetFramework = net9.0
                           DefaultRuntimeFrameworkVersion = 9.0.0
                           TargetingPackName = Microsoft.WindowsDesktop.App.Ref
                           IsWindowsOnly = true
                           LatestRuntimeFrameworkVersion = 9.0.14
                           RuntimePackRuntimeIdentifiers = win-x64;win-x86;win-arm64
                           RuntimePackNamePatterns = Microsoft.WindowsDesktop.App.Runtime.**RID**
                           TargetingPackVersion = 9.0.14
                           Profile = WPF
                           RuntimeFrameworkName = Microsoft.WindowsDesktop.App
                       Microsoft.WindowsDesktop.App.WPF
                           TargetFramework = net6.0
                           DefaultRuntimeFrameworkVersion = 6.0.0
                           TargetingPackName = Microsoft.WindowsDesktop.App.Ref
                           IsWindowsOnly = true
                           LatestRuntimeFrameworkVersion = 6.0.36
                           RuntimePackRuntimeIdentifiers = win-x64;win-x86;win-arm64
                           RuntimePackNamePatterns = Microsoft.WindowsDesktop.App.Runtime.**RID**
                           TargetingPackVersion = 6.0.36
                           Profile = WPF
                           RuntimeFrameworkName = Microsoft.WindowsDesktop.App
                       Microsoft.WindowsDesktop.App.WPF
                           TargetFramework = net7.0
                           DefaultRuntimeFrameworkVersion = 7.0.0
                           TargetingPackName = Microsoft.WindowsDesktop.App.Ref
                           IsWindowsOnly = true
                           LatestRuntimeFrameworkVersion = 7.0.20
                           RuntimePackRuntimeIdentifiers = win-x64;win-x86;win-arm64
                           RuntimePackNamePatterns = Microsoft.WindowsDesktop.App.Runtime.**RID**
                           TargetingPackVersion = 7.0.20
                           Profile = WPF
                           RuntimeFrameworkName = Microsoft.WindowsDesktop.App
                       Microsoft.WindowsDesktop.App.WPF
                           TargetFramework = net10.0
                           DefaultRuntimeFrameworkVersion = 10.0.0
                           TargetingPackName = Microsoft.WindowsDesktop.App.Ref
                           IsWindowsOnly = true
                           LatestRuntimeFrameworkVersion = 10.0.5
                           RuntimePackRuntimeIdentifiers = win-x64;win-x86;win-arm64
                           RuntimePackNamePatterns = Microsoft.WindowsDesktop.App.Runtime.**RID**
                           TargetingPackVersion = 10.0.5
                           Profile = WPF
                           RuntimeFrameworkName = Microsoft.WindowsDesktop.App
                       NETStandard.Library
                           TargetFramework = netstandard2.1
                           TargetingPackName = NETStandard.Library.Ref
                           TargetingPackVersion = 2.1.0
                   KnownILCompilerPack
                       Microsoft.DotNet.ILCompiler
                           ILCompilerPackNamePattern = runtime.**RID**.Microsoft.DotNet.ILCompiler
                           ILCompilerRuntimePackNamePattern = Microsoft.NETCore.App.Runtime.NativeAOT.**RID**
                           TargetFramework = net10.0
                           ILCompilerPackVersion = 10.0.5
                           ILCompilerRuntimeIdentifiers = linux-arm64;linux-musl-arm64;linux-musl-x64;linux-x64;win-arm64;win-x64;osx-x64;osx-arm64;freebsd-x64;freebsd-arm64;linux-arm;linux-musl-arm;linux-loongarch64;linux-musl-loongarch64;win-x86;linux-riscv64;linux-musl-riscv64
                           ILCompilerPortableRuntimeIdentifiers = linux-arm64;linux-musl-arm64;linux-musl-x64;linux-x64;win-arm64;win-x64;osx-x64;osx-arm64;freebsd-x64;freebsd-arm64;linux-arm;linux-musl-arm;linux-loongarch64;linux-musl-loongarch64;win-x86;linux-riscv64;linux-musl-riscv64
                       Microsoft.DotNet.ILCompiler
                           ILCompilerPackNamePattern = runtime.**RID**.Microsoft.DotNet.ILCompiler
                           TargetFramework = net9.0
                           ILCompilerPackVersion = 9.0.14
                           ILCompilerRuntimeIdentifiers = linux-arm64;linux-musl-arm64;linux-musl-x64;linux-x64;win-arm64;win-x64;osx-x64;osx-arm64;freebsd-x64;freebsd-arm64;linux-arm;linux-musl-arm;linux-loongarch64;linux-musl-loongarch64;win-x86
                       Microsoft.DotNet.ILCompiler
                           ILCompilerPackNamePattern = runtime.**RID**.Microsoft.DotNet.ILCompiler
                           TargetFramework = net8.0
                           ILCompilerPackVersion = 8.0.25
                           ILCompilerRuntimeIdentifiers = linux-arm64;linux-musl-arm64;linux-musl-x64;linux-x64;win-arm64;win-x64;osx-x64;osx-arm64;freebsd-x64;freebsd-arm64
                       Microsoft.DotNet.ILCompiler
                           ILCompilerPackNamePattern = runtime.**RID**.Microsoft.DotNet.ILCompiler
                           TargetFramework = net7.0
                           ILCompilerPackVersion = 7.0.20
                           ILCompilerRuntimeIdentifiers = linux-arm64;linux-musl-arm64;linux-musl-x64;linux-x64;win-arm64;win-x64
                   KnownILLinkPack
                       Microsoft.NET.ILLink.Tasks
                           TargetFramework = net10.0
                           ILLinkPackVersion = 10.0.5
                       Microsoft.NET.ILLink.Tasks
                           TargetFramework = net9.0
                           ILLinkPackVersion = 9.0.14
                       Microsoft.NET.ILLink.Tasks
                           TargetFramework = net8.0
                           ILLinkPackVersion = 8.0.25
                       Microsoft.NET.ILLink.Tasks
                           TargetFramework = net7.0
                           ILLinkPackVersion = 7.0.100-1.23211.1
                       Microsoft.NET.ILLink.Tasks
                           TargetFramework = net6.0
                           ILLinkPackVersion = 7.0.100-1.23211.1
                       Microsoft.NET.ILLink.Tasks
                           TargetFramework = net5.0
                           ILLinkPackVersion = 7.0.100-1.23211.1
                       Microsoft.NET.ILLink.Tasks
                           TargetFramework = netcoreapp3.1
                           ILLinkPackVersion = 7.0.100-1.23211.1
                       Microsoft.NET.ILLink.Tasks
                           TargetFramework = netcoreapp3.0
                           ILLinkPackVersion = 7.0.100-1.23211.1
                   KnownRuntimePack
                       Microsoft.NETCore.App
                           TargetFramework = net10.0
                           LatestRuntimeFrameworkVersion = 10.0.5
                           RuntimePackRuntimeIdentifiers = ios-arm64;iossimulator-arm64;iossimulator-x64;tvos-arm64;tvossimulator-arm64;tvossimulator-x64;maccatalyst-arm64;maccatalyst-x64;linux-bionic-arm64;linux-bionic-x64;osx-arm64;osx-x64;freebsd-arm64;freebsd-x64;linux-x64;linux-arm;linux-arm64;linux-loongarch64;linux-bionic-arm;linux-musl-x64;linux-musl-arm;linux-musl-arm64;linux-musl-loongarch64;win-x64;win-x86;win-arm64;browser-wasm;wasi-wasm;linux-riscv64;linux-musl-riscv64;android-arm64;android-x64
                           RuntimePackNamePatterns = Microsoft.NETCore.App.Runtime.NativeAOT.**RID**
                           RuntimePackLabels = NativeAOT
                           RuntimeFrameworkName = Microsoft.NETCore.App
                       Microsoft.NETCore.App
                           TargetFramework = net10.0
                           LatestRuntimeFrameworkVersion = 10.0.5
                           RuntimePackRuntimeIdentifiers = linux-arm;linux-arm64;linux-musl-arm64;linux-musl-x64;linux-x64;osx-x64;win-arm64;win-x64;win-x86;linux-musl-arm;osx-arm64;linux-s390x;linux-loongarch64;browser-wasm;ios-arm64;ios-arm;iossimulator-arm64;iossimulator-x64;iossimulator-x86;tvos-arm64;tvossimulator-arm64;tvossimulator-x64;maccatalyst-x64;maccatalyst-arm64;android-arm64;android-arm;android-x64;android-x86;freebsd-x64;freebsd-arm64;wasi-wasm;linux-riscv64;linux-musl-riscv64;linux-loongarch64;linux-musl-loongarch64
                           RuntimePackNamePatterns = Microsoft.NETCore.App.Runtime.Mono.**RID**
                           RuntimePackLabels = Mono
                           RuntimeFrameworkName = Microsoft.NETCore.App
                       Microsoft.NETCore.App
                           TargetFramework = net9.0
                           LatestRuntimeFrameworkVersion = 9.0.14
                           RuntimePackRuntimeIdentifiers = ios-arm64;iossimulator-arm64;iossimulator-x64;tvos-arm64;tvossimulator-arm64;tvossimulator-x64;maccatalyst-arm64;maccatalyst-x64;linux-bionic-arm64;linux-bionic-x64;osx-arm64;osx-x64;freebsd-arm64;freebsd-x64;linux-x64;linux-arm;linux-arm64;linux-loongarch64;linux-bionic-arm;linux-musl-x64;linux-musl-arm;linux-musl-arm64;linux-musl-loongarch64;win-x64;win-x86;win-arm64;browser-wasm;wasi-wasm
                           RuntimePackNamePatterns = Microsoft.NETCore.App.Runtime.NativeAOT.**RID**
                           RuntimePackLabels = NativeAOT
                           RuntimeFrameworkName = Microsoft.NETCore.App
                       Microsoft.NETCore.App
                           TargetFramework = net9.0
                           LatestRuntimeFrameworkVersion = 9.0.14
                           RuntimePackRuntimeIdentifiers = linux-arm;linux-arm64;linux-musl-arm64;linux-musl-x64;linux-x64;osx-x64;win-arm64;win-x64;win-x86;linux-musl-arm;osx-arm64;linux-s390x;linux-loongarch64;browser-wasm;ios-arm64;ios-arm;iossimulator-arm64;iossimulator-x64;iossimulator-x86;tvos-arm64;tvossimulator-arm64;tvossimulator-x64;maccatalyst-x64;maccatalyst-arm64;android-arm64;android-arm;android-x64;android-x86;freebsd-x64;freebsd-arm64;wasi-wasm;linux-riscv64;linux-musl-riscv64;linux-loongarch64;linux-musl-loongarch64
                           RuntimePackNamePatterns = Microsoft.NETCore.App.Runtime.Mono.**RID**
                           RuntimePackLabels = Mono
                           RuntimeFrameworkName = Microsoft.NETCore.App
                       Microsoft.NETCore.App
                           TargetFramework = net8.0
                           LatestRuntimeFrameworkVersion = 8.0.25
                           RuntimePackRuntimeIdentifiers = ios-arm64;iossimulator-arm64;iossimulator-x64;tvos-arm64;tvossimulator-arm64;tvossimulator-x64;maccatalyst-arm64;maccatalyst-x64;linux-bionic-arm64;linux-bionic-x64;osx-arm64;osx-x64;freebsd-arm64;freebsd-x64
                           RuntimePackNamePatterns = Microsoft.NETCore.App.Runtime.NativeAOT.**RID**
                           RuntimePackLabels = NativeAOT
                           RuntimeFrameworkName = Microsoft.NETCore.App
                       Microsoft.NETCore.App
                           TargetFramework = net8.0
                           LatestRuntimeFrameworkVersion = 8.0.25
                           RuntimePackRuntimeIdentifiers = linux-arm;linux-arm64;linux-musl-arm64;linux-musl-x64;linux-x64;osx-x64;win-arm64;win-x64;win-x86;linux-musl-arm;osx-arm64;linux-s390x;linux-loongarch64;browser-wasm;ios-arm64;ios-arm;iossimulator-arm64;iossimulator-x64;iossimulator-x86;tvos-arm64;tvossimulator-arm64;tvossimulator-x64;maccatalyst-x64;maccatalyst-arm64;android-arm64;android-arm;android-x64;android-x86;freebsd-x64;freebsd-arm64;wasi-wasm
                           RuntimePackNamePatterns = Microsoft.NETCore.App.Runtime.Mono.**RID**
                           RuntimePackLabels = Mono
                           RuntimeFrameworkName = Microsoft.NETCore.App
                       Microsoft.NETCore.App
                           TargetFramework = net7.0
                           LatestRuntimeFrameworkVersion = 7.0.20
                           RuntimePackRuntimeIdentifiers = linux-arm;linux-arm64;linux-musl-arm64;linux-musl-x64;linux-x64;osx-x64;win-arm;win-arm64;win-x64;win-x86;linux-musl-arm;osx-arm64;linux-s390x;linux-loongarch64;browser-wasm;ios-arm64;ios-arm;iossimulator-arm64;iossimulator-x64;iossimulator-x86;tvos-arm64;tvossimulator-arm64;tvossimulator-x64;maccatalyst-x64;maccatalyst-arm64;android-arm64;android-arm;android-x64;android-x86
                           RuntimePackNamePatterns = Microsoft.NETCore.App.Runtime.Mono.**RID**
                           RuntimePackLabels = Mono
                           RuntimeFrameworkName = Microsoft.NETCore.App
                       Microsoft.NETCore.App
                           TargetFramework = net6.0
                           LatestRuntimeFrameworkVersion = 6.0.36
                           RuntimePackRuntimeIdentifiers = linux-arm;linux-arm64;linux-musl-arm64;linux-musl-x64;linux-x64;osx-x64;win-arm;win-arm64;win-x64;win-x86;linux-musl-arm;osx-arm64;linux-s390x;linux-loongarch64;browser-wasm;ios-arm64;ios-arm;iossimulator-arm64;iossimulator-x64;iossimulator-x86;tvos-arm64;tvossimulator-arm64;tvossimulator-x64;maccatalyst-x64;maccatalyst-arm64;android-arm64;android-arm;android-x64;android-x86
                           RuntimePackNamePatterns = Microsoft.NETCore.App.Runtime.Mono.**RID**
                           RuntimePackLabels = Mono
                           RuntimeFrameworkName = Microsoft.NETCore.App
                   KnownWebAssemblySdkPack
                       Microsoft.NET.Sdk.WebAssembly.Pack
                           TargetFramework = net10.0
                           WebAssemblySdkPackVersion = 10.0.6
                       Microsoft.NET.Sdk.WebAssembly.Pack
                           TargetFramework = net9.0
                           WebAssemblySdkPackVersion = 10.0.6
                       Microsoft.NET.Sdk.WebAssembly.Pack
                           TargetFramework = net8.0
                           WebAssemblySdkPackVersion = 10.0.6
                       Microsoft.NET.Sdk.WebAssembly.Pack
                           TargetFramework = net7.0
                           WebAssemblySdkPackVersion = 10.0.6
                       Microsoft.NET.Sdk.WebAssembly.Pack
                           TargetFramework = net6.0
                           WebAssemblySdkPackVersion = 10.0.6
                   PackageConflictOverrides
                       NETStandard.Library
                           OverriddenPackages = 
                           Microsoft.Win32.Primitives|4.3.0;
                           System.AppContext|4.3.0;
                           System.Collections|4.3.0;
                           System.Collections.Concurrent|4.3.0;
                           System.Collections.Immutable|1.4.0;
                           System.Collections.NonGeneric|4.3.0;
                           System.Collections.Specialized|4.3.0;
                           System.ComponentModel|4.3.0;
                           System.ComponentModel.EventBasedAsync|4.3.0;
                           System.ComponentModel.Primitives|4.3.0;
                           System.ComponentModel.TypeConverter|4.3.0;
                           System.Console|4.3.0;
                           System.Data.Common|4.3.0;
                           System.Diagnostics.Contracts|4.3.0;
                           System.Diagnostics.Debug|4.3.0;
                           System.Diagnostics.FileVersionInfo|4.3.0;
                           System.Diagnostics.Process|4.3.0;
                           System.Diagnostics.StackTrace|4.3.0;
                           System.Diagnostics.TextWriterTraceListener|4.3.0;
                           System.Diagnostics.Tools|4.3.0;
                           System.Diagnostics.TraceSource|4.3.0;
                           System.Diagnostics.Tracing|4.3.0;
                           System.Dynamic.Runtime|4.3.0;
                           System.Globalization|4.3.0;
                           System.Globalization.Calendars|4.3.0;
                           System.Globalization.Extensions|4.3.0;
                           System.IO|4.3.0;
                           System.IO.Compression|4.3.0;
                           System.IO.Compression.ZipFile|4.3.0;
                           System.IO.FileSystem|4.3.0;
                           System.IO.FileSystem.DriveInfo|4.3.0;
                           System.IO.FileSystem.Primitives|4.3.0;
                           System.IO.FileSystem.Watcher|4.3.0;
                           System.IO.IsolatedStorage|4.3.0;
                           System.IO.MemoryMappedFiles|4.3.0;
                           System.IO.Pipes|4.3.0;
                           System.IO.UnmanagedMemoryStream|4.3.0;
                           System.Linq|4.3.0;
                           System.Linq.Expressions|4.3.0;
                           System.Linq.Queryable|4.3.0;
                           System.Net.Http|4.3.0;
                           System.Net.NameResolution|4.3.0;
                           System.Net.Primitives|4.3.0;
                           System.Net.Requests|4.3.0;
                           System.Net.Security|4.3.0;
                           System.Net.Sockets|4.3.0;
                           System.Net.WebHeaderCollection|4.3.0;
                           System.ObjectModel|4.3.0;
                           System.Private.DataContractSerialization|4.3.0;
                           System.Reflection|4.3.0;
                           System.Reflection.Emit|4.3.0;
                           System.Reflection.Emit.ILGeneration|4.3.0;
                           System.Reflection.Emit.Lightweight|4.3.0;
                           System.Reflection.Extensions|4.3.0;
                           System.Reflection.Primitives|4.3.0;
                           System.Reflection.TypeExtensions|4.3.0;
                           System.Resources.ResourceManager|4.3.0;
                           System.Runtime|4.3.0;
                           System.Runtime.Extensions|4.3.0;
                           System.Runtime.Handles|4.3.0;
                           System.Runtime.InteropServices|4.3.0;
                           System.Runtime.InteropServices.RuntimeInformation|4.3.0;
                           System.Runtime.Loader|4.3.0;
                           System.Runtime.Numerics|4.3.0;
                           System.Runtime.Serialization.Formatters|4.3.0;
                           System.Runtime.Serialization.Json|4.3.0;
                           System.Runtime.Serialization.Primitives|4.3.0;
                           System.Security.AccessControl|4.4.0;
                           System.Security.Claims|4.3.0;
                           System.Security.Cryptography.Algorithms|4.3.0;
                           System.Security.Cryptography.Csp|4.3.0;
                           System.Security.Cryptography.Encoding|4.3.0;
                           System.Security.Cryptography.Primitives|4.3.0;
                           System.Security.Cryptography.X509Certificates|4.3.0;
                           System.Security.Cryptography.Xml|4.4.0;
                           System.Security.Principal|4.3.0;
                           System.Security.Principal.Windows|4.4.0;
                           System.Text.Encoding|4.3.0;
                           System.Text.Encoding.Extensions|4.3.0;
                           System.Text.RegularExpressions|4.3.0;
                           System.Threading|4.3.0;
                           System.Threading.Overlapped|4.3.0;
                           System.Threading.Tasks|4.3.0;
                           System.Threading.Tasks.Extensions|4.3.0;
                           System.Threading.Tasks.Parallel|4.3.0;
                           System.Threading.Thread|4.3.0;
                           System.Threading.ThreadPool|4.3.0;
                           System.Threading.Timer|4.3.0;
                           System.ValueTuple|4.3.0;
                           System.Xml.ReaderWriter|4.3.0;
                           System.Xml.XDocument|4.3.0;
                           System.Xml.XmlDocument|4.3.0;
                           System.Xml.XmlSerializer|4.3.0;
                           System.Xml.XPath|4.3.0;
                           System.Xml.XPath.XDocument|4.3.0;
                         
                   PotentialEditorConfigFiles
                       C:\.editorconfig
                       C:\Users\.editorconfig
                       C:\Users\Lenovo\.editorconfig
                       C:\Users\Lenovo\Documents\.editorconfig
                       C:\Users\Lenovo\Documents\Génie Logiciel\.editorconfig
                       C:\Users\Lenovo\Documents\Génie Logiciel\EasySave-Groupe1\.editorconfig
                       C:\Users\Lenovo\Documents\Génie Logiciel\EasySave-Groupe1\EasySave\.editorconfig
                       C:\Users\Lenovo\Documents\Génie Logiciel\EasySave-Groupe1\EasySave\Controllers\.editorconfig
                       C:\Users\Lenovo\Documents\Génie Logiciel\EasySave-Groupe1\EasySave\Interfaces\.editorconfig
                       C:\Users\Lenovo\Documents\Génie Logiciel\EasySave-Groupe1\EasySave\Models\.editorconfig
                       C:\Users\Lenovo\Documents\Génie Logiciel\EasySave-Groupe1\EasySave\Services\.editorconfig
                       C:\Users\Lenovo\Documents\Génie Logiciel\EasySave-Groupe1\EasySave\ViewModels\.editorconfig
                       C:\Users\Lenovo\Documents\Génie Logiciel\EasySave-Groupe1\EasySave\Views\.editorconfig
                   PreprocessorValue
                       assemblyname
                           Value = EasySave
                       filename
                           Value = EasySave.csproj
                       fullpath
                           Value = C:\Users\Lenovo\Documents\Génie Logiciel\EasySave-Groupe1\EasySave
                       outputfilename
                           Value = EasySave.dll
                       rootnamespace
                           Value = EasySave
                   ProjectCapability
                       AllTargetOutputGroups
                       AssemblyReferences
                       COMReferences
                       CrossPlatformExecutable
                       CSharp
                       DeclaredSourceItems
                       GenerateDocumentationFile
                       LanguageService
                       Managed
                       NativeAOT
                       NetSdkOCIImageBuild
                       OutputGroups
                       Pack
                       ProjectReferences
                       ReferencesFolder
                       RelativePathDerivedDefaultNamespace
                       SharedProjectReferences
                       SingleFileGenerators
                       SupportsComputeRunCommand
                       SupportsHotReload
                       UserSourceItems
                       VisualStudioWellKnownOutputGroups
                   ProjectReference
                       ..\EasyLog\EasyLog.csproj
                           ReferenceSourceTarget = ProjectReference
                           OutputItemType = 
                           Targets = 
                   PropertyPageSchema
                       C:\Program Files\dotnet\sdk\10.0.300-preview.0.26177.108\\assemblyreference.xaml
                           Context = ;BrowseObject
                       C:\Program Files\dotnet\sdk\10.0.300-preview.0.26177.108\\COMReference.xaml
                           Context = ;BrowseObject
                       C:\Program Files\dotnet\sdk\10.0.300-preview.0.26177.108\\Content.xaml
                           Context = File;BrowseObject
                       C:\Program Files\dotnet\sdk\10.0.300-preview.0.26177.108\\CSharp.BrowseObject.xaml
                           Context = BrowseObject
                       C:\Program Files\dotnet\sdk\10.0.300-preview.0.26177.108\\CSharp.ProjectItemsSchema.xaml
                       C:\Program Files\dotnet\sdk\10.0.300-preview.0.26177.108\\CSharp.xaml
                           Context = File
                       C:\Program Files\dotnet\sdk\10.0.300-preview.0.26177.108\\Debugger_General.xaml
                           Context = Project
                       C:\Program Files\dotnet\sdk\10.0.300-preview.0.26177.108\\EmbeddedResource.xaml
                           Context = File;BrowseObject
                       C:\Program Files\dotnet\sdk\10.0.300-preview.0.26177.108\\Folder.xaml
                           Context = File;BrowseObject
                       C:\Program Files\dotnet\sdk\10.0.300-preview.0.26177.108\\General_File.xaml
                           Context = File
                       C:\Program Files\dotnet\sdk\10.0.300-preview.0.26177.108\\General.BrowseObject.xaml
                           Context = BrowseObject
                       C:\Program Files\dotnet\sdk\10.0.300-preview.0.26177.108\\General.xaml
                           Context = Project
                       C:\Program Files\dotnet\sdk\10.0.300-preview.0.26177.108\\None.xaml
                           Context = File;BrowseObject
                       C:\Program Files\dotnet\sdk\10.0.300-preview.0.26177.108\\ProjectItemsSchema.xaml
                       C:\Program Files\dotnet\sdk\10.0.300-preview.0.26177.108\\ProjectReference.xaml
                           Context = ;BrowseObject
                       C:\Program Files\dotnet\sdk\10.0.300-preview.0.26177.108\\ResolvedAssemblyReference.xaml
                           Context = ProjectSubscriptionService;BrowseObject
                       C:\Program Files\dotnet\sdk\10.0.300-preview.0.26177.108\\ResolvedCOMReference.xaml
                           Context = ProjectSubscriptionService;BrowseObject
                       C:\Program Files\dotnet\sdk\10.0.300-preview.0.26177.108\\ResolvedProjectReference.xaml
                           Context = ProjectSubscriptionService;BrowseObject
                       C:\Program Files\dotnet\sdk\10.0.300-preview.0.26177.108\\SCC.xaml
                           Context = Invisible
                       C:\Program Files\dotnet\sdk\10.0.300-preview.0.26177.108\\SpecialFolder.xaml
                           Context = File;ProjectSubscriptionService
                   RegFreeComManifest
                       obj\Debug\net8.0\EasySave.X.manifest
                   RuntimeHostConfigurationOption
                       System.Runtime.Serialization.EnableUnsafeBinaryFormatterSerialization
                           Value = false
                           Trim = true
                   SdkSupportedTargetPlatformIdentifier
                       ios
                           DisplayName = iOS
                       maccatalyst
                           DisplayName = MacCatalyst
                       macos
                           DisplayName = macOS
                       tvos
                           DisplayName = tvOS
                       windows
                           DisplayName = Windows
                   SourceLinkAzureReposGitHost
                       dev.azure.com
                       visualstudio.com
                       vsts.me
                   SourceLinkBitbucketGitHost
                       bitbucket.org
                           EnterpriseEdition = false
                   SourceLinkGitHubHost
                       github.com
                           ContentUrl = https://raw.githubusercontent.com
                   SourceLinkGitLabHost
                       gitlab.com
                   SourceRoot
                       C:\Program Files (x86)\Microsoft Visual Studio\Shared\NuGetPackages\
                       C:\Users\Lenovo\.nuget\packages\
                   SupportedNETCoreAppTargetFramework
                       .NETCoreApp,Version=v1.0
                           DisplayName = .NET Core 1.0
                           Alias = netcoreapp1.0
                       .NETCoreApp,Version=v1.1
                           DisplayName = .NET Core 1.1
                           Alias = netcoreapp1.1
                       .NETCoreApp,Version=v10.0
                           DisplayName = .NET 10.0
                           Alias = net10.0
                       .NETCoreApp,Version=v2.0
                           DisplayName = .NET Core 2.0
                           Alias = netcoreapp2.0
                       .NETCoreApp,Version=v2.1
                           DisplayName = .NET Core 2.1
                           Alias = netcoreapp2.1
                       .NETCoreApp,Version=v2.2
                           DisplayName = .NET Core 2.2
                           Alias = netcoreapp2.2
                       .NETCoreApp,Version=v3.0
                           DisplayName = .NET Core 3.0
                           Alias = netcoreapp3.0
                       .NETCoreApp,Version=v3.1
                           DisplayName = .NET Core 3.1
                           Alias = netcoreapp3.1
                       .NETCoreApp,Version=v5.0
                           DisplayName = .NET 5.0
                           Alias = net5.0
                       .NETCoreApp,Version=v6.0
                           DisplayName = .NET 6.0
                           Alias = net6.0
                       .NETCoreApp,Version=v7.0
                           DisplayName = .NET 7.0
                           Alias = net7.0
                       .NETCoreApp,Version=v8.0
                           DisplayName = .NET 8.0
                           Alias = net8.0
                       .NETCoreApp,Version=v9.0
                           DisplayName = .NET 9.0
                           Alias = net9.0
                   SupportedNETFrameworkTargetFramework
                       .NETFramework,Version=v2.0
                           DisplayName = .NET Framework 2.0
                           Alias = net20
                       .NETFramework,Version=v3.0
                           DisplayName = .NET Framework 3.0
                           Alias = net30
                       .NETFramework,Version=v3.5
                           DisplayName = .NET Framework 3.5
                           Alias = net35
                       .NETFramework,Version=v4.0
                           DisplayName = .NET Framework 4.0
                           Alias = net40
                       .NETFramework,Version=v4.5
                           DisplayName = .NET Framework 4.5
                           Alias = net45
                       .NETFramework,Version=v4.5.1
                           DisplayName = .NET Framework 4.5.1
                           Alias = net451
                       .NETFramework,Version=v4.5.2
                           DisplayName = .NET Framework 4.5.2
                           Alias = net452
                       .NETFramework,Version=v4.6
                           DisplayName = .NET Framework 4.6
                           Alias = net46
                       .NETFramework,Version=v4.6.1
                           DisplayName = .NET Framework 4.6.1
                           Alias = net461
                       .NETFramework,Version=v4.6.2
                           DisplayName = .NET Framework 4.6.2
                           Alias = net462
                       .NETFramework,Version=v4.7
                           DisplayName = .NET Framework 4.7
                           Alias = net47
                       .NETFramework,Version=v4.7.1
                           DisplayName = .NET Framework 4.7.1
                           Alias = net471
                       .NETFramework,Version=v4.7.2
                           DisplayName = .NET Framework 4.7.2
                           Alias = net472
                       .NETFramework,Version=v4.8
                           DisplayName = .NET Framework 4.8
                           Alias = net48
                       .NETFramework,Version=v4.8.1
                           DisplayName = .NET Framework 4.8.1
                           Alias = net481
                   SupportedNETStandardTargetFramework
                       .NETStandard,Version=v1.0
                           DisplayName = .NET Standard 1.0
                           Alias = netstandard1.0
                       .NETStandard,Version=v1.1
                           DisplayName = .NET Standard 1.1
                           Alias = netstandard1.1
                       .NETStandard,Version=v1.2
                           DisplayName = .NET Standard 1.2
                           Alias = netstandard1.2
                       .NETStandard,Version=v1.3
                           DisplayName = .NET Standard 1.3
                           Alias = netstandard1.3
                       .NETStandard,Version=v1.4
                           DisplayName = .NET Standard 1.4
                           Alias = netstandard1.4
                       .NETStandard,Version=v1.5
                           DisplayName = .NET Standard 1.5
                           Alias = netstandard1.5
                       .NETStandard,Version=v1.6
                           DisplayName = .NET Standard 1.6
                           Alias = netstandard1.6
                       .NETStandard,Version=v2.0
                           DisplayName = .NET Standard 2.0
                           Alias = netstandard2.0
                       .NETStandard,Version=v2.1
                           DisplayName = .NET Standard 2.1
                           Alias = netstandard2.1
                   SupportedPlatform
                       Linux
                       macOS
                       Windows
                   SupportedTargetFramework
                       .NETCoreApp,Version=v1.0
                           DisplayName = .NET Core 1.0
                           Alias = netcoreapp1.0
                       .NETCoreApp,Version=v1.1
                           DisplayName = .NET Core 1.1
                           Alias = netcoreapp1.1
                       .NETCoreApp,Version=v10.0
                           DisplayName = .NET 10.0
                           Alias = net10.0
                       .NETCoreApp,Version=v2.0
                           DisplayName = .NET Core 2.0
                           Alias = netcoreapp2.0
                       .NETCoreApp,Version=v2.1
                           DisplayName = .NET Core 2.1
                           Alias = netcoreapp2.1
                       .NETCoreApp,Version=v2.2
                           DisplayName = .NET Core 2.2
                           Alias = netcoreapp2.2
                       .NETCoreApp,Version=v3.0
                           DisplayName = .NET Core 3.0
                           Alias = netcoreapp3.0
                       .NETCoreApp,Version=v3.1
                           DisplayName = .NET Core 3.1
                           Alias = netcoreapp3.1
                       .NETCoreApp,Version=v5.0
                           DisplayName = .NET 5.0
                           Alias = net5.0
                       .NETCoreApp,Version=v6.0
                           DisplayName = .NET 6.0
                           Alias = net6.0
                       .NETCoreApp,Version=v7.0
                           DisplayName = .NET 7.0
                           Alias = net7.0
                       .NETCoreApp,Version=v8.0
                           DisplayName = .NET 8.0
                           Alias = net8.0
                       .NETCoreApp,Version=v9.0
                           DisplayName = .NET 9.0
                           Alias = net9.0
                       .NETFramework,Version=v2.0
                           DisplayName = .NET Framework 2.0
                           Alias = net20
                       .NETFramework,Version=v3.0
                           DisplayName = .NET Framework 3.0
                           Alias = net30
                       .NETFramework,Version=v3.5
                           DisplayName = .NET Framework 3.5
                           Alias = net35
                       .NETFramework,Version=v4.0
                           DisplayName = .NET Framework 4.0
                           Alias = net40
                       .NETFramework,Version=v4.5
                           DisplayName = .NET Framework 4.5
                           Alias = net45
                       .NETFramework,Version=v4.5.1
                           DisplayName = .NET Framework 4.5.1
                           Alias = net451
                       .NETFramework,Version=v4.5.2
                           DisplayName = .NET Framework 4.5.2
                           Alias = net452
                       .NETFramework,Version=v4.6
                           DisplayName = .NET Framework 4.6
                           Alias = net46
                       .NETFramework,Version=v4.6.1
                           DisplayName = .NET Framework 4.6.1
                           Alias = net461
                       .NETFramework,Version=v4.6.2
                           DisplayName = .NET Framework 4.6.2
                           Alias = net462
                       .NETFramework,Version=v4.7
                           DisplayName = .NET Framework 4.7
                           Alias = net47
                       .NETFramework,Version=v4.7.1
                           DisplayName = .NET Framework 4.7.1
                           Alias = net471
                       .NETFramework,Version=v4.7.2
                           DisplayName = .NET Framework 4.7.2
                           Alias = net472
                       .NETFramework,Version=v4.8
                           DisplayName = .NET Framework 4.8
                           Alias = net48
                       .NETFramework,Version=v4.8.1
                           DisplayName = .NET Framework 4.8.1
                           Alias = net481
                       .NETStandard,Version=v1.0
                           DisplayName = .NET Standard 1.0
                           Alias = netstandard1.0
                       .NETStandard,Version=v1.1
                           DisplayName = .NET Standard 1.1
                           Alias = netstandard1.1
                       .NETStandard,Version=v1.2
                           DisplayName = .NET Standard 1.2
                           Alias = netstandard1.2
                       .NETStandard,Version=v1.3
                           DisplayName = .NET Standard 1.3
                           Alias = netstandard1.3
                       .NETStandard,Version=v1.4
                           DisplayName = .NET Standard 1.4
                           Alias = netstandard1.4
                       .NETStandard,Version=v1.5
                           DisplayName = .NET Standard 1.5
                           Alias = netstandard1.5
                       .NETStandard,Version=v1.6
                           DisplayName = .NET Standard 1.6
                           Alias = netstandard1.6
                       .NETStandard,Version=v2.0
                           DisplayName = .NET Standard 2.0
                           Alias = netstandard2.0
                       .NETStandard,Version=v2.1
                           DisplayName = .NET Standard 2.1
                           Alias = netstandard2.1
                   Using
                       System
                       System.Collections.Generic
                       System.IO
                       System.Linq
                       System.Net.Http
                       System.Threading
                       System.Threading.Tasks
                   WindowsSdkSupportedTargetPlatformVersion
                       10.0.17763.0
                           WindowsSdkPackageVersion = 10.0.17763.57
                           MinimumNETVersion = 8.0
                       10.0.17763.0
                           WindowsSdkPackageVersion = 10.0.17763.55
                           MinimumNETVersion = 6.0
                       10.0.17763.0
                           WindowsSdkPackageVersion = 10.0.17763.26
                           MinimumNETVersion = 5.0
                       10.0.17763.1
                           WindowsSdkPackageVersion = 10.0.17763.57
                           MinimumNETVersion = 10.0
                       10.0.18362.0
                           WindowsSdkPackageVersion = 10.0.18362.55
                           MinimumNETVersion = 6.0
                       10.0.18362.0
                           WindowsSdkPackageVersion = 10.0.18362.57
                           MinimumNETVersion = 8.0
                       10.0.18362.0
                           WindowsSdkPackageVersion = 10.0.18362.26
                           MinimumNETVersion = 5.0
                       10.0.18362.1
                           WindowsSdkPackageVersion = 10.0.18362.57
                           MinimumNETVersion = 10.0
                       10.0.19041.0
                           WindowsSdkPackageVersion = 10.0.19041.55
                           MinimumNETVersion = 6.0
                       10.0.19041.0
                           WindowsSdkPackageVersion = 10.0.19041.26
                           MinimumNETVersion = 5.0
                       10.0.19041.0
                           WindowsSdkPackageVersion = 10.0.19041.57
                           MinimumNETVersion = 8.0
                       10.0.19041.1
                           WindowsSdkPackageVersion = 10.0.19041.57
                           MinimumNETVersion = 10.0
                       10.0.20348.0
                           WindowsSdkPackageVersion = 10.0.20348.55
                           MinimumNETVersion = 6.0
                       10.0.20348.0
                           WindowsSdkPackageVersion = 10.0.20348.26
                           MinimumNETVersion = 5.0
                       10.0.20348.0
                           WindowsSdkPackageVersion = 10.0.20348.57
                           MinimumNETVersion = 8.0
                       10.0.20348.1
                           WindowsSdkPackageVersion = 10.0.20348.57
                           MinimumNETVersion = 10.0
                       10.0.22000.0
                           WindowsSdkPackageVersion = 10.0.22000.57
                           MinimumNETVersion = 8.0
                       10.0.22000.0
                           WindowsSdkPackageVersion = 10.0.22000.55
                           MinimumNETVersion = 6.0
                       10.0.22000.0
                           WindowsSdkPackageVersion = 10.0.22000.26
                           MinimumNETVersion = 5.0
                       10.0.22000.1
                           WindowsSdkPackageVersion = 10.0.22000.57
                           MinimumNETVersion = 10.0
                       10.0.22621.0
                           WindowsSdkPackageVersion = 10.0.22621.57
                           MinimumNETVersion = 8.0
                       10.0.22621.0
                           WindowsSdkPackageVersion = 10.0.22621.55
                           MinimumNETVersion = 6.0
                       10.0.22621.1
                           WindowsSdkPackageVersion = 10.0.22621.57
                           MinimumNETVersion = 10.0
                       10.0.26100.0
                           WindowsSdkPackageVersion = 10.0.26100.55
                           MinimumNETVersion = 6.0
                       10.0.26100.0
                           WindowsSdkPackageVersion = 10.0.26100.57
                           MinimumNETVersion = 8.0
                       10.0.26100.1
                           WindowsSdkPackageVersion = 10.0.26100.57
                           MinimumNETVersion = 10.0
                       7.0
                       8.0

16:28:51.491     1>Le projet "C:\Users\Lenovo\Documents\Génie Logiciel\EasySave-Groupe1\EasySave.Console\EasySave.Console.csproj" (1) génère "C:\Users\Lenovo\Documents\Génie Logiciel\EasySave-Groupe1\EasySave\EasySave.csproj" (2) sur le nœud 1 (GetTargetFrameworks cible(s)).
16:28:51.811     2>Cible "_CalculateIsVSTestTestProject : (IdCible:19)" dans le fichier "C:\Program Files\dotnet\sdk\10.0.300-preview.0.26177.108\Sdks\Microsoft.NET.Sdk\targets\Microsoft.NET.Sdk.targets" du projet "C:\Users\Lenovo\Documents\Génie Logiciel\EasySave-Groupe1\EasySave\EasySave.csproj" (la cible "GetTargetFrameworksWithPlatformForSingleTargetFramework" en dépend) :
16:28:51.811     2>Propriété définie : _IsVSTestTestProject=false
16:28:51.811     2>Génération de la cible "_CalculateIsVSTestTestProject" terminée dans le projet "EasySave.csproj". : (IdCible:19)
16:28:51.811     2>Cible "GetTargetFrameworksWithPlatformForSingleTargetFramework : (IdCible:20)" dans le fichier "C:\Program Files\dotnet\sdk\10.0.300-preview.0.26177.108\Microsoft.Common.CurrentVersion.targets" du projet "C:\Users\Lenovo\Documents\Génie Logiciel\EasySave-Groupe1\EasySave\EasySave.csproj" (la cible "GetTargetFrameworks" en dépend) :
                   Élément(s) ajouté(s) : 
                       _AdditionalTargetFrameworkInfoPropertyWithValue=
                           SelfContained
                                   Value=false
                   Élément(s) ajouté(s) : 
                       _AdditionalTargetFrameworkInfoPropertyWithValue=
                           _IsExecutable
                                   Value=true
                   Élément(s) ajouté(s) : 
                       _AdditionalTargetFrameworkInfoPropertyWithValue=
                           IsRidAgnostic
                                   Value=false
                   Élément(s) ajouté(s) : 
                       _AdditionalTargetFrameworkInfoPropertyWithValue=
                           ShouldBeValidatedAsExecutableReference
                                   Value=
                   Élément(s) ajouté(s) : 
                       _AdditionalTargetFrameworkInfoPropertyWithValue=
                           _SelfContainedWasSpecified
                                   Value=
                   Utilisation de la tâche "CombineTargetFrameworkInfoProperties" à partir de l'assembly "Microsoft.Build.Tasks.Core, Version=15.1.0.0, Culture=neutral, PublicKeyToken=b03f5f7f11d50a3a".
                   Tâche "CombineTargetFrameworkInfoProperties" (IDTâche:9)
                     Paramètre de tâche :
                         PropertiesAndValues=
                             SelfContained
                                     Value=false
                             _IsExecutable
                                     Value=true
                             IsRidAgnostic
                                     Value=false
                             ShouldBeValidatedAsExecutableReference
                                     Value=
                             _SelfContainedWasSpecified
                                     Value= (IDTâche:9)
                     Paramètre de tâche :RootElementName=net8.0 (IDTâche:9)
                     Paramètre de tâche :UseAttributeForTargetFrameworkInfoPropertyNames=True (IDTâche:9)
                     Propriété de sortie : _AdditionalTargetFrameworkInfoProperties=<TargetFramework Name="net8.0">
                       <SelfContained>false</SelfContained>
                       <_IsExecutable>true</_IsExecutable>
                       <IsRidAgnostic>false</IsRidAgnostic>
                       <ShouldBeValidatedAsExecutableReference></ShouldBeValidatedAsExecutableReference>
                       <_SelfContainedWasSpecified></_SelfContainedWasSpecified>
                     </TargetFramework> (IDTâche:9)
                   Exécution de la tâche "CombineTargetFrameworkInfoProperties" terminée. (IDTâche:9)
                   Élément(s) ajouté(s) : 
                       _TargetFrameworkInfo=
                           net8.0
                                   AdditionalPropertiesFromProject=<TargetFramework Name="net8.0">
                     <SelfContained>false</SelfContained>
                     <_IsExecutable>true</_IsExecutable>
                     <IsRidAgnostic>false</IsRidAgnostic>
                     <ShouldBeValidatedAsExecutableReference></ShouldBeValidatedAsExecutableReference>
                     <_SelfContainedWasSpecified></_SelfContainedWasSpecified>
                   </TargetFramework>
                                   IsRidAgnostic=false
                                   TargetFrameworkMonikers=.NETCoreApp,Version=v8.0
                                   TargetFrameworks=net8.0
                                   TargetPlatformMonikers=None
16:28:51.826     2>Génération de la cible "GetTargetFrameworksWithPlatformForSingleTargetFramework" terminée dans le projet "EasySave.csproj". : (IdCible:20)
16:28:51.826     2>Cible "GetTargetFrameworks : (IdCible:21)" dans le fichier "C:\Program Files\dotnet\sdk\10.0.300-preview.0.26177.108\Microsoft.Common.CurrentVersion.targets" du projet "C:\Users\Lenovo\Documents\Génie Logiciel\EasySave-Groupe1\EasySave\EasySave.csproj" (point d'entrée) :
                   Utilisation de la tâche "CombineXmlElements" à partir de l'assembly "Microsoft.Build.Tasks.Core, Version=15.1.0.0, Culture=neutral, PublicKeyToken=b03f5f7f11d50a3a".
                   Tâche "CombineXmlElements" (IDTâche:10)
                     Paramètre de tâche :RootElementName=AdditionalProjectProperties (IDTâche:10)
                     Paramètre de tâche :
                         XmlElements=
                             <TargetFramework Name="net8.0">
                       <SelfContained>false</SelfContained>
                       <_IsExecutable>true</_IsExecutable>
                       <IsRidAgnostic>false</IsRidAgnostic>
                       <ShouldBeValidatedAsExecutableReference></ShouldBeValidatedAsExecutableReference>
                       <_SelfContainedWasSpecified></_SelfContainedWasSpecified>
                     </TargetFramework>
                                     AdditionalPropertiesFromProject=<TargetFramework Name="net8.0">
                       <SelfContained>false</SelfContained>
                       <_IsExecutable>true</_IsExecutable>
                       <IsRidAgnostic>false</IsRidAgnostic>
                       <ShouldBeValidatedAsExecutableReference></ShouldBeValidatedAsExecutableReference>
                       <_SelfContainedWasSpecified></_SelfContainedWasSpecified>
                     </TargetFramework>
                                     IsRidAgnostic=false
                                     TargetFrameworkMonikers=.NETCoreApp,Version=v8.0
                                     TargetFrameworks=net8.0
                                     TargetPlatformMonikers=None (IDTâche:10)
                     Propriété de sortie : _AdditionalPropertiesFromProject=<AdditionalProjectProperties>
                       <TargetFramework Name="net8.0">
                         <SelfContained>false</SelfContained>
                         <_IsExecutable>true</_IsExecutable>
                         <IsRidAgnostic>false</IsRidAgnostic>
                         <ShouldBeValidatedAsExecutableReference></ShouldBeValidatedAsExecutableReference>
                         <_SelfContainedWasSpecified></_SelfContainedWasSpecified>
                       </TargetFramework>
                     </AdditionalProjectProperties> (IDTâche:10)
                   Exécution de la tâche "CombineXmlElements" terminée. (IDTâche:10)
                   Élément(s) ajouté(s) : 
                       _ThisProjectBuildMetadata=
                           C:\Users\Lenovo\Documents\Génie Logiciel\EasySave-Groupe1\EasySave\EasySave.csproj
                                   AdditionalPropertiesFromProject=<AdditionalProjectProperties>
                     <TargetFramework Name="net8.0">
                       <SelfContained>false</SelfContained>
                       <_IsExecutable>true</_IsExecutable>
                       <IsRidAgnostic>false</IsRidAgnostic>
                       <ShouldBeValidatedAsExecutableReference></ShouldBeValidatedAsExecutableReference>
                       <_SelfContainedWasSpecified></_SelfContainedWasSpecified>
                     </TargetFramework>
                   </AdditionalProjectProperties>
                                   HasSingleTargetFramework=true
                                   IsRidAgnostic=false
                                   Platform=AnyCPU
                                   Platforms=AnyCPU
                                   TargetFrameworkMonikers=.NETCoreApp,Version=v8.0
                                   TargetFrameworks=net8.0
                                   TargetPlatformMonikers=None
16:28:51.833     2>Génération de la cible "GetTargetFrameworks" terminée dans le projet "EasySave.csproj". : (IdCible:21)
16:28:51.844     2>Génération du projet "C:\Users\Lenovo\Documents\Génie Logiciel\EasySave-Groupe1\EasySave\EasySave.csproj" terminée (GetTargetFrameworks cible(s)).
16:28:54.277     0>Le « Microsoft.NET.Sdk » SDK a été résolu par le programme de résolution de « DefaultSdkResolver » en « C:\Program Files\dotnet\sdk\10.0.300-preview.0.26177.108\Sdks\Microsoft.NET.Sdk\Sdk » d’emplacement et en version «  ».
                   C:\Program Files\dotnet\sdk\10.0.300-preview.0.26177.108\Sdks\Microsoft.NET.Sdk\Sdk\Sdk.props(49,11): message : Propriété 'MSBuildExtensionsPath' avec la valeur 'C:\Program Files\dotnet\sdk\10.0.300-preview.0.26177.108\' développée à partir de l’environnement.
                   C:\Program Files\dotnet\sdk\10.0.300-preview.0.26177.108\Current\Microsoft.Common.props(60,5): message : Réassignation de propriété : $(MSBuildProjectExtensionsPath)="C:\Users\Lenovo\Documents\Génie Logiciel\EasySave-Groupe1\EasyLog\obj\" (valeur précédente : "obj\") à C:\Program Files\dotnet\sdk\10.0.300-preview.0.26177.108\Current\Microsoft.Common.props (60,5)
                   C:\Users\Lenovo\Documents\Génie Logiciel\EasySave-Groupe1\EasyLog\obj\EasyLog.csproj.nuget.g.props(7,5): message : Propriété 'USERPROFILE' avec la valeur 'C:\Users\Lenovo' développée à partir de l’environnement.
                   C:\Program Files\dotnet\sdk\10.0.300-preview.0.26177.108\Current\Microsoft.Common.props(84,119): message : Propriété 'MSBuildUserExtensionsPath' avec la valeur 'C:\Users\Lenovo\AppData\Local\Microsoft\MSBuild' développée à partir de l’environnement.
                   C:\Program Files\dotnet\sdk\10.0.300-preview.0.26177.108\Sdks\Microsoft.NET.Sdk\targets\Microsoft.NET.Sdk.props(90,5): message : Réassignation de propriété : $(AssemblySearchPaths)="{CandidateAssemblyFiles};{HintPathFromItem}" (valeur précédente : "{CandidateAssemblyFiles}") à C:\Program Files\dotnet\sdk\10.0.300-preview.0.26177.108\Sdks\Microsoft.NET.Sdk\targets\Microsoft.NET.Sdk.props (90,5)
                   C:\Program Files\dotnet\sdk\10.0.300-preview.0.26177.108\Sdks\Microsoft.NET.Sdk\targets\Microsoft.NET.Sdk.props(91,5): message : Réassignation de propriété : $(AssemblySearchPaths)="{CandidateAssemblyFiles};{HintPathFromItem};{TargetFrameworkDirectory}" (valeur précédente : "{CandidateAssemblyFiles};{HintPathFromItem}") à C:\Program Files\dotnet\sdk\10.0.300-preview.0.26177.108\Sdks\Microsoft.NET.Sdk\targets\Microsoft.NET.Sdk.props (91,5)
                   C:\Program Files\dotnet\sdk\10.0.300-preview.0.26177.108\Sdks\Microsoft.NET.Sdk\targets\Microsoft.NET.Sdk.props(92,5): message : Réassignation de propriété : $(AssemblySearchPaths)="{CandidateAssemblyFiles};{HintPathFromItem};{TargetFrameworkDirectory};{RawFileName}" (valeur précédente : "{CandidateAssemblyFiles};{HintPathFromItem};{TargetFrameworkDirectory}") à C:\Program Files\dotnet\sdk\10.0.300-preview.0.26177.108\Sdks\Microsoft.NET.Sdk\targets\Microsoft.NET.Sdk.props (92,5)
16:28:51.697     1>_GetProjectReferenceTargetFrameworkProperties : (IdCible:18)
                     Poursuite de la génération, car "ContinueOnError" dans la tâche "MSBuild" a la valeur "!false". (IDTâche:8)
16:28:54.287     0>Le programme de résolution « DefaultSdkResolver » a tenté de résoudre le SDK « Microsoft.NET.SDK.WorkloadAutoImportPropsLocator ».
Avertissements : null
Erreurs : MSB4276: Le programme de résolution du SDK par défaut n’a pas pu résoudre le SDK «Microsoft.NET.SDK.WorkloadAutoImportPropsLocator», car le répertoire «C:\Program Files\dotnet\sdk\10.0.300-preview.0.26177.108\Sdks\Microsoft.NET.SDK.WorkloadAutoImportPropsLocator\Sdk» n’existait pas.
16:28:54.289     1>Exécution de la tâche "MSBuild" terminée -- ÉCHEC. (IDTâche:8)
16:28:54.293     1>Génération de la cible "_GetProjectReferenceTargetFrameworkProperties" terminée dans le projet "EasySave.Console.csproj" -- ÉCHEC. : (IdCible:18)
16:28:54.298     1>Génération du projet "C:\Users\Lenovo\Documents\Génie Logiciel\EasySave-Groupe1\EasySave.Console\EasySave.Console.csproj" terminée (Compile cible(s)) -- ÉCHEC.
16:28:54.331     0>Le « Microsoft.NET.SDK.WorkloadAutoImportPropsLocator » SDK a été résolu par le programme de résolution de « Microsoft.DotNet.MSBuildWorkloadSdkResolver » en « C:\Program Files\dotnet\packs\Microsoft.Android.Sdk.Windows\36.1.43\Sdk » d’emplacement et en version « null ».
                   C:\Program Files\dotnet\sdk\10.0.300-preview.0.26177.108\Sdks\Microsoft.NET.Sdk\targets\Microsoft.NET.Sdk.ImportPublishProfile.targets(28,5): message : Réassignation de propriété : $(PublishProfileImported)="false" (valeur précédente : "true") à C:\Program Files\dotnet\sdk\10.0.300-preview.0.26177.108\Sdks\Microsoft.NET.Sdk\targets\Microsoft.NET.Sdk.ImportPublishProfile.targets (28,5)
                   C:\Program Files\dotnet\sdk\10.0.300-preview.0.26177.108\Sdks\Microsoft.NET.Sdk\targets\Microsoft.NET.TargetFrameworkInference.targets(81,5): message : Réassignation de propriété : $(TargetPlatformVersion)="" (valeur précédente : "0.0") à C:\Program Files\dotnet\sdk\10.0.300-preview.0.26177.108\Sdks\Microsoft.NET.Sdk\targets\Microsoft.NET.TargetFrameworkInference.targets (81,5)
                   C:\Program Files\dotnet\sdk\10.0.300-preview.0.26177.108\Sdks\Microsoft.NET.Sdk\targets\Microsoft.NET.DefaultOutputPaths.targets(127,5): message : Réassignation de propriété : $(DefaultItemExcludes)=";bin\Debug\/**;obj\Debug\/**" (valeur précédente : ";bin\Debug\/**") à C:\Program Files\dotnet\sdk\10.0.300-preview.0.26177.108\Sdks\Microsoft.NET.Sdk\targets\Microsoft.NET.DefaultOutputPaths.targets (127,5)
                   C:\Program Files\dotnet\sdk\10.0.300-preview.0.26177.108\Sdks\Microsoft.NET.Sdk\targets\Microsoft.NET.DefaultOutputPaths.targets(142,5): message : Réassignation de propriété : $(OutputPath)="bin\Debug\net8.0\" (valeur précédente : "bin\Debug\") à C:\Program Files\dotnet\sdk\10.0.300-preview.0.26177.108\Sdks\Microsoft.NET.Sdk\targets\Microsoft.NET.DefaultOutputPaths.targets (142,5)
                   C:\Program Files\dotnet\sdk\10.0.300-preview.0.26177.108\Sdks\Microsoft.NET.Sdk\targets\Microsoft.NET.DefaultOutputPaths.targets(147,5): message : Réassignation de propriété : $(IntermediateOutputPath)="obj\Debug\net8.0\" (valeur précédente : "obj\Debug\") à C:\Program Files\dotnet\sdk\10.0.300-preview.0.26177.108\Sdks\Microsoft.NET.Sdk\targets\Microsoft.NET.DefaultOutputPaths.targets (147,5)
                   Le programme de résolution « DefaultSdkResolver » a tenté de résoudre le SDK « Microsoft.NET.SDK.WorkloadManifestTargetsLocator ».
                   Avertissements : null
                   Erreurs : MSB4276: Le programme de résolution du SDK par défaut n’a pas pu résoudre le SDK «Microsoft.NET.SDK.WorkloadManifestTargetsLocator», car le répertoire «C:\Program Files\dotnet\sdk\10.0.300-preview.0.26177.108\Sdks\Microsoft.NET.SDK.WorkloadManifestTargetsLocator\Sdk» n’existait pas.
                   Le « Microsoft.NET.SDK.WorkloadManifestTargetsLocator » SDK a été résolu par le programme de résolution de « Microsoft.DotNet.MSBuildWorkloadSdkResolver » en « C:\Program Files\dotnet\sdk-manifests\10.0.100\microsoft.net.sdk.android\36.1.43 » d’emplacement et en version « null ».
                   C:\Program Files\dotnet\sdk\10.0.300-preview.0.26177.108\Sdks\Microsoft.NET.Sdk\targets\Microsoft.NET.Sdk.BeforeCommon.targets(379,5): message : Réassignation de propriété : $(RoslynTargetsPath)="C:\Program Files\dotnet\sdk\10.0.300-preview.0.26177.108\Sdks\Microsoft.NET.Sdk\targets\..\..\..\Roslyn" (valeur précédente : "C:\Program Files\dotnet\sdk\10.0.300-preview.0.26177.108\Roslyn") à C:\Program Files\dotnet\sdk\10.0.300-preview.0.26177.108\Sdks\Microsoft.NET.Sdk\targets\Microsoft.NET.Sdk.BeforeCommon.targets (379,5)
                   C:\Program Files\dotnet\sdk\10.0.300-preview.0.26177.108\Roslyn\Microsoft.Managed.Core.targets(6,5): message : Réassignation de propriété : $(_BuildTasksDirectory)="C:\Program Files\dotnet\sdk\10.0.300-preview.0.26177.108\Sdks\Microsoft.NET.Sdk\targets\..\..\..\Roslyn\" (valeur précédente : "C:\Program Files\dotnet\sdk\10.0.300-preview.0.26177.108\Roslyn\") à C:\Program Files\dotnet\sdk\10.0.300-preview.0.26177.108\Roslyn\Microsoft.Managed.Core.targets (6,5)
                   C:\Program Files\dotnet\sdk\10.0.300-preview.0.26177.108\Roslyn\Microsoft.CSharp.Core.targets(213,5): message : Réassignation de propriété : $(CommandLineArgsForDesignTimeEvaluation)="-langversion:12.0 -define:TRACE" (valeur précédente : "-langversion:12.0") à C:\Program Files\dotnet\sdk\10.0.300-preview.0.26177.108\Roslyn\Microsoft.CSharp.Core.targets (213,5)
                   C:\Program Files\dotnet\sdk\10.0.300-preview.0.26177.108\Microsoft.Common.CurrentVersion.targets(175,5): message : Réassignation de propriété : $(_DebugSymbolsProduced)="true" (valeur précédente : "false") à C:\Program Files\dotnet\sdk\10.0.300-preview.0.26177.108\Microsoft.Common.CurrentVersion.targets (175,5)
                   C:\Program Files\dotnet\sdk\10.0.300-preview.0.26177.108\Microsoft.Common.CurrentVersion.targets(185,5): message : Réassignation de propriété : $(_DocumentationFileProduced)="false" (valeur précédente : "true") à C:\Program Files\dotnet\sdk\10.0.300-preview.0.26177.108\Microsoft.Common.CurrentVersion.targets (185,5)
                   C:\Program Files\dotnet\sdk\10.0.300-preview.0.26177.108\Microsoft.Common.CurrentVersion.targets(393,5): message : Réassignation de propriété : $(MSBuildCopyMarkerName)="EasyLog.csproj.Up2Date" (valeur précédente : "EasyLog.csproj") à C:\Program Files\dotnet\sdk\10.0.300-preview.0.26177.108\Microsoft.Common.CurrentVersion.targets (393,5)
                   C:\Program Files\dotnet\sdk\10.0.300-preview.0.26177.108\Microsoft.Common.CurrentVersion.targets(541,5): message : Réassignation de propriété : $(ProcessorArchitecture)="msil" (valeur précédente : "") à C:\Program Files\dotnet\sdk\10.0.300-preview.0.26177.108\Microsoft.Common.CurrentVersion.targets (541,5)
                   C:\Program Files\dotnet\sdk\10.0.300-preview.0.26177.108\Microsoft.Common.CurrentVersion.targets(580,5): message : Réassignation de propriété : $(DelaySign)="" (valeur précédente : "false") à C:\Program Files\dotnet\sdk\10.0.300-preview.0.26177.108\Microsoft.Common.CurrentVersion.targets (580,5)
                   C:\Program Files\dotnet\sdk\10.0.300-preview.0.26177.108\Microsoft.Common.CurrentVersion.targets(2622,5): message : Propriété 'LOCALAPPDATA' avec la valeur 'C:\Users\Lenovo\AppData\Local' développée à partir de l’environnement.
                   C:\Program Files\dotnet\sdk\10.0.300-preview.0.26177.108\Microsoft.Common.CurrentVersion.targets(3950,5): message : Réassignation de propriété : $(_SGenGenerateSerializationAssembliesConfig)="Auto" (valeur précédente : "") à C:\Program Files\dotnet\sdk\10.0.300-preview.0.26177.108\Microsoft.Common.CurrentVersion.targets (3950,5)
                   C:\Program Files\dotnet\sdk\10.0.300-preview.0.26177.108\Microsoft.Common.CurrentVersion.targets(3951,5): message : Réassignation de propriété : $(_SGenGenerateSerializationAssembliesConfig)="Off" (valeur précédente : "Auto") à C:\Program Files\dotnet\sdk\10.0.300-preview.0.26177.108\Microsoft.Common.CurrentVersion.targets (3951,5)
                   C:\Program Files\dotnet\sdk\10.0.300-preview.0.26177.108\Microsoft.Common.CurrentVersion.targets(5162,5): message : Réassignation de propriété : $(_TargetsThatPrepareProjectReferences)="
                   C:\Program Files\dotnet\sdk\10.0.300-preview.0.26177.108\Microsoft.Common.CurrentVersion.targets(5162,5): message :       AssignProjectConfiguration;
                   C:\Program Files\dotnet\sdk\10.0.300-preview.0.26177.108\Microsoft.Common.CurrentVersion.targets(5162,5): message :       _SplitProjectReferencesByFileExistence
                   C:\Program Files\dotnet\sdk\10.0.300-preview.0.26177.108\Microsoft.Common.CurrentVersion.targets(5162,5): message :     " (valeur précédente : "_SplitProjectReferencesByFileExistence") à C:\Program Files\dotnet\sdk\10.0.300-preview.0.26177.108\Microsoft.Common.CurrentVersion.targets (5162,5)
                   C:\Program Files\dotnet\sdk\10.0.300-preview.0.26177.108\Microsoft.Common.CurrentVersion.targets(6975,5): message : Propriété 'MSBuildExtensionsPath32' avec la valeur 'C:\Program Files\dotnet\sdk\10.0.300-preview.0.26177.108' développée à partir de l’environnement.
                   C:\Program Files\dotnet\sdk\10.0.300-preview.0.26177.108\Sdks\Microsoft.NET.Sdk\targets\Microsoft.PackageDependencyResolution.targets(29,5): message : Réassignation de propriété : $(ProjectAssetsCacheFile)="C:\Users\Lenovo\Documents\Génie Logiciel\EasySave-Groupe1\EasyLog\obj\Debug\net8.0\EasyLog.assets.cache" (valeur précédente : "obj\Debug\net8.0\EasyLog.assets.cache") à C:\Program Files\dotnet\sdk\10.0.300-preview.0.26177.108\Sdks\Microsoft.NET.Sdk\targets\Microsoft.PackageDependencyResolution.targets (29,5)
                   C:\Program Files\dotnet\sdk\10.0.300-preview.0.26177.108\Sdks\Microsoft.NET.Sdk\targets\Microsoft.PackageDependencyResolution.targets(80,5): message : Réassignation de propriété : $(ResolveAssemblyReferencesDependsOn)="
                   C:\Program Files\dotnet\sdk\10.0.300-preview.0.26177.108\Sdks\Microsoft.NET.Sdk\targets\Microsoft.PackageDependencyResolution.targets(80,5): message :       
                   C:\Program Files\dotnet\sdk\10.0.300-preview.0.26177.108\Sdks\Microsoft.NET.Sdk\targets\Microsoft.PackageDependencyResolution.targets(80,5): message :       ResolveProjectReferences;
                   C:\Program Files\dotnet\sdk\10.0.300-preview.0.26177.108\Sdks\Microsoft.NET.Sdk\targets\Microsoft.PackageDependencyResolution.targets(80,5): message :       FindInvalidProjectReferences;
                   C:\Program Files\dotnet\sdk\10.0.300-preview.0.26177.108\Sdks\Microsoft.NET.Sdk\targets\Microsoft.PackageDependencyResolution.targets(80,5): message :       GetFrameworkPaths;
                   C:\Program Files\dotnet\sdk\10.0.300-preview.0.26177.108\Sdks\Microsoft.NET.Sdk\targets\Microsoft.PackageDependencyResolution.targets(80,5): message :       GetReferenceAssemblyPaths;
                   C:\Program Files\dotnet\sdk\10.0.300-preview.0.26177.108\Sdks\Microsoft.NET.Sdk\targets\Microsoft.PackageDependencyResolution.targets(80,5): message :       PrepareForBuild;
                   C:\Program Files\dotnet\sdk\10.0.300-preview.0.26177.108\Sdks\Microsoft.NET.Sdk\targets\Microsoft.PackageDependencyResolution.targets(80,5): message :       ResolveSDKReferences;
                   C:\Program Files\dotnet\sdk\10.0.300-preview.0.26177.108\Sdks\Microsoft.NET.Sdk\targets\Microsoft.PackageDependencyResolution.targets(80,5): message :       ExpandSDKReferences;
                   C:\Program Files\dotnet\sdk\10.0.300-preview.0.26177.108\Sdks\Microsoft.NET.Sdk\targets\Microsoft.PackageDependencyResolution.targets(80,5): message :     ;
                   C:\Program Files\dotnet\sdk\10.0.300-preview.0.26177.108\Sdks\Microsoft.NET.Sdk\targets\Microsoft.PackageDependencyResolution.targets(80,5): message :       ResolvePackageDependenciesForBuild;
                   C:\Program Files\dotnet\sdk\10.0.300-preview.0.26177.108\Sdks\Microsoft.NET.Sdk\targets\Microsoft.PackageDependencyResolution.targets(80,5): message :       _HandlePackageFileConflicts;
                   C:\Program Files\dotnet\sdk\10.0.300-preview.0.26177.108\Sdks\Microsoft.NET.Sdk\targets\Microsoft.PackageDependencyResolution.targets(80,5): message :     " (valeur précédente : "
                   C:\Program Files\dotnet\sdk\10.0.300-preview.0.26177.108\Sdks\Microsoft.NET.Sdk\targets\Microsoft.PackageDependencyResolution.targets(80,5): message :       ResolveProjectReferences;
                   C:\Program Files\dotnet\sdk\10.0.300-preview.0.26177.108\Sdks\Microsoft.NET.Sdk\targets\Microsoft.PackageDependencyResolution.targets(80,5): message :       FindInvalidProjectReferences;
                   C:\Program Files\dotnet\sdk\10.0.300-preview.0.26177.108\Sdks\Microsoft.NET.Sdk\targets\Microsoft.PackageDependencyResolution.targets(80,5): message :       GetFrameworkPaths;
                   C:\Program Files\dotnet\sdk\10.0.300-preview.0.26177.108\Sdks\Microsoft.NET.Sdk\targets\Microsoft.PackageDependencyResolution.targets(80,5): message :       GetReferenceAssemblyPaths;
                   C:\Program Files\dotnet\sdk\10.0.300-preview.0.26177.108\Sdks\Microsoft.NET.Sdk\targets\Microsoft.PackageDependencyResolution.targets(80,5): message :       PrepareForBuild;
                   C:\Program Files\dotnet\sdk\10.0.300-preview.0.26177.108\Sdks\Microsoft.NET.Sdk\targets\Microsoft.PackageDependencyResolution.targets(80,5): message :       ResolveSDKReferences;
                   C:\Program Files\dotnet\sdk\10.0.300-preview.0.26177.108\Sdks\Microsoft.NET.Sdk\targets\Microsoft.PackageDependencyResolution.targets(80,5): message :       ExpandSDKReferences;
                   C:\Program Files\dotnet\sdk\10.0.300-preview.0.26177.108\Sdks\Microsoft.NET.Sdk\targets\Microsoft.PackageDependencyResolution.targets(80,5): message :     ") à C:\Program Files\dotnet\sdk\10.0.300-preview.0.26177.108\Sdks\Microsoft.NET.Sdk\targets\Microsoft.PackageDependencyResolution.targets (80,5)
                   C:\Program Files\dotnet\sdk\10.0.300-preview.0.26177.108\Sdks\Microsoft.NET.Sdk\targets\Microsoft.PackageDependencyResolution.targets(86,5): message : Réassignation de propriété : $(PrepareResourcesDependsOn)="
                   C:\Program Files\dotnet\sdk\10.0.300-preview.0.26177.108\Sdks\Microsoft.NET.Sdk\targets\Microsoft.PackageDependencyResolution.targets(86,5): message :       ResolvePackageDependenciesForBuild;
                   C:\Program Files\dotnet\sdk\10.0.300-preview.0.26177.108\Sdks\Microsoft.NET.Sdk\targets\Microsoft.PackageDependencyResolution.targets(86,5): message :       _HandlePackageFileConflicts;
                   C:\Program Files\dotnet\sdk\10.0.300-preview.0.26177.108\Sdks\Microsoft.NET.Sdk\targets\Microsoft.PackageDependencyResolution.targets(86,5): message :       
                   C:\Program Files\dotnet\sdk\10.0.300-preview.0.26177.108\Sdks\Microsoft.NET.Sdk\targets\Microsoft.PackageDependencyResolution.targets(86,5): message :       ;
                   C:\Program Files\dotnet\sdk\10.0.300-preview.0.26177.108\Sdks\Microsoft.NET.Sdk\targets\Microsoft.PackageDependencyResolution.targets(86,5): message :       PrepareResourceNames;
                   C:\Program Files\dotnet\sdk\10.0.300-preview.0.26177.108\Sdks\Microsoft.NET.Sdk\targets\Microsoft.PackageDependencyResolution.targets(86,5): message :       ResGen;
                   C:\Program Files\dotnet\sdk\10.0.300-preview.0.26177.108\Sdks\Microsoft.NET.Sdk\targets\Microsoft.PackageDependencyResolution.targets(86,5): message :       CompileLicxFiles
                   C:\Program Files\dotnet\sdk\10.0.300-preview.0.26177.108\Sdks\Microsoft.NET.Sdk\targets\Microsoft.PackageDependencyResolution.targets(86,5): message :     
                   C:\Program Files\dotnet\sdk\10.0.300-preview.0.26177.108\Sdks\Microsoft.NET.Sdk\targets\Microsoft.PackageDependencyResolution.targets(86,5): message :     " (valeur précédente : "
                   C:\Program Files\dotnet\sdk\10.0.300-preview.0.26177.108\Sdks\Microsoft.NET.Sdk\targets\Microsoft.PackageDependencyResolution.targets(86,5): message :       ;
                   C:\Program Files\dotnet\sdk\10.0.300-preview.0.26177.108\Sdks\Microsoft.NET.Sdk\targets\Microsoft.PackageDependencyResolution.targets(86,5): message :       PrepareResourceNames;
                   C:\Program Files\dotnet\sdk\10.0.300-preview.0.26177.108\Sdks\Microsoft.NET.Sdk\targets\Microsoft.PackageDependencyResolution.targets(86,5): message :       ResGen;
                   C:\Program Files\dotnet\sdk\10.0.300-preview.0.26177.108\Sdks\Microsoft.NET.Sdk\targets\Microsoft.PackageDependencyResolution.targets(86,5): message :       CompileLicxFiles
                   C:\Program Files\dotnet\sdk\10.0.300-preview.0.26177.108\Sdks\Microsoft.NET.Sdk\targets\Microsoft.PackageDependencyResolution.targets(86,5): message :     ") à C:\Program Files\dotnet\sdk\10.0.300-preview.0.26177.108\Sdks\Microsoft.NET.Sdk\targets\Microsoft.PackageDependencyResolution.targets (86,5)
                   C:\Program Files\dotnet\sdk\10.0.300-preview.0.26177.108\Sdks\Microsoft.NET.Sdk\targets\Microsoft.NET.Sdk.DefaultItems.targets(35,5): message : Réassignation de propriété : $(DefaultItemExcludes)=";bin\Debug\/**;obj\Debug\/**;bin\/**" (valeur précédente : ";bin\Debug\/**;obj\Debug\/**") à C:\Program Files\dotnet\sdk\10.0.300-preview.0.26177.108\Sdks\Microsoft.NET.Sdk\targets\Microsoft.NET.Sdk.DefaultItems.targets (35,5)
                   C:\Program Files\dotnet\sdk\10.0.300-preview.0.26177.108\Sdks\Microsoft.NET.Sdk\targets\Microsoft.NET.Sdk.DefaultItems.targets(37,5): message : Réassignation de propriété : $(DefaultItemExcludes)=";bin\Debug\/**;obj\Debug\/**;bin\/**;obj\/**" (valeur précédente : ";bin\Debug\/**;obj\Debug\/**;bin\/**") à C:\Program Files\dotnet\sdk\10.0.300-preview.0.26177.108\Sdks\Microsoft.NET.Sdk\targets\Microsoft.NET.Sdk.DefaultItems.targets (37,5)
                   C:\Program Files\dotnet\sdk\10.0.300-preview.0.26177.108\Sdks\Microsoft.NET.Sdk\targets\Microsoft.NET.Sdk.DefaultItems.targets(41,5): message : Réassignation de propriété : $(DefaultItemExcludes)=";bin\Debug\/**;obj\Debug\/**;bin\/**;obj\/**;bin\Debug\net8.0\publish\/**" (valeur précédente : ";bin\Debug\/**;obj\Debug\/**;bin\/**;obj\/**") à C:\Program Files\dotnet\sdk\10.0.300-preview.0.26177.108\Sdks\Microsoft.NET.Sdk\targets\Microsoft.NET.Sdk.DefaultItems.targets (41,5)
                   C:\Program Files\dotnet\sdk\10.0.300-preview.0.26177.108\Sdks\Microsoft.NET.Sdk\targets\Microsoft.NET.Sdk.DefaultItems.targets(44,5): message : Réassignation de propriété : $(DefaultItemExcludes)=";bin\Debug\/**;obj\Debug\/**;bin\/**;obj\/**;bin\Debug\net8.0\publish\/**;**/*.user" (valeur précédente : ";bin\Debug\/**;obj\Debug\/**;bin\/**;obj\/**;bin\Debug\net8.0\publish\/**") à C:\Program Files\dotnet\sdk\10.0.300-preview.0.26177.108\Sdks\Microsoft.NET.Sdk\targets\Microsoft.NET.Sdk.DefaultItems.targets (44,5)
                   C:\Program Files\dotnet\sdk\10.0.300-preview.0.26177.108\Sdks\Microsoft.NET.Sdk\targets\Microsoft.NET.Sdk.DefaultItems.targets(45,5): message : Réassignation de propriété : $(DefaultItemExcludes)=";bin\Debug\/**;obj\Debug\/**;bin\/**;obj\/**;bin\Debug\net8.0\publish\/**;**/*.user;**/*.*proj" (valeur précédente : ";bin\Debug\/**;obj\Debug\/**;bin\/**;obj\/**;bin\Debug\net8.0\publish\/**;**/*.user") à C:\Program Files\dotnet\sdk\10.0.300-preview.0.26177.108\Sdks\Microsoft.NET.Sdk\targets\Microsoft.NET.Sdk.DefaultItems.targets (45,5)
                   C:\Program Files\dotnet\sdk\10.0.300-preview.0.26177.108\Sdks\Microsoft.NET.Sdk\targets\Microsoft.NET.Sdk.DefaultItems.targets(46,5): message : Réassignation de propriété : $(DefaultItemExcludes)=";bin\Debug\/**;obj\Debug\/**;bin\/**;obj\/**;bin\Debug\net8.0\publish\/**;**/*.user;**/*.*proj;**/*.sln" (valeur précédente : ";bin\Debug\/**;obj\Debug\/**;bin\/**;obj\/**;bin\Debug\net8.0\publish\/**;**/*.user;**/*.*proj") à C:\Program Files\dotnet\sdk\10.0.300-preview.0.26177.108\Sdks\Microsoft.NET.Sdk\targets\Microsoft.NET.Sdk.DefaultItems.targets (46,5)
                   C:\Program Files\dotnet\sdk\10.0.300-preview.0.26177.108\Sdks\Microsoft.NET.Sdk\targets\Microsoft.NET.Sdk.DefaultItems.targets(47,5): message : Réassignation de propriété : $(DefaultItemExcludes)=";bin\Debug\/**;obj\Debug\/**;bin\/**;obj\/**;bin\Debug\net8.0\publish\/**;**/*.user;**/*.*proj;**/*.sln;**/*.slnx" (valeur précédente : ";bin\Debug\/**;obj\Debug\/**;bin\/**;obj\/**;bin\Debug\net8.0\publish\/**;**/*.user;**/*.*proj;**/*.sln") à C:\Program Files\dotnet\sdk\10.0.300-preview.0.26177.108\Sdks\Microsoft.NET.Sdk\targets\Microsoft.NET.Sdk.DefaultItems.targets (47,5)
                   C:\Program Files\dotnet\sdk\10.0.300-preview.0.26177.108\Sdks\Microsoft.NET.Sdk\targets\Microsoft.NET.Sdk.DefaultItems.targets(48,5): message : Réassignation de propriété : $(DefaultItemExcludes)=";bin\Debug\/**;obj\Debug\/**;bin\/**;obj\/**;bin\Debug\net8.0\publish\/**;**/*.user;**/*.*proj;**/*.sln;**/*.slnx;**/*.vssscc" (valeur précédente : ";bin\Debug\/**;obj\Debug\/**;bin\/**;obj\/**;bin\Debug\net8.0\publish\/**;**/*.user;**/*.*proj;**/*.sln;**/*.slnx") à C:\Program Files\dotnet\sdk\10.0.300-preview.0.26177.108\Sdks\Microsoft.NET.Sdk\targets\Microsoft.NET.Sdk.DefaultItems.targets (48,5)
                   C:\Program Files\dotnet\sdk\10.0.300-preview.0.26177.108\Sdks\Microsoft.NET.Sdk\targets\Microsoft.NET.Sdk.DefaultItems.targets(49,5): message : Réassignation de propriété : $(DefaultItemExcludes)=";bin\Debug\/**;obj\Debug\/**;bin\/**;obj\/**;bin\Debug\net8.0\publish\/**;**/*.user;**/*.*proj;**/*.sln;**/*.slnx;**/*.vssscc;**/.DS_Store" (valeur précédente : ";bin\Debug\/**;obj\Debug\/**;bin\/**;obj\/**;bin\Debug\net8.0\publish\/**;**/*.user;**/*.*proj;**/*.sln;**/*.slnx;**/*.vssscc") à C:\Program Files\dotnet\sdk\10.0.300-preview.0.26177.108\Sdks\Microsoft.NET.Sdk\targets\Microsoft.NET.Sdk.DefaultItems.targets (49,5)
                   C:\Program Files\dotnet\sdk\10.0.300-preview.0.26177.108\Sdks\Microsoft.NET.Sdk\targets\Microsoft.NET.Sdk.FrameworkReferenceResolution.targets(14,5): message : Réassignation de propriété : $(ResolveAssemblyReferencesDependsOn)="
                   C:\Program Files\dotnet\sdk\10.0.300-preview.0.26177.108\Sdks\Microsoft.NET.Sdk\targets\Microsoft.NET.Sdk.FrameworkReferenceResolution.targets(14,5): message :       
                   C:\Program Files\dotnet\sdk\10.0.300-preview.0.26177.108\Sdks\Microsoft.NET.Sdk\targets\Microsoft.NET.Sdk.FrameworkReferenceResolution.targets(14,5): message :       
                   C:\Program Files\dotnet\sdk\10.0.300-preview.0.26177.108\Sdks\Microsoft.NET.Sdk\targets\Microsoft.NET.Sdk.FrameworkReferenceResolution.targets(14,5): message :       ResolveProjectReferences;
                   C:\Program Files\dotnet\sdk\10.0.300-preview.0.26177.108\Sdks\Microsoft.NET.Sdk\targets\Microsoft.NET.Sdk.FrameworkReferenceResolution.targets(14,5): message :       FindInvalidProjectReferences;
                   C:\Program Files\dotnet\sdk\10.0.300-preview.0.26177.108\Sdks\Microsoft.NET.Sdk\targets\Microsoft.NET.Sdk.FrameworkReferenceResolution.targets(14,5): message :       GetFrameworkPaths;
                   C:\Program Files\dotnet\sdk\10.0.300-preview.0.26177.108\Sdks\Microsoft.NET.Sdk\targets\Microsoft.NET.Sdk.FrameworkReferenceResolution.targets(14,5): message :       GetReferenceAssemblyPaths;
                   C:\Program Files\dotnet\sdk\10.0.300-preview.0.26177.108\Sdks\Microsoft.NET.Sdk\targets\Microsoft.NET.Sdk.FrameworkReferenceResolution.targets(14,5): message :       PrepareForBuild;
                   C:\Program Files\dotnet\sdk\10.0.300-preview.0.26177.108\Sdks\Microsoft.NET.Sdk\targets\Microsoft.NET.Sdk.FrameworkReferenceResolution.targets(14,5): message :       ResolveSDKReferences;
                   C:\Program Files\dotnet\sdk\10.0.300-preview.0.26177.108\Sdks\Microsoft.NET.Sdk\targets\Microsoft.NET.Sdk.FrameworkReferenceResolution.targets(14,5): message :       ExpandSDKReferences;
                   C:\Program Files\dotnet\sdk\10.0.300-preview.0.26177.108\Sdks\Microsoft.NET.Sdk\targets\Microsoft.NET.Sdk.FrameworkReferenceResolution.targets(14,5): message :     ;
                   C:\Program Files\dotnet\sdk\10.0.300-preview.0.26177.108\Sdks\Microsoft.NET.Sdk\targets\Microsoft.NET.Sdk.FrameworkReferenceResolution.targets(14,5): message :       ResolvePackageDependenciesForBuild;
                   C:\Program Files\dotnet\sdk\10.0.300-preview.0.26177.108\Sdks\Microsoft.NET.Sdk\targets\Microsoft.NET.Sdk.FrameworkReferenceResolution.targets(14,5): message :       _HandlePackageFileConflicts;
                   C:\Program Files\dotnet\sdk\10.0.300-preview.0.26177.108\Sdks\Microsoft.NET.Sdk\targets\Microsoft.NET.Sdk.FrameworkReferenceResolution.targets(14,5): message :     ;
                   C:\Program Files\dotnet\sdk\10.0.300-preview.0.26177.108\Sdks\Microsoft.NET.Sdk\targets\Microsoft.NET.Sdk.FrameworkReferenceResolution.targets(14,5): message :       ResolveTargetingPackAssets;
                   C:\Program Files\dotnet\sdk\10.0.300-preview.0.26177.108\Sdks\Microsoft.NET.Sdk\targets\Microsoft.NET.Sdk.FrameworkReferenceResolution.targets(14,5): message :     " (valeur précédente : "
                   C:\Program Files\dotnet\sdk\10.0.300-preview.0.26177.108\Sdks\Microsoft.NET.Sdk\targets\Microsoft.NET.Sdk.FrameworkReferenceResolution.targets(14,5): message :       
                   C:\Program Files\dotnet\sdk\10.0.300-preview.0.26177.108\Sdks\Microsoft.NET.Sdk\targets\Microsoft.NET.Sdk.FrameworkReferenceResolution.targets(14,5): message :       ResolveProjectReferences;
                   C:\Program Files\dotnet\sdk\10.0.300-preview.0.26177.108\Sdks\Microsoft.NET.Sdk\targets\Microsoft.NET.Sdk.FrameworkReferenceResolution.targets(14,5): message :       FindInvalidProjectReferences;
                   C:\Program Files\dotnet\sdk\10.0.300-preview.0.26177.108\Sdks\Microsoft.NET.Sdk\targets\Microsoft.NET.Sdk.FrameworkReferenceResolution.targets(14,5): message :       GetFrameworkPaths;
                   C:\Program Files\dotnet\sdk\10.0.300-preview.0.26177.108\Sdks\Microsoft.NET.Sdk\targets\Microsoft.NET.Sdk.FrameworkReferenceResolution.targets(14,5): message :       GetReferenceAssemblyPaths;
                   C:\Program Files\dotnet\sdk\10.0.300-preview.0.26177.108\Sdks\Microsoft.NET.Sdk\targets\Microsoft.NET.Sdk.FrameworkReferenceResolution.targets(14,5): message :       PrepareForBuild;
                   C:\Program Files\dotnet\sdk\10.0.300-preview.0.26177.108\Sdks\Microsoft.NET.Sdk\targets\Microsoft.NET.Sdk.FrameworkReferenceResolution.targets(14,5): message :       ResolveSDKReferences;
                   C:\Program Files\dotnet\sdk\10.0.300-preview.0.26177.108\Sdks\Microsoft.NET.Sdk\targets\Microsoft.NET.Sdk.FrameworkReferenceResolution.targets(14,5): message :       ExpandSDKReferences;
                   C:\Program Files\dotnet\sdk\10.0.300-preview.0.26177.108\Sdks\Microsoft.NET.Sdk\targets\Microsoft.NET.Sdk.FrameworkReferenceResolution.targets(14,5): message :     ;
                   C:\Program Files\dotnet\sdk\10.0.300-preview.0.26177.108\Sdks\Microsoft.NET.Sdk\targets\Microsoft.NET.Sdk.FrameworkReferenceResolution.targets(14,5): message :       ResolvePackageDependenciesForBuild;
                   C:\Program Files\dotnet\sdk\10.0.300-preview.0.26177.108\Sdks\Microsoft.NET.Sdk\targets\Microsoft.NET.Sdk.FrameworkReferenceResolution.targets(14,5): message :       _HandlePackageFileConflicts;
                   C:\Program Files\dotnet\sdk\10.0.300-preview.0.26177.108\Sdks\Microsoft.NET.Sdk\targets\Microsoft.NET.Sdk.FrameworkReferenceResolution.targets(14,5): message :     ") à C:\Program Files\dotnet\sdk\10.0.300-preview.0.26177.108\Sdks\Microsoft.NET.Sdk\targets\Microsoft.NET.Sdk.FrameworkReferenceResolution.targets (14,5)
                   C:\Program Files\dotnet\sdk\10.0.300-preview.0.26177.108\Sdks\Microsoft.NET.Sdk\targets\Microsoft.NET.Sdk.targets(44,5): message : Réassignation de propriété : $(_GenerateRuntimeConfigurationPropertyInputsCache)="C:\Users\Lenovo\Documents\Génie Logiciel\EasySave-Groupe1\EasyLog\obj\Debug\net8.0\EasyLog.genruntimeconfig.cache" (valeur précédente : "obj\Debug\net8.0\EasyLog.genruntimeconfig.cache") à C:\Program Files\dotnet\sdk\10.0.300-preview.0.26177.108\Sdks\Microsoft.NET.Sdk\targets\Microsoft.NET.Sdk.targets (44,5)
                   C:\Program Files\dotnet\sdk\10.0.300-preview.0.26177.108\Sdks\Microsoft.NET.Sdk\targets\Microsoft.NET.Sdk.targets(46,5): message : Réassignation de propriété : $(_GeneratePublishDependencyFilePropertyInputsCache)="C:\Users\Lenovo\Documents\Génie Logiciel\EasySave-Groupe1\EasyLog\obj\Debug\net8.0\EasyLog.genpublishdeps.cache" (valeur précédente : "obj\Debug\net8.0\EasyLog.genpublishdeps.cache") à C:\Program Files\dotnet\sdk\10.0.300-preview.0.26177.108\Sdks\Microsoft.NET.Sdk\targets\Microsoft.NET.Sdk.targets (46,5)
                   C:\Program Files\dotnet\sdk\10.0.300-preview.0.26177.108\Sdks\Microsoft.NET.Sdk\targets\Microsoft.NET.Sdk.targets(48,5): message : Réassignation de propriété : $(_GenerateSingleFileBundlePropertyInputsCache)="C:\Users\Lenovo\Documents\Génie Logiciel\EasySave-Groupe1\EasyLog\obj\Debug\net8.0\EasyLog.genbundle.cache" (valeur précédente : "obj\Debug\net8.0\EasyLog.genbundle.cache") à C:\Program Files\dotnet\sdk\10.0.300-preview.0.26177.108\Sdks\Microsoft.NET.Sdk\targets\Microsoft.NET.Sdk.targets (48,5)
                   C:\Program Files\dotnet\sdk\10.0.300-preview.0.26177.108\Sdks\Microsoft.NET.Sdk\targets\Microsoft.NET.Sdk.targets(81,5): message : Réassignation de propriété : $(GenerateRuntimeConfigDevFile)="false" (valeur précédente : "true") à C:\Program Files\dotnet\sdk\10.0.300-preview.0.26177.108\Sdks\Microsoft.NET.Sdk\targets\Microsoft.NET.Sdk.targets (81,5)
                   C:\Program Files\dotnet\sdk\10.0.300-preview.0.26177.108\Sdks\Microsoft.NET.Sdk\targets\Microsoft.NET.Sdk.targets(98,5): message : Réassignation de propriété : $(_DefaultUserProfileRuntimeStorePath)="C:\Users\Lenovo" (valeur précédente : "") à C:\Program Files\dotnet\sdk\10.0.300-preview.0.26177.108\Sdks\Microsoft.NET.Sdk\targets\Microsoft.NET.Sdk.targets (98,5)
                   C:\Program Files\dotnet\sdk\10.0.300-preview.0.26177.108\Sdks\Microsoft.NET.Sdk\targets\Microsoft.NET.Sdk.targets(99,5): message : Réassignation de propriété : $(_DefaultUserProfileRuntimeStorePath)="C:\Users\Lenovo\.dotnet\store" (valeur précédente : "C:\Users\Lenovo") à C:\Program Files\dotnet\sdk\10.0.300-preview.0.26177.108\Sdks\Microsoft.NET.Sdk\targets\Microsoft.NET.Sdk.targets (99,5)
                   C:\Program Files\dotnet\sdk\10.0.300-preview.0.26177.108\Sdks\Microsoft.NET.Sdk\targets\Microsoft.NET.Sdk.targets(144,5): message : Réassignation de propriété : $(AvailablePlatforms)="Any CPU,x86,x64,ARM32" (valeur précédente : "Any CPU,x86,x64") à C:\Program Files\dotnet\sdk\10.0.300-preview.0.26177.108\Sdks\Microsoft.NET.Sdk\targets\Microsoft.NET.Sdk.targets (144,5)
                   C:\Program Files\dotnet\sdk\10.0.300-preview.0.26177.108\Sdks\Microsoft.NET.Sdk\targets\Microsoft.NET.Sdk.targets(148,5): message : Réassignation de propriété : $(AvailablePlatforms)="Any CPU,x86,x64,ARM32,ARM64" (valeur précédente : "Any CPU,x86,x64,ARM32") à C:\Program Files\dotnet\sdk\10.0.300-preview.0.26177.108\Sdks\Microsoft.NET.Sdk\targets\Microsoft.NET.Sdk.targets (148,5)
                   C:\Program Files\dotnet\sdk\10.0.300-preview.0.26177.108\Sdks\Microsoft.NET.Sdk\targets\Microsoft.NET.Sdk.targets(204,5): message : Réassignation de propriété : $(CoreBuildDependsOn)="
                   C:\Program Files\dotnet\sdk\10.0.300-preview.0.26177.108\Sdks\Microsoft.NET.Sdk\targets\Microsoft.NET.Sdk.targets(204,5): message :       _CheckForBuildWithNoBuild;
                   C:\Program Files\dotnet\sdk\10.0.300-preview.0.26177.108\Sdks\Microsoft.NET.Sdk\targets\Microsoft.NET.Sdk.targets(204,5): message :       
                   C:\Program Files\dotnet\sdk\10.0.300-preview.0.26177.108\Sdks\Microsoft.NET.Sdk\targets\Microsoft.NET.Sdk.targets(204,5): message :       BuildOnlySettings;
                   C:\Program Files\dotnet\sdk\10.0.300-preview.0.26177.108\Sdks\Microsoft.NET.Sdk\targets\Microsoft.NET.Sdk.targets(204,5): message :       PrepareForBuild;
                   C:\Program Files\dotnet\sdk\10.0.300-preview.0.26177.108\Sdks\Microsoft.NET.Sdk\targets\Microsoft.NET.Sdk.targets(204,5): message :       PreBuildEvent;
                   C:\Program Files\dotnet\sdk\10.0.300-preview.0.26177.108\Sdks\Microsoft.NET.Sdk\targets\Microsoft.NET.Sdk.targets(204,5): message :       ResolveReferences;
                   C:\Program Files\dotnet\sdk\10.0.300-preview.0.26177.108\Sdks\Microsoft.NET.Sdk\targets\Microsoft.NET.Sdk.targets(204,5): message :       PrepareResources;
                   C:\Program Files\dotnet\sdk\10.0.300-preview.0.26177.108\Sdks\Microsoft.NET.Sdk\targets\Microsoft.NET.Sdk.targets(204,5): message :       ResolveKeySource;
                   C:\Program Files\dotnet\sdk\10.0.300-preview.0.26177.108\Sdks\Microsoft.NET.Sdk\targets\Microsoft.NET.Sdk.targets(204,5): message :       Compile;
                   C:\Program Files\dotnet\sdk\10.0.300-preview.0.26177.108\Sdks\Microsoft.NET.Sdk\targets\Microsoft.NET.Sdk.targets(204,5): message :       ExportWindowsMDFile;
                   C:\Program Files\dotnet\sdk\10.0.300-preview.0.26177.108\Sdks\Microsoft.NET.Sdk\targets\Microsoft.NET.Sdk.targets(204,5): message :       UnmanagedUnregistration;
                   C:\Program Files\dotnet\sdk\10.0.300-preview.0.26177.108\Sdks\Microsoft.NET.Sdk\targets\Microsoft.NET.Sdk.targets(204,5): message :       GenerateSerializationAssemblies;
                   C:\Program Files\dotnet\sdk\10.0.300-preview.0.26177.108\Sdks\Microsoft.NET.Sdk\targets\Microsoft.NET.Sdk.targets(204,5): message :       CreateSatelliteAssemblies;
                   C:\Program Files\dotnet\sdk\10.0.300-preview.0.26177.108\Sdks\Microsoft.NET.Sdk\targets\Microsoft.NET.Sdk.targets(204,5): message :       GenerateManifests;
                   C:\Program Files\dotnet\sdk\10.0.300-preview.0.26177.108\Sdks\Microsoft.NET.Sdk\targets\Microsoft.NET.Sdk.targets(204,5): message :       GetTargetPath;
                   C:\Program Files\dotnet\sdk\10.0.300-preview.0.26177.108\Sdks\Microsoft.NET.Sdk\targets\Microsoft.NET.Sdk.targets(204,5): message :       PrepareForRun;
                   C:\Program Files\dotnet\sdk\10.0.300-preview.0.26177.108\Sdks\Microsoft.NET.Sdk\targets\Microsoft.NET.Sdk.targets(204,5): message :       UnmanagedRegistration;
                   C:\Program Files\dotnet\sdk\10.0.300-preview.0.26177.108\Sdks\Microsoft.NET.Sdk\targets\Microsoft.NET.Sdk.targets(204,5): message :       IncrementalClean;
                   C:\Program Files\dotnet\sdk\10.0.300-preview.0.26177.108\Sdks\Microsoft.NET.Sdk\targets\Microsoft.NET.Sdk.targets(204,5): message :       PostBuildEvent
                   C:\Program Files\dotnet\sdk\10.0.300-preview.0.26177.108\Sdks\Microsoft.NET.Sdk\targets\Microsoft.NET.Sdk.targets(204,5): message :     ;
                   C:\Program Files\dotnet\sdk\10.0.300-preview.0.26177.108\Sdks\Microsoft.NET.Sdk\targets\Microsoft.NET.Sdk.targets(204,5): message :       GenerateBuildDependencyFile;
                   C:\Program Files\dotnet\sdk\10.0.300-preview.0.26177.108\Sdks\Microsoft.NET.Sdk\targets\Microsoft.NET.Sdk.targets(204,5): message :       GenerateBuildRuntimeConfigurationFiles
                   C:\Program Files\dotnet\sdk\10.0.300-preview.0.26177.108\Sdks\Microsoft.NET.Sdk\targets\Microsoft.NET.Sdk.targets(204,5): message :     " (valeur précédente : "
                   C:\Program Files\dotnet\sdk\10.0.300-preview.0.26177.108\Sdks\Microsoft.NET.Sdk\targets\Microsoft.NET.Sdk.targets(204,5): message :       BuildOnlySettings;
                   C:\Program Files\dotnet\sdk\10.0.300-preview.0.26177.108\Sdks\Microsoft.NET.Sdk\targets\Microsoft.NET.Sdk.targets(204,5): message :       PrepareForBuild;
                   C:\Program Files\dotnet\sdk\10.0.300-preview.0.26177.108\Sdks\Microsoft.NET.Sdk\targets\Microsoft.NET.Sdk.targets(204,5): message :       PreBuildEvent;
                   C:\Program Files\dotnet\sdk\10.0.300-preview.0.26177.108\Sdks\Microsoft.NET.Sdk\targets\Microsoft.NET.Sdk.targets(204,5): message :       ResolveReferences;
                   C:\Program Files\dotnet\sdk\10.0.300-preview.0.26177.108\Sdks\Microsoft.NET.Sdk\targets\Microsoft.NET.Sdk.targets(204,5): message :       PrepareResources;
                   C:\Program Files\dotnet\sdk\10.0.300-preview.0.26177.108\Sdks\Microsoft.NET.Sdk\targets\Microsoft.NET.Sdk.targets(204,5): message :       ResolveKeySource;
                   C:\Program Files\dotnet\sdk\10.0.300-preview.0.26177.108\Sdks\Microsoft.NET.Sdk\targets\Microsoft.NET.Sdk.targets(204,5): message :       Compile;
                   C:\Program Files\dotnet\sdk\10.0.300-preview.0.26177.108\Sdks\Microsoft.NET.Sdk\targets\Microsoft.NET.Sdk.targets(204,5): message :       ExportWindowsMDFile;
                   C:\Program Files\dotnet\sdk\10.0.300-preview.0.26177.108\Sdks\Microsoft.NET.Sdk\targets\Microsoft.NET.Sdk.targets(204,5): message :       UnmanagedUnregistration;
                   C:\Program Files\dotnet\sdk\10.0.300-preview.0.26177.108\Sdks\Microsoft.NET.Sdk\targets\Microsoft.NET.Sdk.targets(204,5): message :       GenerateSerializationAssemblies;
                   C:\Program Files\dotnet\sdk\10.0.300-preview.0.26177.108\Sdks\Microsoft.NET.Sdk\targets\Microsoft.NET.Sdk.targets(204,5): message :       CreateSatelliteAssemblies;
                   C:\Program Files\dotnet\sdk\10.0.300-preview.0.26177.108\Sdks\Microsoft.NET.Sdk\targets\Microsoft.NET.Sdk.targets(204,5): message :       GenerateManifests;
                   C:\Program Files\dotnet\sdk\10.0.300-preview.0.26177.108\Sdks\Microsoft.NET.Sdk\targets\Microsoft.NET.Sdk.targets(204,5): message :       GetTargetPath;
                   C:\Program Files\dotnet\sdk\10.0.300-preview.0.26177.108\Sdks\Microsoft.NET.Sdk\targets\Microsoft.NET.Sdk.targets(204,5): message :       PrepareForRun;
                   C:\Program Files\dotnet\sdk\10.0.300-preview.0.26177.108\Sdks\Microsoft.NET.Sdk\targets\Microsoft.NET.Sdk.targets(204,5): message :       UnmanagedRegistration;
                   C:\Program Files\dotnet\sdk\10.0.300-preview.0.26177.108\Sdks\Microsoft.NET.Sdk\targets\Microsoft.NET.Sdk.targets(204,5): message :       IncrementalClean;
                   C:\Program Files\dotnet\sdk\10.0.300-preview.0.26177.108\Sdks\Microsoft.NET.Sdk\targets\Microsoft.NET.Sdk.targets(204,5): message :       PostBuildEvent
                   C:\Program Files\dotnet\sdk\10.0.300-preview.0.26177.108\Sdks\Microsoft.NET.Sdk\targets\Microsoft.NET.Sdk.targets(204,5): message :     ") à C:\Program Files\dotnet\sdk\10.0.300-preview.0.26177.108\Sdks\Microsoft.NET.Sdk\targets\Microsoft.NET.Sdk.targets (204,5)
                   C:\Program Files\dotnet\sdk\10.0.300-preview.0.26177.108\Sdks\Microsoft.NET.Sdk\targets\Microsoft.NET.Sdk.targets(213,5): message : Réassignation de propriété : $(CoreCleanDependsOn)="
                   C:\Program Files\dotnet\sdk\10.0.300-preview.0.26177.108\Sdks\Microsoft.NET.Sdk\targets\Microsoft.NET.Sdk.targets(213,5): message :       _SdkBeforeClean;
                   C:\Program Files\dotnet\sdk\10.0.300-preview.0.26177.108\Sdks\Microsoft.NET.Sdk\targets\Microsoft.NET.Sdk.targets(213,5): message :       
                   C:\Program Files\dotnet\sdk\10.0.300-preview.0.26177.108\Sdks\Microsoft.NET.Sdk\targets\Microsoft.NET.Sdk.targets(213,5): message :     " (valeur précédente : "") à C:\Program Files\dotnet\sdk\10.0.300-preview.0.26177.108\Sdks\Microsoft.NET.Sdk\targets\Microsoft.NET.Sdk.targets (213,5)
                   C:\Program Files\dotnet\sdk\10.0.300-preview.0.26177.108\Sdks\Microsoft.NET.Sdk\targets\Microsoft.NET.Sdk.targets(220,5): message : Réassignation de propriété : $(RebuildDependsOn)="
                   C:\Program Files\dotnet\sdk\10.0.300-preview.0.26177.108\Sdks\Microsoft.NET.Sdk\targets\Microsoft.NET.Sdk.targets(220,5): message :       _SdkBeforeRebuild;
                   C:\Program Files\dotnet\sdk\10.0.300-preview.0.26177.108\Sdks\Microsoft.NET.Sdk\targets\Microsoft.NET.Sdk.targets(220,5): message :       
                   C:\Program Files\dotnet\sdk\10.0.300-preview.0.26177.108\Sdks\Microsoft.NET.Sdk\targets\Microsoft.NET.Sdk.targets(220,5): message :       BeforeRebuild;
                   C:\Program Files\dotnet\sdk\10.0.300-preview.0.26177.108\Sdks\Microsoft.NET.Sdk\targets\Microsoft.NET.Sdk.targets(220,5): message :       Clean;
                   C:\Program Files\dotnet\sdk\10.0.300-preview.0.26177.108\Sdks\Microsoft.NET.Sdk\targets\Microsoft.NET.Sdk.targets(220,5): message :       Build;
                   C:\Program Files\dotnet\sdk\10.0.300-preview.0.26177.108\Sdks\Microsoft.NET.Sdk\targets\Microsoft.NET.Sdk.targets(220,5): message :       AfterRebuild;
                   C:\Program Files\dotnet\sdk\10.0.300-preview.0.26177.108\Sdks\Microsoft.NET.Sdk\targets\Microsoft.NET.Sdk.targets(220,5): message :     
                   C:\Program Files\dotnet\sdk\10.0.300-preview.0.26177.108\Sdks\Microsoft.NET.Sdk\targets\Microsoft.NET.Sdk.targets(220,5): message :     " (valeur précédente : "
                   C:\Program Files\dotnet\sdk\10.0.300-preview.0.26177.108\Sdks\Microsoft.NET.Sdk\targets\Microsoft.NET.Sdk.targets(220,5): message :       BeforeRebuild;
                   C:\Program Files\dotnet\sdk\10.0.300-preview.0.26177.108\Sdks\Microsoft.NET.Sdk\targets\Microsoft.NET.Sdk.targets(220,5): message :       Clean;
                   C:\Program Files\dotnet\sdk\10.0.300-preview.0.26177.108\Sdks\Microsoft.NET.Sdk\targets\Microsoft.NET.Sdk.targets(220,5): message :       Build;
                   C:\Program Files\dotnet\sdk\10.0.300-preview.0.26177.108\Sdks\Microsoft.NET.Sdk\targets\Microsoft.NET.Sdk.targets(220,5): message :       AfterRebuild;
                   C:\Program Files\dotnet\sdk\10.0.300-preview.0.26177.108\Sdks\Microsoft.NET.Sdk\targets\Microsoft.NET.Sdk.targets(220,5): message :     ") à C:\Program Files\dotnet\sdk\10.0.300-preview.0.26177.108\Sdks\Microsoft.NET.Sdk\targets\Microsoft.NET.Sdk.targets (220,5)
                   C:\Program Files\dotnet\sdk\10.0.300-preview.0.26177.108\Sdks\Microsoft.NET.Sdk\targets\Microsoft.NET.Sdk.targets(799,5): message : Réassignation de propriété : $(CompileDependsOn)="
                   C:\Program Files\dotnet\sdk\10.0.300-preview.0.26177.108\Sdks\Microsoft.NET.Sdk\targets\Microsoft.NET.Sdk.targets(799,5): message :       
                   C:\Program Files\dotnet\sdk\10.0.300-preview.0.26177.108\Sdks\Microsoft.NET.Sdk\targets\Microsoft.NET.Sdk.targets(799,5): message :       ResolveReferences;
                   C:\Program Files\dotnet\sdk\10.0.300-preview.0.26177.108\Sdks\Microsoft.NET.Sdk\targets\Microsoft.NET.Sdk.targets(799,5): message :       ResolveKeySource;
                   C:\Program Files\dotnet\sdk\10.0.300-preview.0.26177.108\Sdks\Microsoft.NET.Sdk\targets\Microsoft.NET.Sdk.targets(799,5): message :       SetWin32ManifestProperties;
                   C:\Program Files\dotnet\sdk\10.0.300-preview.0.26177.108\Sdks\Microsoft.NET.Sdk\targets\Microsoft.NET.Sdk.targets(799,5): message :       _SetPreferNativeArm64Win32ManifestProperties;
                   C:\Program Files\dotnet\sdk\10.0.300-preview.0.26177.108\Sdks\Microsoft.NET.Sdk\targets\Microsoft.NET.Sdk.targets(799,5): message :       FindReferenceAssembliesForReferences;
                   C:\Program Files\dotnet\sdk\10.0.300-preview.0.26177.108\Sdks\Microsoft.NET.Sdk\targets\Microsoft.NET.Sdk.targets(799,5): message :       _GenerateCompileInputs;
                   C:\Program Files\dotnet\sdk\10.0.300-preview.0.26177.108\Sdks\Microsoft.NET.Sdk\targets\Microsoft.NET.Sdk.targets(799,5): message :       BeforeCompile;
                   C:\Program Files\dotnet\sdk\10.0.300-preview.0.26177.108\Sdks\Microsoft.NET.Sdk\targets\Microsoft.NET.Sdk.targets(799,5): message :       _TimeStampBeforeCompile;
                   C:\Program Files\dotnet\sdk\10.0.300-preview.0.26177.108\Sdks\Microsoft.NET.Sdk\targets\Microsoft.NET.Sdk.targets(799,5): message :       _GenerateCompileDependencyCache;
                   C:\Program Files\dotnet\sdk\10.0.300-preview.0.26177.108\Sdks\Microsoft.NET.Sdk\targets\Microsoft.NET.Sdk.targets(799,5): message :       CoreCompile;
                   C:\Program Files\dotnet\sdk\10.0.300-preview.0.26177.108\Sdks\Microsoft.NET.Sdk\targets\Microsoft.NET.Sdk.targets(799,5): message :       _TimeStampAfterCompile;
                   C:\Program Files\dotnet\sdk\10.0.300-preview.0.26177.108\Sdks\Microsoft.NET.Sdk\targets\Microsoft.NET.Sdk.targets(799,5): message :       AfterCompile;
                   C:\Program Files\dotnet\sdk\10.0.300-preview.0.26177.108\Sdks\Microsoft.NET.Sdk\targets\Microsoft.NET.Sdk.targets(799,5): message :     ;
                   C:\Program Files\dotnet\sdk\10.0.300-preview.0.26177.108\Sdks\Microsoft.NET.Sdk\targets\Microsoft.NET.Sdk.targets(799,5): message :       _CreateAppHost;
                   C:\Program Files\dotnet\sdk\10.0.300-preview.0.26177.108\Sdks\Microsoft.NET.Sdk\targets\Microsoft.NET.Sdk.targets(799,5): message :       _CreateComHost;
                   C:\Program Files\dotnet\sdk\10.0.300-preview.0.26177.108\Sdks\Microsoft.NET.Sdk\targets\Microsoft.NET.Sdk.targets(799,5): message :       _GetIjwHostPaths;
                   C:\Program Files\dotnet\sdk\10.0.300-preview.0.26177.108\Sdks\Microsoft.NET.Sdk\targets\Microsoft.NET.Sdk.targets(799,5): message :     " (valeur précédente : "
                   C:\Program Files\dotnet\sdk\10.0.300-preview.0.26177.108\Sdks\Microsoft.NET.Sdk\targets\Microsoft.NET.Sdk.targets(799,5): message :       ResolveReferences;
                   C:\Program Files\dotnet\sdk\10.0.300-preview.0.26177.108\Sdks\Microsoft.NET.Sdk\targets\Microsoft.NET.Sdk.targets(799,5): message :       ResolveKeySource;
                   C:\Program Files\dotnet\sdk\10.0.300-preview.0.26177.108\Sdks\Microsoft.NET.Sdk\targets\Microsoft.NET.Sdk.targets(799,5): message :       SetWin32ManifestProperties;
                   C:\Program Files\dotnet\sdk\10.0.300-preview.0.26177.108\Sdks\Microsoft.NET.Sdk\targets\Microsoft.NET.Sdk.targets(799,5): message :       _SetPreferNativeArm64Win32ManifestProperties;
                   C:\Program Files\dotnet\sdk\10.0.300-preview.0.26177.108\Sdks\Microsoft.NET.Sdk\targets\Microsoft.NET.Sdk.targets(799,5): message :       FindReferenceAssembliesForReferences;
                   C:\Program Files\dotnet\sdk\10.0.300-preview.0.26177.108\Sdks\Microsoft.NET.Sdk\targets\Microsoft.NET.Sdk.targets(799,5): message :       _GenerateCompileInputs;
                   C:\Program Files\dotnet\sdk\10.0.300-preview.0.26177.108\Sdks\Microsoft.NET.Sdk\targets\Microsoft.NET.Sdk.targets(799,5): message :       BeforeCompile;
                   C:\Program Files\dotnet\sdk\10.0.300-preview.0.26177.108\Sdks\Microsoft.NET.Sdk\targets\Microsoft.NET.Sdk.targets(799,5): message :       _TimeStampBeforeCompile;
                   C:\Program Files\dotnet\sdk\10.0.300-preview.0.26177.108\Sdks\Microsoft.NET.Sdk\targets\Microsoft.NET.Sdk.targets(799,5): message :       _GenerateCompileDependencyCache;
                   C:\Program Files\dotnet\sdk\10.0.300-preview.0.26177.108\Sdks\Microsoft.NET.Sdk\targets\Microsoft.NET.Sdk.targets(799,5): message :       CoreCompile;
                   C:\Program Files\dotnet\sdk\10.0.300-preview.0.26177.108\Sdks\Microsoft.NET.Sdk\targets\Microsoft.NET.Sdk.targets(799,5): message :       _TimeStampAfterCompile;
                   C:\Program Files\dotnet\sdk\10.0.300-preview.0.26177.108\Sdks\Microsoft.NET.Sdk\targets\Microsoft.NET.Sdk.targets(799,5): message :       AfterCompile;
                   C:\Program Files\dotnet\sdk\10.0.300-preview.0.26177.108\Sdks\Microsoft.NET.Sdk\targets\Microsoft.NET.Sdk.targets(799,5): message :     ") à C:\Program Files\dotnet\sdk\10.0.300-preview.0.26177.108\Sdks\Microsoft.NET.Sdk\targets\Microsoft.NET.Sdk.targets (799,5)
                   C:\Program Files\dotnet\sdk\10.0.300-preview.0.26177.108\Sdks\Microsoft.NET.Sdk\targets\Microsoft.NET.Sdk.targets(1131,5): message : Réassignation de propriété : $(CreateSatelliteAssembliesDependsOn)="
                   C:\Program Files\dotnet\sdk\10.0.300-preview.0.26177.108\Sdks\Microsoft.NET.Sdk\targets\Microsoft.NET.Sdk.targets(1131,5): message :       
                   C:\Program Files\dotnet\sdk\10.0.300-preview.0.26177.108\Sdks\Microsoft.NET.Sdk\targets\Microsoft.NET.Sdk.targets(1131,5): message :       ;
                   C:\Program Files\dotnet\sdk\10.0.300-preview.0.26177.108\Sdks\Microsoft.NET.Sdk\targets\Microsoft.NET.Sdk.targets(1131,5): message :       _GenerateSatelliteAssemblyInputs;
                   C:\Program Files\dotnet\sdk\10.0.300-preview.0.26177.108\Sdks\Microsoft.NET.Sdk\targets\Microsoft.NET.Sdk.targets(1131,5): message :       ComputeIntermediateSatelliteAssemblies;
                   C:\Program Files\dotnet\sdk\10.0.300-preview.0.26177.108\Sdks\Microsoft.NET.Sdk\targets\Microsoft.NET.Sdk.targets(1131,5): message :       GenerateSatelliteAssemblies
                   C:\Program Files\dotnet\sdk\10.0.300-preview.0.26177.108\Sdks\Microsoft.NET.Sdk\targets\Microsoft.NET.Sdk.targets(1131,5): message :     ;
                   C:\Program Files\dotnet\sdk\10.0.300-preview.0.26177.108\Sdks\Microsoft.NET.Sdk\targets\Microsoft.NET.Sdk.targets(1131,5): message :       CoreGenerateSatelliteAssemblies
                   C:\Program Files\dotnet\sdk\10.0.300-preview.0.26177.108\Sdks\Microsoft.NET.Sdk\targets\Microsoft.NET.Sdk.targets(1131,5): message :     " (valeur précédente : "
                   C:\Program Files\dotnet\sdk\10.0.300-preview.0.26177.108\Sdks\Microsoft.NET.Sdk\targets\Microsoft.NET.Sdk.targets(1131,5): message :       ;
                   C:\Program Files\dotnet\sdk\10.0.300-preview.0.26177.108\Sdks\Microsoft.NET.Sdk\targets\Microsoft.NET.Sdk.targets(1131,5): message :       _GenerateSatelliteAssemblyInputs;
                   C:\Program Files\dotnet\sdk\10.0.300-preview.0.26177.108\Sdks\Microsoft.NET.Sdk\targets\Microsoft.NET.Sdk.targets(1131,5): message :       ComputeIntermediateSatelliteAssemblies;
                   C:\Program Files\dotnet\sdk\10.0.300-preview.0.26177.108\Sdks\Microsoft.NET.Sdk\targets\Microsoft.NET.Sdk.targets(1131,5): message :       GenerateSatelliteAssemblies
                   C:\Program Files\dotnet\sdk\10.0.300-preview.0.26177.108\Sdks\Microsoft.NET.Sdk\targets\Microsoft.NET.Sdk.targets(1131,5): message :     ") à C:\Program Files\dotnet\sdk\10.0.300-preview.0.26177.108\Sdks\Microsoft.NET.Sdk\targets\Microsoft.NET.Sdk.targets (1131,5)
                   C:\Program Files\dotnet\sdk\10.0.300-preview.0.26177.108\Sdks\Microsoft.SourceLink.GitLab\build\Microsoft.SourceLink.GitLab.targets(12,5): message : Réassignation de propriété : $(SourceLinkUrlInitializerTargets)=";_InitializeGitHubSourceLinkUrl;_InitializeGitLabSourceLinkUrl" (valeur précédente : ";_InitializeGitHubSourceLinkUrl") à C:\Program Files\dotnet\sdk\10.0.300-preview.0.26177.108\Sdks\Microsoft.SourceLink.GitLab\build\Microsoft.SourceLink.GitLab.targets (12,5)
                   C:\Program Files\dotnet\sdk\10.0.300-preview.0.26177.108\Sdks\Microsoft.SourceLink.GitLab\build\Microsoft.SourceLink.GitLab.targets(13,5): message : Réassignation de propriété : $(SourceControlManagerUrlTranslationTargets)=";TranslateGitHubUrlsInSourceControlInformation;TranslateGitLabUrlsInSourceControlInformation" (valeur précédente : ";TranslateGitHubUrlsInSourceControlInformation") à C:\Program Files\dotnet\sdk\10.0.300-preview.0.26177.108\Sdks\Microsoft.SourceLink.GitLab\build\Microsoft.SourceLink.GitLab.targets (13,5)
                   C:\Program Files\dotnet\sdk\10.0.300-preview.0.26177.108\Sdks\Microsoft.SourceLink.AzureRepos.Git\build\Microsoft.SourceLink.AzureRepos.Git.targets(12,5): message : Réassignation de propriété : $(SourceLinkUrlInitializerTargets)=";_InitializeGitHubSourceLinkUrl;_InitializeGitLabSourceLinkUrl;_InitializeAzureReposGitSourceLinkUrl" (valeur précédente : ";_InitializeGitHubSourceLinkUrl;_InitializeGitLabSourceLinkUrl") à C:\Program Files\dotnet\sdk\10.0.300-preview.0.26177.108\Sdks\Microsoft.SourceLink.AzureRepos.Git\build\Microsoft.SourceLink.AzureRepos.Git.targets (12,5)
                   C:\Program Files\dotnet\sdk\10.0.300-preview.0.26177.108\Sdks\Microsoft.SourceLink.AzureRepos.Git\build\Microsoft.SourceLink.AzureRepos.Git.targets(13,5): message : Réassignation de propriété : $(SourceControlManagerUrlTranslationTargets)=";TranslateGitHubUrlsInSourceControlInformation;TranslateGitLabUrlsInSourceControlInformation;TranslateAzureReposGitUrlsInSourceControlInformation" (valeur précédente : ";TranslateGitHubUrlsInSourceControlInformation;TranslateGitLabUrlsInSourceControlInformation") à C:\Program Files\dotnet\sdk\10.0.300-preview.0.26177.108\Sdks\Microsoft.SourceLink.AzureRepos.Git\build\Microsoft.SourceLink.AzureRepos.Git.targets (13,5)
                   C:\Program Files\dotnet\sdk\10.0.300-preview.0.26177.108\Sdks\Microsoft.SourceLink.Bitbucket.Git\build\Microsoft.SourceLink.Bitbucket.Git.targets(12,5): message : Réassignation de propriété : $(SourceLinkUrlInitializerTargets)=";_InitializeGitHubSourceLinkUrl;_InitializeGitLabSourceLinkUrl;_InitializeAzureReposGitSourceLinkUrl;_InitializeBitbucketGitSourceLinkUrl" (valeur précédente : ";_InitializeGitHubSourceLinkUrl;_InitializeGitLabSourceLinkUrl;_InitializeAzureReposGitSourceLinkUrl") à C:\Program Files\dotnet\sdk\10.0.300-preview.0.26177.108\Sdks\Microsoft.SourceLink.Bitbucket.Git\build\Microsoft.SourceLink.Bitbucket.Git.targets (12,5)
                   C:\Program Files\dotnet\sdk\10.0.300-preview.0.26177.108\Sdks\Microsoft.SourceLink.Bitbucket.Git\build\Microsoft.SourceLink.Bitbucket.Git.targets(13,5): message : Réassignation de propriété : $(SourceControlManagerUrlTranslationTargets)=";TranslateGitHubUrlsInSourceControlInformation;TranslateGitLabUrlsInSourceControlInformation;TranslateAzureReposGitUrlsInSourceControlInformation;TranslateBitbucketGitUrlsInSourceControlInformation" (valeur précédente : ";TranslateGitHubUrlsInSourceControlInformation;TranslateGitLabUrlsInSourceControlInformation;TranslateAzureReposGitUrlsInSourceControlInformation") à C:\Program Files\dotnet\sdk\10.0.300-preview.0.26177.108\Sdks\Microsoft.SourceLink.Bitbucket.Git\build\Microsoft.SourceLink.Bitbucket.Git.targets (13,5)
                   C:\Program Files\dotnet\sdk\10.0.300-preview.0.26177.108\Sdks\Microsoft.NET.Sdk\targets\Microsoft.NET.DesignerSupport.targets(21,5): message : Réassignation de propriété : $(DesignerRuntimeImplementationProjectOutputGroupDependsOn)="
                   C:\Program Files\dotnet\sdk\10.0.300-preview.0.26177.108\Sdks\Microsoft.NET.Sdk\targets\Microsoft.NET.DesignerSupport.targets(21,5): message :       
                   C:\Program Files\dotnet\sdk\10.0.300-preview.0.26177.108\Sdks\Microsoft.NET.Sdk\targets\Microsoft.NET.DesignerSupport.targets(21,5): message :       ;
                   C:\Program Files\dotnet\sdk\10.0.300-preview.0.26177.108\Sdks\Microsoft.NET.Sdk\targets\Microsoft.NET.DesignerSupport.targets(21,5): message :       
                   C:\Program Files\dotnet\sdk\10.0.300-preview.0.26177.108\Sdks\Microsoft.NET.Sdk\targets\Microsoft.NET.DesignerSupport.targets(21,5): message :       ;
                   C:\Program Files\dotnet\sdk\10.0.300-preview.0.26177.108\Sdks\Microsoft.NET.Sdk\targets\Microsoft.NET.DesignerSupport.targets(21,5): message :       BuildOnlySettings;
                   C:\Program Files\dotnet\sdk\10.0.300-preview.0.26177.108\Sdks\Microsoft.NET.Sdk\targets\Microsoft.NET.DesignerSupport.targets(21,5): message :       PrepareForBuild;
                   C:\Program Files\dotnet\sdk\10.0.300-preview.0.26177.108\Sdks\Microsoft.NET.Sdk\targets\Microsoft.NET.DesignerSupport.targets(21,5): message :       AssignTargetPaths;
                   C:\Program Files\dotnet\sdk\10.0.300-preview.0.26177.108\Sdks\Microsoft.NET.Sdk\targets\Microsoft.NET.DesignerSupport.targets(21,5): message :       ResolveReferences
                   C:\Program Files\dotnet\sdk\10.0.300-preview.0.26177.108\Sdks\Microsoft.NET.Sdk\targets\Microsoft.NET.DesignerSupport.targets(21,5): message :     
                   C:\Program Files\dotnet\sdk\10.0.300-preview.0.26177.108\Sdks\Microsoft.NET.Sdk\targets\Microsoft.NET.DesignerSupport.targets(21,5): message :     ;
                   C:\Program Files\dotnet\sdk\10.0.300-preview.0.26177.108\Sdks\Microsoft.NET.Sdk\targets\Microsoft.NET.DesignerSupport.targets(21,5): message :       _GenerateDesignerDepsFile;
                   C:\Program Files\dotnet\sdk\10.0.300-preview.0.26177.108\Sdks\Microsoft.NET.Sdk\targets\Microsoft.NET.DesignerSupport.targets(21,5): message :       _GenerateDesignerRuntimeConfigFile;
                   C:\Program Files\dotnet\sdk\10.0.300-preview.0.26177.108\Sdks\Microsoft.NET.Sdk\targets\Microsoft.NET.DesignerSupport.targets(21,5): message :       GetCopyToOutputDirectoryItems;
                   C:\Program Files\dotnet\sdk\10.0.300-preview.0.26177.108\Sdks\Microsoft.NET.Sdk\targets\Microsoft.NET.DesignerSupport.targets(21,5): message :       _GatherDesignerShadowCopyFiles;
                   C:\Program Files\dotnet\sdk\10.0.300-preview.0.26177.108\Sdks\Microsoft.NET.Sdk\targets\Microsoft.NET.DesignerSupport.targets(21,5): message :     " (valeur précédente : "
                   C:\Program Files\dotnet\sdk\10.0.300-preview.0.26177.108\Sdks\Microsoft.NET.Sdk\targets\Microsoft.NET.DesignerSupport.targets(21,5): message :       ;
                   C:\Program Files\dotnet\sdk\10.0.300-preview.0.26177.108\Sdks\Microsoft.NET.Sdk\targets\Microsoft.NET.DesignerSupport.targets(21,5): message :       
                   C:\Program Files\dotnet\sdk\10.0.300-preview.0.26177.108\Sdks\Microsoft.NET.Sdk\targets\Microsoft.NET.DesignerSupport.targets(21,5): message :       ;
                   C:\Program Files\dotnet\sdk\10.0.300-preview.0.26177.108\Sdks\Microsoft.NET.Sdk\targets\Microsoft.NET.DesignerSupport.targets(21,5): message :       BuildOnlySettings;
                   C:\Program Files\dotnet\sdk\10.0.300-preview.0.26177.108\Sdks\Microsoft.NET.Sdk\targets\Microsoft.NET.DesignerSupport.targets(21,5): message :       PrepareForBuild;
                   C:\Program Files\dotnet\sdk\10.0.300-preview.0.26177.108\Sdks\Microsoft.NET.Sdk\targets\Microsoft.NET.DesignerSupport.targets(21,5): message :       AssignTargetPaths;
                   C:\Program Files\dotnet\sdk\10.0.300-preview.0.26177.108\Sdks\Microsoft.NET.Sdk\targets\Microsoft.NET.DesignerSupport.targets(21,5): message :       ResolveReferences
                   C:\Program Files\dotnet\sdk\10.0.300-preview.0.26177.108\Sdks\Microsoft.NET.Sdk\targets\Microsoft.NET.DesignerSupport.targets(21,5): message :     
                   C:\Program Files\dotnet\sdk\10.0.300-preview.0.26177.108\Sdks\Microsoft.NET.Sdk\targets\Microsoft.NET.DesignerSupport.targets(21,5): message :     ") à C:\Program Files\dotnet\sdk\10.0.300-preview.0.26177.108\Sdks\Microsoft.NET.Sdk\targets\Microsoft.NET.DesignerSupport.targets (21,5)
                   C:\Program Files\dotnet\sdk\10.0.300-preview.0.26177.108\Sdks\Microsoft.NET.Sdk\targets\Microsoft.NET.Sdk.CSharp.targets(31,5): message : Réassignation de propriété : $(DefineConstants)="TRACE;DEBUG" (valeur précédente : "TRACE") à C:\Program Files\dotnet\sdk\10.0.300-preview.0.26177.108\Sdks\Microsoft.NET.Sdk\targets\Microsoft.NET.Sdk.CSharp.targets (31,5)
                   C:\Program Files\dotnet\sdk\10.0.300-preview.0.26177.108\Sdks\Microsoft.NET.Sdk\targets\Microsoft.NET.Sdk.CSharp.targets(45,5): message : Réassignation de propriété : $(WarningsAsErrors)=";NU1605;SYSLIB0011" (valeur précédente : ";NU1605") à C:\Program Files\dotnet\sdk\10.0.300-preview.0.26177.108\Sdks\Microsoft.NET.Sdk\targets\Microsoft.NET.Sdk.CSharp.targets (45,5)
                   C:\Program Files\dotnet\sdk\10.0.300-preview.0.26177.108\NuGet.Build.Tasks.Pack.targets(34,5): message : Réassignation de propriété : $(PackageDescription)="Package Description" (valeur précédente : "") à C:\Program Files\dotnet\sdk\10.0.300-preview.0.26177.108\NuGet.Build.Tasks.Pack.targets (34,5)
                   C:\Program Files\dotnet\sdk\10.0.300-preview.0.26177.108\NuGet.Build.Tasks.Pack.targets(59,5): message : Réassignation de propriété : $(GenerateNuspecDependsOn)="Build;_LoadPackInputItems; _GetTargetFrameworksOutput; _WalkEachTargetPerFramework; _GetPackageFiles; " (valeur précédente : "_LoadPackInputItems; _GetTargetFrameworksOutput; _WalkEachTargetPerFramework; _GetPackageFiles; ") à C:\Program Files\dotnet\sdk\10.0.300-preview.0.26177.108\NuGet.Build.Tasks.Pack.targets (59,5)
                   C:\Program Files\dotnet\sdk\10.0.300-preview.0.26177.108\Sdks\Microsoft.NET.Sdk\Sdk\Sdk.targets(59,5): message : Réassignation de propriété : $(_IsNotSetContainersTargetsDir)="true" (valeur précédente : "false") à C:\Program Files\dotnet\sdk\10.0.300-preview.0.26177.108\Sdks\Microsoft.NET.Sdk\Sdk\Sdk.targets (59,5)
                   C:\Program Files\dotnet\sdk\10.0.300-preview.0.26177.108\Containers\build\Microsoft.NET.Build.Containers.targets(5,5): message : Réassignation de propriété : $(_IsSDKContainerAllowedVersion)="true" (valeur précédente : "false") à C:\Program Files\dotnet\sdk\10.0.300-preview.0.26177.108\Containers\build\Microsoft.NET.Build.Containers.targets (5,5)
                   C:\Program Files\dotnet\sdk\10.0.300-preview.0.26177.108\Containers\build\Microsoft.NET.Build.Containers.targets(15,5): message : Réassignation de propriété : $(_ContainerIsTargetingNet8TFM)="true" (valeur précédente : "false") à C:\Program Files\dotnet\sdk\10.0.300-preview.0.26177.108\Containers\build\Microsoft.NET.Build.Containers.targets (15,5)
                   Remplacement de la cible "ResolveFrameworkReferences" du projet "C:\Program Files\dotnet\sdk\10.0.300-preview.0.26177.108\Microsoft.Common.CurrentVersion.targets" par la cible "ResolveFrameworkReferences" du projet "C:\Program Files\dotnet\sdk\10.0.300-preview.0.26177.108\Sdks\Microsoft.NET.Sdk\targets\Microsoft.NET.Sdk.FrameworkReferenceResolution.targets".
                   Remplacement de la cible "GenerateSupportedTargetFrameworkAlias" du projet "C:\Program Files\dotnet\sdk\10.0.300-preview.0.26177.108\Microsoft.Common.CurrentVersion.targets" par la cible "GenerateSupportedTargetFrameworkAlias" du projet "C:\Program Files\dotnet\sdk\10.0.300-preview.0.26177.108\Sdks\Microsoft.NET.Sdk\targets\Microsoft.NET.Sdk.targets".
                   Remplacement de la cible "GetReferenceAssemblyPaths" du projet "C:\Program Files\dotnet\sdk\10.0.300-preview.0.26177.108\Microsoft.Common.CurrentVersion.targets" par la cible "GetReferenceAssemblyPaths" du projet "C:\Program Files\dotnet\sdk\10.0.300-preview.0.26177.108\Sdks\Microsoft.NET.Sdk\targets\Microsoft.NET.DisableStandardFrameworkResolution.targets".
                   Remplacement de la cible "GetFrameworkPaths" du projet "C:\Program Files\dotnet\sdk\10.0.300-preview.0.26177.108\Microsoft.Common.CurrentVersion.targets" par la cible "GetFrameworkPaths" du projet "C:\Program Files\dotnet\sdk\10.0.300-preview.0.26177.108\Sdks\Microsoft.NET.Sdk\targets\Microsoft.NET.DisableStandardFrameworkResolution.targets".
                   Remplacement de la cible "DesignerRuntimeImplementationProjectOutputGroup" du projet "C:\Program Files\dotnet\sdk\10.0.300-preview.0.26177.108\Microsoft.Common.CurrentVersion.targets" par la cible "DesignerRuntimeImplementationProjectOutputGroup" du projet "C:\Program Files\dotnet\sdk\10.0.300-preview.0.26177.108\Sdks\Microsoft.NET.Sdk\targets\Microsoft.NET.DesignerSupport.targets".
                   Remplacement de la cible "Publish" du projet "C:\Program Files\dotnet\sdk\10.0.300-preview.0.26177.108\Microsoft.Common.CurrentVersion.targets" par la cible "Publish" du projet "C:\Program Files\dotnet\sdk\10.0.300-preview.0.26177.108\Sdks\Microsoft.NET.Sdk\targets\Microsoft.NET.Publish.targets".
                   Remplacement de la cible "ResolveReadyToRunCompilers" du projet "C:\Program Files\dotnet\sdk\10.0.300-preview.0.26177.108\Sdks\Microsoft.NET.Sdk\targets\Microsoft.NET.CrossGen.targets" par la cible "ResolveReadyToRunCompilers" du projet "C:\Program Files\dotnet\sdk\10.0.300-preview.0.26177.108\Sdks\Microsoft.NET.Sdk\targets\Microsoft.NET.Publish.targets".
                   Remplacement de la cible "GetCopyToPublishDirectoryItems" du projet "C:\Program Files\dotnet\sdk\10.0.300-preview.0.26177.108\Microsoft.Common.CurrentVersion.targets" par la cible "GetCopyToPublishDirectoryItems" du projet "C:\Program Files\dotnet\sdk\10.0.300-preview.0.26177.108\Sdks\Microsoft.NET.Sdk\targets\Microsoft.NET.Publish.targets".
                   Remplacement de la cible "Run" du projet "C:\Program Files\dotnet\sdk\10.0.300-preview.0.26177.108\Microsoft.Common.CurrentVersion.targets" par la cible "Run" du projet "C:\Program Files\dotnet\sdk\10.0.300-preview.0.26177.108\Sdks\Microsoft.NET.Sdk\targets\Microsoft.NET.Sdk.targets".
16:28:54.397     0>Propriétés initiales :
                   __DisableWorkloadResolverSentinelPath = C:\Program Files\dotnet\sdk\10.0.300-preview.0.26177.108\DisableWorkloadResolver.sentinel
                   __WindowsAppSdkDefaultImageIncludes = **/*.png;**/*.bmp;**/*.jpg;**/*.dds;**/*.tif;**/*.tga;**/*.gif
                   _AfterSdkPublishDependsOn = Publish
                   _ApiCompatValidatePackageSemaphoreFile = obj\Debug\net8.0\Microsoft.NET.ApiCompat.ValidatePackage.semaphore
                   _BeforePublishNoBuildTargets = 
                         BuildOnlySettings;
                         _PreventProjectReferencesFromBuilding;
                         ResolveReferences;
                         PrepareResourceNames;
                         ComputeIntermediateSatelliteAssemblies;
                         ComputeEmbeddedApphostPaths;
                       
                   _BinaryFormatterObsoleteAsError = true
                   _BuildTasksAssemblyName = Microsoft.Build.Tasks.CodeAnalysis
                   _BuildTasksDirectory = C:\Program Files\dotnet\sdk\10.0.300-preview.0.26177.108\Sdks\Microsoft.NET.Sdk\targets\..\..\..\Roslyn\
                   _ContainerIsSelfContained = false
                   _ContainerIsTargetingNet8TFM = true
                   _ContainersTargetsDir = C:\Program Files\dotnet\sdk\10.0.300-preview.0.26177.108\Sdks\Microsoft.NET.Sdk\Sdk\..\..\..\Containers\build\
                   _CorePublishTargets = 
                         PrepareForPublish;
                         ComputeAndCopyFilesToPublishDirectory;
                         ;
                         PublishItemsOutputGroup;
                       
                   _DebugSymbolsProduced = true
                   _DefaultArtifactsPathPropsImported = true
                   _DefaultUserProfileRuntimeStorePath = C:\Users\Lenovo\.dotnet\store
                   _DeploymentApplicationManifestIdentity = Native.EasyLog
                   _DeploymentBuiltUpdateInterval = 0
                   _DeploymentBuiltUpdateIntervalUnits = Days
                   _DeploymentDeployManifestIdentity = EasyLog.application
                   _DeploymentFileMappingExtension = 
                   _DeploymentLauncherBased = true
                   _DeploymentTargetApplicationManifestFileName = Native.EasyLog.manifest
                   _DeploymentUrl = 
                   _DesignerDepsFileName = EasyLog.designer.deps.json
                   _DesignerDepsFilePath = obj\Debug\net8.0\EasyLog.designer.deps.json
                   _DesignerRuntimeConfigFileName = EasyLog.designer.runtimeconfig.json
                   _DesignerRuntimeConfigFilePath = obj\Debug\net8.0\EasyLog.designer.runtimeconfig.json
                   _DirectoryBuildPropsBasePath = 
                   _DirectoryBuildPropsFile = Directory.Build.props
                   _DirectoryBuildTargetsBasePath = 
                   _DirectoryBuildTargetsFile = Directory.Build.targets
                   _DirectoryPackagesPropsBasePath = 
                   _DirectoryPackagesPropsFile = Directory.Packages.props
                   _DocumentationFileProduced = false
                   _DotNetAppHostExecutableName = apphost
                   _DotNetAppHostExecutableNameWithoutExtension = apphost
                   _DotNetComHostLibraryName = comhost
                   _DotNetComHostLibraryNameWithoutExtension = comhost
                   _DotNetHostExecutableName = dotnet
                   _DotNetHostFxrLibraryName = libhostfxr.so
                   _DotNetHostPolicyLibraryName = libhostpolicy.so
                   _DotNetIjwHostLibraryName = Ijwhost
                   _DotNetIjwHostLibraryNameWithoutExtension = Ijwhost
                   _DotNetSingleFileHostExecutableNameWithoutExtension = singlefilehost
                   _EnableDefaultWindowsPlatform = false
                   _FirstTargetFrameworkToSupportAot = net7.0
                   _FirstTargetFrameworkToSupportSingleFile = net6.0
                   _FirstTargetFrameworkToSupportTrimming = net6.0
                   _FirstTargetFrameworkVersionToSupportAotAnalyzer = 7.0
                   _FirstTargetFrameworkVersionToSupportSingleFileAnalyzer = 6.0
                   _FirstTargetFrameworkVersionToSupportTrimAnalyzer = 6.0
                   _GenerateBindingRedirectsIntermediateAppConfig = obj\Debug\net8.0\EasyLog.dll.config
                   _GeneratePublishDependencyFilePropertyInputsCache = C:\Users\Lenovo\Documents\Génie Logiciel\EasySave-Groupe1\EasyLog\obj\Debug\net8.0\EasyLog.genpublishdeps.cache
                   _GenerateRestoreGraphProjectEntryInputProperties = ExcludeRestorePackageImports=true
                   _GenerateRuntimeConfigurationPropertyInputsCache = C:\Users\Lenovo\Documents\Génie Logiciel\EasySave-Groupe1\EasyLog\obj\Debug\net8.0\EasyLog.genruntimeconfig.cache
                   _GenerateSingleFileBundlePropertyInputsCache = C:\Users\Lenovo\Documents\Génie Logiciel\EasySave-Groupe1\EasyLog\obj\Debug\net8.0\EasyLog.genbundle.cache
                   _GenerateSourceLinkFileBeforeTargets = CoreCompile
                   _GenerateSourceLinkFileDependsOnTargets = 
                   _GenerateSupportedRuntimeIntermediateAppConfig = obj\Debug\net8.0\EasyLog.dll.withSupportedRuntime.config
                   _GetChildProjectCopyToOutputDirectoryItems = true
                   _GetChildProjectCopyToPublishDirectoryItems = true
                   _InitialBaseIntermediateOutputPath = obj\
                   _InitialMSBuildProjectExtensionsPath = C:\Users\Lenovo\Documents\Génie Logiciel\EasySave-Groupe1\EasyLog\obj\
                   _IsDisjointMSBuildVersion = False
                   _IsNETCoreOrNETStandard = true
                   _IsNotSetContainersTargetsDir = true
                   _IsSDKContainerAllowedVersion = true
                   _LatestAnalysisLevel = 10.0
                   _MaxAvailableLangVersion = 14.0
                   _MaxSupportedLangVersion = 12.0
                   _MicrosoftSourceLinkCommonAssemblyFile = C:\Program Files\dotnet\sdk\10.0.300-preview.0.26177.108\Sdks\Microsoft.SourceLink.Common\build\..\tools\net\Microsoft.SourceLink.Common.dll
                   _MinimumNonEolSupportedNetCoreTargetFramework = net8.0
                   _MSBuildVersionMajorMinor = 18.6
                   _NativeLibraryExtension = .so
                   _NativeLibraryPrefix = lib
                   _NETAnalyzersSDKAssemblyVersion = 10.0.300
                   _NETCoreSdkIsPreview = true
                   _NetFrameworkHostedCompilersVersion = 5.6.0-2.26177.108
                   _NoneAnalysisLevel = 4.0
                   _NugetFallbackFolder = C:\Program Files\dotnet\sdk\10.0.300-preview.0.26177.108\Sdks\Microsoft.NET.Sdk\targets\..\..\..\..\NuGetFallbackFolder
                   _NugetTargetMonikerAndRID = .NETCoreApp,Version=v8.0
                   _OriginalConfiguration = Debug
                   _OriginalPlatform = AnyCPU
                   _PlatformWithoutConfigurationInference = AnyCPU
                   _PreviewAnalysisLevel = 11.0
                   _ProjectDefaultTargets = Build
                   _PublishNoBuildAlternativeDependsOn = 
                         BuildOnlySettings;
                         _PreventProjectReferencesFromBuilding;
                         ResolveReferences;
                         PrepareResourceNames;
                         ComputeIntermediateSatelliteAssemblies;
                         ComputeEmbeddedApphostPaths;
                       ;
                         PrepareForPublish;
                         ComputeAndCopyFilesToPublishDirectory;
                         ;
                         PublishItemsOutputGroup;
                       
                   _PublishProfileDesignerFolder = Properties
                   _PublishProfileRootFolder = C:\Users\Lenovo\Documents\Génie Logiciel\EasySave-Groupe1\EasyLog\Properties\PublishProfiles\
                   _RecursiveTargetForContentCopying = GetCopyToOutputDirectoryItems
                   _ResolveReferenceDependencies = false
                   _RuntimePackInWorkloadVersion6 = 6.0.36
                   _RuntimePackInWorkloadVersion7 = 7.0.20
                   _RuntimePackInWorkloadVersion8 = 8.0.26
                   _RuntimePackInWorkloadVersion9 = 9.0.15
                   _RuntimePackInWorkloadVersionCurrent = 10.0.6
                   _SGenDllCreated = false
                   _SGenDllName = EasyLog.XmlSerializers.dll
                   _SGenGenerateSerializationAssembliesConfig = Off
                   _SourceLinkAzureReposGitAssemblyFile = C:\Program Files\dotnet\sdk\10.0.300-preview.0.26177.108\Sdks\Microsoft.SourceLink.AzureRepos.Git\build\..\tools\net\Microsoft.SourceLink.AzureRepos.Git.dll
                   _SourceLinkBitbucketAssemblyFile = C:\Program Files\dotnet\sdk\10.0.300-preview.0.26177.108\Sdks\Microsoft.SourceLink.Bitbucket.Git\build\..\tools\net\Microsoft.SourceLink.Bitbucket.Git.dll
                   _SourceLinkGitHubAssemblyFile = C:\Program Files\dotnet\sdk\10.0.300-preview.0.26177.108\Sdks\Microsoft.SourceLink.GitHub\build\..\tools\net\Microsoft.SourceLink.GitHub.dll
                   _SourceLinkGitLabAssemblyFile = C:\Program Files\dotnet\sdk\10.0.300-preview.0.26177.108\Sdks\Microsoft.SourceLink.GitLab\build\..\tools\net\Microsoft.SourceLink.GitLab.dll
                   _SourceLinkPropsImported = true
                   _SourceLinkSdkSubDir = build
                   _SupportedArchitectures = amd64 arm64
                   _SupportedPlatformList = @(SupportedPlatform, ',')
                   _TargetFrameworkDirectories = 
                   _TargetFrameworkVersionValue = 0.0
                   _TargetFrameworkVersionWithoutV = 8.0
                   _TargetLatestRuntimePatchIsDefault = true
                   _TargetPlatformVersionUsesCsWinRT3 = false
                   _TargetsThatPrepareProjectReferences = 
                         AssignProjectConfiguration;
                         _SplitProjectReferencesByFileExistence
                       
                   _UseAttributeForTargetFrameworkInfoPropertyNames = true
                   _UsingDefaultForHasRuntimeOutput = true
                   _UsingDefaultPlatformTarget = true
                   _WindowsDesktopSdkTargetFrameworkVersionFloor = 3.0
                   _WorkloadLibraryPacksFolder = C:\Program Files\dotnet\library-packs
                   AddAdditionalExplicitAssemblyReferences = false
                   AllowedOutputExtensionsInPackageBuildOutputFolder = .dll; .exe; .winmd; .json; .pri; .xml ;
                   AllowedOutputExtensionsInSymbolsPackageBuildOutputFolder = .pdb; .mdb; .dll; .exe; .winmd; .json; .pri; .xml ;; 
                   AllowedReferenceAssemblyFileExtensions = 
                         .winmd;
                         .dll;
                         .exe
                       
                   AllowedReferenceRelatedFileExtensions = 
                         .pdb;
                         .xml;
                         .pri;
                         .dll.config;
                         .exe.config
                       
                   AllowUnsafeBlocks = false
                   AlwaysIncludeCoreFrameworkInRuntimeConfig = true
                   AlwaysUseNumericalSuffixInItemNames = true
                   AnalysisLevel = 8.0
                   AppDesignerFolder = Properties
                   AppendPlatformToOutputPath = false
                   AppendRuntimeIdentifierToOutputPath = true
                   AppendTargetFrameworkToOutputPath = true
                   AssemblyFoldersConfigFile = C:\Program Files\dotnet\sdk\10.0.300-preview.0.26177.108\AssemblyFolders.config
                   AssemblyFoldersSuffix = AssemblyFoldersEx
                   AssemblyName = EasyLog
                   AssemblySearchPaths = {CandidateAssemblyFiles};{HintPathFromItem};{TargetFrameworkDirectory};{RawFileName}
                   AssemblyTitle = EasyLog
                   AssetTargetFallback = ;net461;net462;net47;net471;net472;net48;net481
                   AssignTargetPathsDependsOn = 
                   Authors = EasyLog
                   AutomaticallyUseReferenceAssemblyPackages = true
                   AutoUnifyAssemblyReferences = true
                   AvailablePlatforms = Any CPU,x86,x64,ARM32,ARM64
                   BaseIntermediateOutputPath = obj\
                   BaseOutputPath = bin\
                   BaseOutputPathWasSpecified = true
                   BuildCompileAction = Build
                   BuildDependsOn = 
                         BeforeBuild;
                         CoreBuild;
                         AfterBuild
                       
                   BuildGenerateSourcesAction = Build
                   BuildingProject = false
                   BuildInParallel = true
                   BuildLinkAction = Build
                   BuildOutputTargetFolder = lib
                   BuildProjectReferences = true
                   BuiltProjectOutputGroupDependenciesDependsOn = 
                         ;
                         
                         ;
                         BuildOnlySettings;
                         PrepareForBuild;
                         AssignTargetPaths;
                         ResolveReferences
                       
                       
                   BuiltProjectOutputGroupDependsOn = PrepareForBuild
                   BundledMSBuildVersion = 18.6.0
                   BundledNETCoreAppPackageVersion = 10.0.5
                   BundledNETCoreAppTargetFrameworkVersion = 10.0
                   BundledNETCorePlatformsPackageVersion = 10.0.5-servicing.26153.111
                   BundledNETStandardPackageVersion = 2.1.0
                   BundledNETStandardTargetFrameworkVersion = 2.1
                   BundledRuntimeIdentifierGraphFile = C:\Program Files\dotnet\sdk\10.0.300-preview.0.26177.108\RuntimeIdentifierGraph.json
                   CheckEolWorkloads = true
                   CheckForOverflowUnderflow = false
                   CleanDependsOn = 
                         BeforeClean;
                         UnmanagedUnregistration;
                         CoreClean;
                         CleanReferencedProjects;
                         CleanPublishFolder;
                         AfterClean
                       
                   CleanFile = EasyLog.csproj.FileListAbsolute.txt
                   ClickOncePublishDir = bin\Debug\net8.0\publish\
                   CodeAnalysisRuleIds = CA1000;CA1001;CA1002;CA1003;CA1005;CA1008;CA1010;CA1012;CA1014;CA1016;CA1017;CA1018;CA1019;CA1021;CA1024;CA1027;CA1028;CA1030;CA1031;CA1032;CA1033;CA1034;CA1036;CA1040;CA1041;CA1043;CA1044;CA1045;CA1046;CA1047;CA1050;CA1051;CA1052;CA1054;CA1055;CA1056;CA1058;CA1060;CA1061;CA1062;CA1063;CA1064;CA1065;CA1066;CA1067;CA1068;CA1069;CA1070;CA1200;CA1303;CA1304;CA1305;CA1307;CA1308;CA1309;CA1310;CA1311;CA1401;CA1416;CA1417;CA1418;CA1419;CA1420;CA1421;CA1422;CA1501;CA1502;CA1505;CA1506;CA1507;CA1508;CA1509;CA1510;CA1511;CA1512;CA1513;CA1514;CA1515;CA1516;CA1700;CA1707;CA1708;CA1710;CA1711;CA1712;CA1713;CA1715;CA1716;CA1720;CA1721;CA1724;CA1725;CA1727;CA1802;CA1805;CA1806;CA1810;CA1812;CA1813;CA1814;CA1815;CA1816;CA1819;CA1820;CA1821;CA1822;CA1823;CA1824;CA1825;CA1826;CA1827;CA1828;CA1829;CA1830;CA1831;CA1832;CA1833;CA1834;CA1835;CA1836;CA1837;CA1838;CA1839;CA1840;CA1841;CA1842;CA1843;CA1844;CA1845;CA1846;CA1847;CA1848;CA1849;CA1850;CA1851;CA1852;CA1853;CA1854;CA1855;CA1856;CA1857;CA1858;CA1859;CA1860;CA1861;CA1862;CA1863;CA1864;CA1865;CA1866;CA1867;CA1868;CA1869;CA1870;CA1871;CA1872;CA1873;CA1874;CA1875;CA2000;CA2002;CA2007;CA2008;CA2009;CA2011;CA2012;CA2013;CA2014;CA2015;CA2016;CA2017;CA2018;CA2019;CA2020;CA2021;CA2022;CA2023;CA2024;CA2025;CA2100;CA2101;CA2119;CA2153;CA2200;CA2201;CA2207;CA2208;CA2211;CA2213;CA2214;CA2215;CA2216;CA2217;CA2218;CA2219;CA2224;CA2225;CA2226;CA2227;CA2231;CA2234;CA2235;CA2237;CA2241;CA2242;CA2243;CA2244;CA2245;CA2246;CA2247;CA2248;CA2249;CA2250;CA2251;CA2252;CA2253;CA2254;CA2255;CA2256;CA2257;CA2258;CA2259;CA2260;CA2261;CA2262;CA2263;CA2264;CA2265;CA2300;CA2301;CA2302;CA2305;CA2310;CA2311;CA2312;CA2315;CA2321;CA2322;CA2326;CA2327;CA2328;CA2329;CA2330;CA2350;CA2351;CA2352;CA2353;CA2354;CA2355;CA2356;CA2361;CA2362;CA3001;CA3002;CA3003;CA3004;CA3005;CA3006;CA3007;CA3008;CA3009;CA3010;CA3011;CA3012;CA3061;CA3075;CA3076;CA3077;CA3147;CA5350;CA5351;CA5358;CA5359;CA5360;CA5361;CA5362;CA5363;CA5364;CA5365;CA5366;CA5367;CA5368;CA5369;CA5370;CA5371;CA5372;CA5373;CA5374;CA5375;CA5376;CA5377;CA5378;CA5379;CA5380;CA5381;CA5382;CA5383;CA5384;CA5385;CA5386;CA5387;CA5388;CA5389;CA5390;CA5391;CA5392;CA5393;CA5394;CA5395;CA5396;CA5397;CA5398;CA5399;CA5400;CA5401;CA5402;CA5403;CA5404;CA5405
                   CodeAnalysisTargets = C:\Program Files\dotnet\sdk\10.0.300-preview.0.26177.108\Microsoft\VisualStudio\v18.0\CodeAnalysis\Microsoft.CodeAnalysis.targets
                   CommandLineArgsForDesignTimeEvaluation = -langversion:12.0 -define:TRACE
                   CommonOutputGroupsDependsOn = 
                         ;
                         BuildOnlySettings;
                         PrepareForBuild;
                         AssignTargetPaths;
                         ResolveReferences
                       
                   CommonTargetsPath = C:\Program Files\dotnet\sdk\10.0.300-preview.0.26177.108\Microsoft.Common.CurrentVersion.targets
                   CommonXamlResourcesDirectory = C:\Program Files\dotnet\sdk\10.0.300-preview.0.26177.108\\
                   Company = EasyLog
                   CompileDependsOn = 
                         
                         ResolveReferences;
                         ResolveKeySource;
                         SetWin32ManifestProperties;
                         _SetPreferNativeArm64Win32ManifestProperties;
                         FindReferenceAssembliesForReferences;
                         _GenerateCompileInputs;
                         BeforeCompile;
                         _TimeStampBeforeCompile;
                         _GenerateCompileDependencyCache;
                         CoreCompile;
                         _TimeStampAfterCompile;
                         AfterCompile;
                       ;
                         _CreateAppHost;
                         _CreateComHost;
                         _GetIjwHostPaths;
                       
                   CompileLicxFilesDependsOn = 
                   CompilerApiVersion = roslyn5.6
                   CompilerGeneratedFilesOutputPath = 
                   ComputeIntermediateSatelliteAssembliesDependsOn = 
                         CreateManifestResourceNames
                       
                   ComputeNETCoreBuildOutputFiles = true
                   ComReferenceExecuteAsTool = false
                   ComReferenceNoClassMembers = false
                   Configuration = Debug
                   ConfigurationName = Debug
                   Configurations = Debug;Release
                   ConsiderPlatformAsProcessorArchitecture = true
                   ContainerCustomTasksAssembly = C:\Program Files\dotnet\sdk\10.0.300-preview.0.26177.108\Containers\build\..\tasks\net10.0\Microsoft.NET.Build.Containers.dll
                   ContainerCustomTasksFolder = C:\Program Files\dotnet\sdk\10.0.300-preview.0.26177.108\Containers\build\..\tasks\net10.0\
                   ContainerizeFolder = C:\Program Files\dotnet\sdk\10.0.300-preview.0.26177.108\Containers\build\..\containerize\
                   ContainerizeFolderName = containerize
                   ContainerTaskFolderName = tasks
                   ContainerTaskFramework = net10.0
                   ContentFilesProjectOutputGroupDependsOn = PrepareForBuild;AssignTargetPaths
                   ContentPreprocessorOutputDirectory = obj\Debug\net8.0\NuGet\
                   ContentTargetFolders = content;contentFiles
                   ContinueOnError = false
                   CopyBuildOutputToPublishDirectory = true
                   CopyConflictingTransitiveContent = false
                   CopyLocalLockFileAssemblies = false
                   CopyOutputSymbolsToPublishDirectory = true
                   CoreBuildDependsOn = 
                         _CheckForBuildWithNoBuild;
                         
                         BuildOnlySettings;
                         PrepareForBuild;
                         PreBuildEvent;
                         ResolveReferences;
                         PrepareResources;
                         ResolveKeySource;
                         Compile;
                         ExportWindowsMDFile;
                         UnmanagedUnregistration;
                         GenerateSerializationAssemblies;
                         CreateSatelliteAssemblies;
                         GenerateManifests;
                         GetTargetPath;
                         PrepareForRun;
                         UnmanagedRegistration;
                         IncrementalClean;
                         PostBuildEvent
                       ;
                         GenerateBuildDependencyFile;
                         GenerateBuildRuntimeConfigurationFiles
                       
                   CoreCleanDependsOn = 
                         _SdkBeforeClean;
                         
                       
                   CoreCompileDependsOn = ;_ComputeNonExistentFileProperty;ResolveCodeAnalysisRuleSet
                   CoreResGenDependsOn = FindReferenceAssembliesForReferences
                   CreateCustomManifestResourceNamesDependsOn = 
                   CreateHardLinksForCopyAdditionalFilesIfPossible = false
                   CreateManifestResourceNamesDependsOn = 
                   CreateSatelliteAssembliesDependsOn = 
                         
                         ;
                         _GenerateSatelliteAssemblyInputs;
                         ComputeIntermediateSatelliteAssemblies;
                         GenerateSatelliteAssemblies
                       ;
                         CoreGenerateSatelliteAssemblies
                       
                   CreateSymbolicLinksForCopyAdditionalFilesIfPossible = false
                   CSharpCoreTargetsPath = C:\Program Files\dotnet\sdk\10.0.300-preview.0.26177.108\Sdks\Microsoft.NET.Sdk\targets\..\..\..\Roslyn\Microsoft.CSharp.Core.targets
                   CSharpDesignTimeTargetsPath = C:\Program Files\dotnet\sdk\10.0.300-preview.0.26177.108\\Microsoft\VisualStudio\Managed\Microsoft.CSharp.DesignTime.targets
                   CSharpTargetsPath = C:\Program Files\dotnet\sdk\10.0.300-preview.0.26177.108\Microsoft.CSharp.CurrentVersion.targets
                   CustomAfterDirectoryBuildProps = ;C:\Program Files\dotnet\sdk\10.0.300-preview.0.26177.108\Sdks\Microsoft.NET.Sdk\Sdk\UseArtifactsOutputPath.props
                   CustomAfterMicrosoftCommonProps = C:\Program Files\dotnet\sdk\10.0.300-preview.0.26177.108\\vCurrent\Custom.After.Microsoft.Common.props
                   CustomAfterMicrosoftCommonTargets = C:\Program Files\dotnet\sdk\10.0.300-preview.0.26177.108\\vCurrent\Custom.After.Microsoft.Common.targets
                   CustomAfterMicrosoftCSharpTargets = C:\Program Files\dotnet\sdk\10.0.300-preview.0.26177.108\\vCurrent\Custom.After.Microsoft.CSharp.targets
                   CustomBeforeMicrosoftCommonProps = C:\Program Files\dotnet\sdk\10.0.300-preview.0.26177.108\\vCurrent\Custom.Before.Microsoft.Common.props
                   CustomBeforeMicrosoftCommonTargets = C:\Program Files\dotnet\sdk\10.0.300-preview.0.26177.108\\vCurrent\Custom.Before.Microsoft.Common.targets
                   CustomBeforeMicrosoftCSharpTargets = C:\Program Files\dotnet\sdk\10.0.300-preview.0.26177.108\\vCurrent\Custom.Before.Microsoft.CSharp.targets
                   DebugSymbols = true
                   DebugSymbolsProjectOutputGroupDependenciesDependsOn = 
                         ;
                         
                         ;
                         BuildOnlySettings;
                         PrepareForBuild;
                         AssignTargetPaths;
                         ResolveReferences
                       
                       
                   DebugSymbolsProjectOutputGroupDependsOn = 
                   DebugType = portable
                   DefaultAllowedOutputExtensionsInPackageBuildOutputFolder = .dll; .exe; .winmd; .json; .pri; .xml
                   DefaultCopyToPublishDirectoryMetadata = true
                   DefaultExcludesInProjectFolder = ;;**/.*/**
                   DefaultImplicitPackages = Microsoft.NETCore.App;NETStandard.Library
                   DefaultItemExcludes = ;bin\Debug\/**;obj\Debug\/**;bin\/**;obj\/**;bin\Debug\net8.0\publish\/**;**/*.user;**/*.*proj;**/*.sln;**/*.slnx;**/*.vssscc;**/.DS_Store
                   DefaultLanguageSourceExtension = .cs
                   DefaultProjectTypeGuid = {FAE04EC0-301F-11D3-BF4B-00C04F79EFBC}
                   DefineCommonCapabilities = true
                   DefineCommonItemSchemas = true
                   DefineCommonReferenceSchemas = true
                   DefineConstants = TRACE;DEBUG
                   DelaySign = 
                   DeploymentComputeClickOnceManifestInfoDependsOn = 
                         CleanPublishFolder;
                         GetCopyToOutputDirectoryItems;
                         _DeploymentGenerateTrustInfo;
                         
                       
                   DesignerRuntimeImplementationProjectOutputGroupDependsOn = 
                         
                         ;
                         
                         ;
                         BuildOnlySettings;
                         PrepareForBuild;
                         AssignTargetPaths;
                         ResolveReferences
                       
                       ;
                         _GenerateDesignerDepsFile;
                         _GenerateDesignerRuntimeConfigFile;
                         GetCopyToOutputDirectoryItems;
                         _GatherDesignerShadowCopyFiles;
                       
                   DesignTimeAssemblySearchPaths = {CandidateAssemblyFiles};{HintPathFromItem};{TargetFrameworkDirectory};{RawFileName}
                   DesignTimeAutoUnify = true
                   DesignTimeResolveAssemblyReferencesDependsOn = 
                         GetFrameworkPaths;
                         GetReferenceAssemblyPaths;
                         ResolveReferences
                       
                   Deterministic = true
                   DevEnvDir = *Undefined*
                   DisableHandlePackageFileConflicts = true
                   DisableLogTaskParameter_ConvertToAbsolutePath_Path = true
                   DisableLogTaskParameter_FindUnderPath_OutOfPath = true
                   DisableLogTaskParameter_RemoveDuplicates_Inputs = true
                   DisableLogTaskParameterItemMetadata_ConvertToAbsolutePath_AbsolutePaths = true
                   DisableLogTaskParameterItemMetadata_Copy_CopiedFiles = true
                   DisableLogTaskParameterItemMetadata_Copy_DestinationFiles = true
                   DisableLogTaskParameterItemMetadata_Copy_SourceFiles = true
                   DisableLogTaskParameterItemMetadata_FindUnderPath_Files = true
                   DisableLogTaskParameterItemMetadata_FindUnderPath_InPath = true
                   DisableLogTaskParameterItemMetadata_GenerateResource_FilesWritten = true
                   DisableLogTaskParameterItemMetadata_Hash_ItemsToHash = true
                   DisableLogTaskParameterItemMetadata_RemoveDuplicates_Filtered = true
                   DisableLogTaskParameterItemMetadata_WriteLinesToFile_Lines = true
                   DisableStandardFrameworkResolution = true
                   DocumentationFile = 
                   DocumentationProjectOutputGroupDependenciesDependsOn = 
                         ;
                         
                         ;
                         BuildOnlySettings;
                         PrepareForBuild;
                         AssignTargetPaths;
                         ResolveReferences
                       
                       
                   DocumentationProjectOutputGroupDependsOn = 
                   DOTNET_CLI_HOME = C:\Users\Lenovo\Documents\Génie Logiciel\EasySave-Groupe1\.appdata\dotnet-cli
                   DOTNET_CLI_TELEMETRY_OPTOUT = 1
                   DOTNET_HOST_PATH = C:\Program Files\dotnet\dotnet.exe
                   DOTNET_SKIP_FIRST_TIME_EXPERIENCE = 1
                   DotNetApiCompatTaskAssembly = C:\Program Files\dotnet\sdk\10.0.300-preview.0.26177.108\Sdks\Microsoft.NET.Sdk\targets\..\tools\net10.0\Microsoft.DotNet.ApiCompat.Task.dll
                   DotnetCliToolTargetFramework = netcoreapp2.2
                   DotNetSdkSupportsVSHostObjectRemoting = true
                   EffectiveAnalysisLevel = 8.0
                   EffectiveCodeAnalysisTreatWarningsAsErrors = 
                   EffectiveTargetPlatformVersion = 
                   EmbeddedResourceUseDependentUponConvention = true
                   EmbeddedWin32Manifest = 
                   EmbedUntrackedSources = true
                   EmitAssetsLogMessages = true
                   EmitCompilerGeneratedFiles = false
                   EmitLegacyAssetsFileItems = false
                   EnableAppxPackageTargetsForUwpClassLibraries = true
                   EnableDefaultCompileItems = true
                   EnableDefaultEmbeddedResourceItems = true
                   EnableDefaultItems = true
                   EnableDefaultNoneItems = true
                   EnableFrameworkPathOverride = false
                   EnableNETAnalyzers = true
                   EnableSourceControlManagerQueries = true
                   EnableSourceLink = true
                   EnableUnsafeBinaryFormatterSerialization = false
                   EnableWebSdkImplicitPackageVersions = false
                   EnforceCodeStyleInBuild = false
                   ErrorReport = prompt
                   ExpandSDKAllowedReferenceExtensions = 
                         .winmd;
                         .dll
                       
                   ExpandSDKReferencesDependsOn = 
                         ResolveSDKReferences
                       
                   FileAlignment = 512
                   FindInvalidProjectReferencesDependsOn = 
                         GetReferenceTargetPlatformMonikers
                       
                   Framework20Dir = @(_TargetFramework20DirectoryItem)
                   Framework30Dir = @(_TargetFramework30DirectoryItem)
                   Framework35Dir = @(_TargetFramework35DirectoryItem)
                   Framework40Dir = @(_TargetFramework40DirectoryItem)
                   FrameworkDir = @(_TargetFramework40DirectoryItem)
                   FrameworkPathOverride = 
                   FrameworkRegistryBase = Software\Microsoft\.NETCoreApp
                   FrameworkSDKDir = @(_TargetFrameworkSDKDirectoryItem)
                   FullReferenceAssemblyNames = Full
                   GenerateAssemblyCompanyAttribute = true
                   GenerateAssemblyConfigurationAttribute = true
                   GenerateAssemblyCopyrightAttribute = true
                   GenerateAssemblyDescriptionAttribute = true
                   GenerateAssemblyFileVersionAttribute = true
                   GenerateAssemblyInfo = true
                   GenerateAssemblyInformationalVersionAttribute = true
                   GenerateAssemblyMetadataAttributes = true
                   GenerateAssemblyProductAttribute = true
                   GenerateAssemblyTitleAttribute = true
                   GenerateAssemblyTrademarkAttribute = true
                   GenerateAssemblyVersionAttribute = true
                   GeneratedAssemblyInfoFile = obj\Debug\net8.0\EasyLog.AssemblyInfo.cs
                   GenerateDependencyFile = true
                   GeneratedGlobalUsingsFile = obj\Debug\net8.0\EasyLog.GlobalUsings.g.cs
                   GenerateDisableRuntimeMarshallingAttribute = true
                   GenerateDocumentationFile = false
                   GenerateFullPaths = true
                   GenerateInternalsVisibleToAttributes = true
                   GenerateManifestsDependsOn = 
                         SetWin32ManifestProperties;
                         GenerateApplicationManifest;
                         GenerateDeploymentManifest
                       
                   GenerateNeutralResourcesLanguageAttribute = true
                   GenerateNuspecDependsOn = Build;_LoadPackInputItems; _GetTargetFrameworksOutput; _WalkEachTargetPerFramework; _GetPackageFiles; 
                   GeneratePackageOnBuild = false
                   GenerateRepositoryUrlAttribute = true
                   GenerateResourceMSBuildArchitecture = CurrentArchitecture
                   GenerateResourceMSBuildRuntime = CurrentRuntime
                   GenerateResourceUsePreserializedResources = true
                   GenerateResourceWarnOnBinaryFormatterUse = true
                   GenerateRuntimeConfigDevFile = false
                   GenerateSatelliteAssembliesForCore = true
                   GenerateSupportedOSPlatformAttribute = true
                   GenerateTargetFrameworkAttribute = true
                   GenerateTargetPlatformAttribute = true
                   GetCopyToOutputDirectoryItemsDependsOn = 
                         AssignTargetPaths;
                         
                         AssignProjectConfiguration;
                         _SplitProjectReferencesByFileExistence
                       ;
                         _GetProjectReferenceTargetFrameworkProperties;
                         _PopulateCommonStateForGetCopyToOutputDirectoryItems
                       
                   GetFrameworkPathsDependsOn = 
                   GetReferenceNearestTargetFrameworkTaskSupportsTargetFrameworkPropertyParameter = true
                   GetReferenceNearestTargetFrameworkTaskSupportsTargetPlatformParameter = true
                   GetTargetPathWithTargetPlatformMonikerDependsOn = 
                   HasRuntimeOutput = 
                   HideWarningsAndErrors = false
                   HighEntropyVA = true
                   ImplicitConfigurationDefine = DEBUG
                   ImplicitUsings = enable
                   ImportByWildcardAfterMicrosoftCommonProps = true
                   ImportByWildcardAfterMicrosoftCommonTargets = true
                   ImportByWildcardAfterMicrosoftCSharpTargets = true
                   ImportByWildcardBeforeMicrosoftCommonProps = true
                   ImportByWildcardBeforeMicrosoftCommonTargets = true
                   ImportByWildcardBeforeMicrosoftCSharpTargets = true
                   ImportDirectoryBuildProps = true
                   ImportDirectoryBuildTargets = true
                   ImportDirectoryPackagesProps = true
                   ImportFrameworkWinFXTargets = false
                   ImportNuGetBuildTasksPackTargetsFromSdk = true
                   ImportProjectExtensionProps = true
                   ImportProjectExtensionTargets = true
                   ImportUserLocationsByWildcardAfterMicrosoftCommonProps = true
                   ImportUserLocationsByWildcardAfterMicrosoftCommonTargets = true
                   ImportUserLocationsByWildcardAfterMicrosoftCSharpTargets = true
                   ImportUserLocationsByWildcardBeforeMicrosoftCommonProps = true
                   ImportUserLocationsByWildcardBeforeMicrosoftCommonTargets = true
                   ImportUserLocationsByWildcardBeforeMicrosoftCSharpTargets = true
                   IncludeBuildOutput = true
                   IncludeContentInPack = true
                   IncludeFileVersionsInDependencyFile = true
                   IncludeMainProjectInDepsFile = true
                   IncludeProjectsNotInAssetsFileInDepsFile = true
                   IncludeSourceRevisionInInformationalVersion = true
                   IncludeSymbolsInSingleFile = false
                   InnerBuildProperty = TargetFramework
                   InnerBuildPropertyValues = TargetFrameworks
                   IntermediateOutputPath = obj\Debug\net8.0\
                   IsPackable = true
                   IsPublishable = true
                   IsRestoreTargetsFileLoaded = true
                   IsRidAgnostic = true
                   Language = C#
                   LanguageTargets = C:\Program Files\dotnet\sdk\10.0.300-preview.0.26177.108\Microsoft.CSharp.targets
                   LangVersion = 12.0
                   MarkPackageReferencesAsExternallyResolved = true
                   MaxSupportedLangVersion = 12.0
                   MaxTargetPath = 100
                   MicrosoftBuildTasksGitAssemblyFile = C:\Program Files\dotnet\sdk\10.0.300-preview.0.26177.108\Sdks\Microsoft.Build.Tasks.Git\build\..\tools\net\Microsoft.Build.Tasks.Git.dll
                   MicrosoftCommonPropsHasBeenImported = true
                   MicrosoftNETBuildExtensionsTargets = C:\Program Files\dotnet\sdk\10.0.300-preview.0.26177.108\\Microsoft\Microsoft.NET.Build.Extensions\Microsoft.NET.Build.Extensions.targets
                   MicrosoftNETBuildExtensionsTasksAssembly = C:\Program Files\dotnet\sdk\10.0.300-preview.0.26177.108\Microsoft\Microsoft.NET.Build.Extensions\\tools\net10.0\Microsoft.NET.Build.Extensions.Tasks.dll
                   MicrosoftNETBuildTasksAssembly = C:\Program Files\dotnet\sdk\10.0.300-preview.0.26177.108\Sdks\Microsoft.NET.Sdk\targets\..\tools\net10.0\Microsoft.NET.Build.Tasks.dll
                   MicrosoftNETBuildTasksDirectory = C:\Program Files\dotnet\sdk\10.0.300-preview.0.26177.108\Sdks\Microsoft.NET.Sdk\targets\..\tools\net10.0\
                   MicrosoftNETBuildTasksDirectoryRoot = C:\Program Files\dotnet\sdk\10.0.300-preview.0.26177.108\Sdks\Microsoft.NET.Sdk\targets\..\tools\
                   MicrosoftNETBuildTasksTFM = net10.0
                   MicrosoftNETFrameworkReferenceAssembliesLatestPackageVersion = 1.0.3
                   MicrosoftNETWindowsWorkloadInstalled = true
                   MinimumMSBuildVersion = 18.0.0
                   MsAppxPackageTargets = C:\Program Files\dotnet\sdk\10.0.300-preview.0.26177.108\Microsoft\VisualStudio\v18.0\AppxPackage\Microsoft.AppXPackage.Targets
                   MSBuildAllProjects = C:\Users\Lenovo\Documents\Génie Logiciel\EasySave-Groupe1\EasyLog\obj\EasyLog.csproj.nuget.g.props;;C:\Program Files\dotnet\sdk\10.0.300-preview.0.26177.108\Current\Microsoft.Common.targets\ImportAfter\Microsoft.TestPlatform.ImportAfter.targets
                   MSBuildAssemblyVersion = 18.0
                   MSBuildBinPath = C:\Program Files\dotnet\sdk\10.0.300-preview.0.26177.108
                   MSBuildCopyContentTransitively = true
                   MSBuildCopyMarkerName = EasyLog.csproj.Up2Date
                   MSBuildDisableFeaturesFromVersion = 999.999
                   MSBuildEnableWorkloadResolver = true
                   MSBuildExtensionsPath = C:\Program Files\dotnet\sdk\10.0.300-preview.0.26177.108\
                   MSBuildExtensionsPath32 = C:\Program Files\dotnet\sdk\10.0.300-preview.0.26177.108
                   MSBuildExtensionsPath64 = C:\Program Files\dotnet\sdk\10.0.300-preview.0.26177.108
                   MSBUILDFAILONDRIVEENUMERATINGWILDCARD = 1
                   MSBuildFileVersion = 18.6.0.17808
                   MSBuildLoadMicrosoftTargetsReadOnly = true
                   MSBuildNodeCount = 4
                   MSBuildProgramFiles32 = C:\Program Files (x86)
                   MSBuildProjectDefaultTargets = Build
                   MSBuildProjectDirectory = C:\Users\Lenovo\Documents\Génie Logiciel\EasySave-Groupe1\EasyLog
                   MSBuildProjectDirectoryNoRoot = Users\Lenovo\Documents\Génie Logiciel\EasySave-Groupe1\EasyLog
                   MSBuildProjectExtension = .csproj
                   MSBuildProjectExtensionsPath = C:\Users\Lenovo\Documents\Génie Logiciel\EasySave-Groupe1\EasyLog\obj\
                   MSBuildProjectFile = EasyLog.csproj
                   MSBuildProjectFullPath = C:\Users\Lenovo\Documents\Génie Logiciel\EasySave-Groupe1\EasyLog\EasyLog.csproj
                   MSBuildProjectName = EasyLog
                   MSBuildRuntimeType = Core
                   MSBuildSDKsPath = C:\Program Files\dotnet\sdk\10.0.300-preview.0.26177.108\Sdks
                   MSBuildSemanticVersion = 18.6.0-preview-26177-108+cf1948f9c
                   MSBuildStartupDirectory = C:\Users\Lenovo\Documents\Génie Logiciel\EasySave-Groupe1\EasySave.Console
                   MSBuildToolsPath = C:\Program Files\dotnet\sdk\10.0.300-preview.0.26177.108
                   MSBuildToolsVersion = Current
                   MSBuildUserExtensionsPath = C:\Users\Lenovo\AppData\Local\Microsoft\MSBuild
                   MSBUILDUSESERVER = 0
                   MSBuildUseVisualStudioDirectoryLayout = False
                   MSBuildVersion = 18.6.0
                   MSBuildWarningsAsErrors = ;NU1605
                   MSBuildWarningsAsMessages = ;1701;1702
                   MSBuildWarningsNotAsErrors = 
                   MsTestToolsTargets = C:\Program Files\dotnet\sdk\10.0.300-preview.0.26177.108\Microsoft\VisualStudio\v18.0\TeamTest\Microsoft.TeamTest.targets
                   NETCoreAppMaximumVersion = 10.0
                   NetCoreRoot = C:\Program Files\dotnet\
                   NETCoreSdkBundledCliToolsProps = C:\Program Files\dotnet\sdk\10.0.300-preview.0.26177.108\Sdks\Microsoft.NET.Sdk\targets\..\..\..\Microsoft.NETCoreSdk.BundledCliTools.props
                   NETCoreSdkBundledMSBuildInformationProps = C:\Program Files\dotnet\sdk\10.0.300-preview.0.26177.108\Sdks\Microsoft.NET.Sdk\targets\..\..\..\Microsoft.NETCoreSdk.BundledMSBuildInformation.props
                   NETCoreSdkBundledVersionsProps = C:\Program Files\dotnet\sdk\10.0.300-preview.0.26177.108\Sdks\Microsoft.NET.Sdk\targets\..\..\..\Microsoft.NETCoreSdk.BundledVersions.props
                   NETCoreSdkPortableRuntimeIdentifier = win-x64
                   NETCoreSdkRuntimeIdentifier = win-x64
                   NETCoreSdkVersion = 10.0.300-preview.0.26177.108
                   NetCoreTargetingPackRoot = C:\Program Files\dotnet\packs
                   NoCompilerStandardLib = true
                   NoStdLib = true
                   NoWarn = 1701;1702
                   NuGetAudit = true
                   NuGetAuditLevel = low
                   NuGetAuditMode = direct
                   NuGetBuildTasksPackTargets = C:\Program Files\dotnet\sdk\10.0.300-preview.0.26177.108\Sdks\Microsoft.NET.Sdk\Sdk\..\..\..\NuGet.Build.Tasks.Pack.targets
                   NuGetInteractive = 
                   NuGetPackageFolders = C:\Users\Lenovo\.nuget\packages\;C:\Program Files (x86)\Microsoft Visual Studio\Shared\NuGetPackages
                   NuGetPackageRoot = C:\Users\Lenovo\.nuget\packages\
                   NuGetPackTaskAssemblyFile = NuGet.Build.Tasks.Pack.dll
                   NuGetProjectStyle = PackageReference
                   NuGetPropsFile = C:\Program Files\dotnet\sdk\10.0.300-preview.0.26177.108\NuGet.props
                   NuGetRestoreTargets = C:\Program Files\dotnet\sdk\10.0.300-preview.0.26177.108\NuGet.targets
                   NuGetTargetMoniker = .NETCoreApp,Version=v8.0
                   NuGetToolVersion = 7.0.0
                   Nullable = enable
                   NuspecOutputPath = obj\Debug\
                   Optimize = false
                   OutDir = bin\Debug\net8.0\
                   OutputPath = bin\Debug\net8.0\
                   OutputType = Library
                   OverwriteReadOnlyFiles = false
                   PackageDescription = Package Description
                   PackageDownloadSupported = true
                   PackageId = EasyLog
                   PackageOutputPath = bin\Debug\
                   PackageRequireLicenseAcceptance = false
                   PackageVersion = 1.0.0
                   PackDependsOn = ; _GetRestoreProjectStyle; _IntermediatePack; GenerateNuspec; 
                   PackRelease = true
                   Platform = AnyCPU
                   PlatformName = AnyCPU
                   Platforms = AnyCPU
                   PostBuildEventDependsOn = 
                   PreBuildEventDependsOn = 
                   Prefer32Bit = false
                   PreferNativeArm64 = false
                   PrepareForBuildDependsOn = ;GetFrameworkPaths;GetReferenceAssemblyPaths;AssignLinkMetadata
                   PrepareForRunDependsOn = 
                         CopyFilesToOutputDirectory
                       
                   PrepareProjectReferencesDependsOn = 
                         AssignProjectConfiguration;
                         _SplitProjectReferencesByFileExistence;
                         _GetProjectReferenceTargetFrameworkProperties;
                         _GetProjectReferencePlatformProperties
                       
                   PrepareResourceNamesDependsOn = 
                         AssignTargetPaths;
                         SplitResourcesByCulture;
                         CreateManifestResourceNames;
                         CreateCustomManifestResourceNames
                       
                   PrepareResourcesDependsOn = 
                         ResolvePackageDependenciesForBuild;
                         _HandlePackageFileConflicts;
                         
                         ;
                         PrepareResourceNames;
                         ResGen;
                         CompileLicxFiles
                       
                       
                   PreserveCompilationReferences = 
                   ProcessorArchitecture = msil
                   ProcessorArchitectureAsPlatform = AnyCPU
                   ProduceReferenceAssembly = true
                   Product = EasyLog
                   ProjectAssetsCacheFile = C:\Users\Lenovo\Documents\Génie Logiciel\EasySave-Groupe1\EasyLog\obj\Debug\net8.0\EasyLog.assets.cache
                   ProjectAssetsFile = C:\Users\Lenovo\Documents\Génie Logiciel\EasySave-Groupe1\EasyLog\obj\project.assets.json
                   ProjectDepsFileName = EasyLog.deps.json
                   ProjectDepsFilePath = C:\Users\Lenovo\Documents\Génie Logiciel\EasySave-Groupe1\EasyLog\bin\Debug\net8.0\EasyLog.deps.json
                   ProjectDesignTimeAssemblyResolutionSearchPaths = 
                         {CandidateAssemblyFiles};
                         ;
                         {HintPathFromItem};
                         {TargetFrameworkDirectory};
                         {Registry:Software\Microsoft\.NETCoreApp,v8.0,AssemblyFoldersEx};
                         {RawFileName};
                         C:\Users\Lenovo\Documents\Génie Logiciel\EasySave-Groupe1\EasyLog\bin\Debug\net8.0\
                       
                   ProjectDir = C:\Users\Lenovo\Documents\Génie Logiciel\EasySave-Groupe1\EasyLog\
                   ProjectExt = .csproj
                   ProjectFileName = EasyLog.csproj
                   ProjectFlavor = Client
                   ProjectName = EasyLog
                   ProjectPath = C:\Users\Lenovo\Documents\Génie Logiciel\EasySave-Groupe1\EasyLog\EasyLog.csproj
                   ProjectRuntimeConfigFileName = EasyLog.runtimeconfig.json
                   ProjectRuntimeConfigFilePath = C:\Users\Lenovo\Documents\Génie Logiciel\EasySave-Groupe1\EasyLog\bin\Debug\net8.0\EasyLog.runtimeconfig.json
                   PrunePackageDataRoot = C:\Program Files\dotnet\sdk\10.0.300-preview.0.26177.108\PrunePackageData
                   PublishableProject = 
                   PublishBuildDependsOn = 
                         BuildOnlySettings;
                         PrepareForBuild;
                         ResolveReferences;
                         PrepareResources;
                         ResolveKeySource;
                         GenerateSerializationAssemblies;
                         CreateSatelliteAssemblies;
                       
                   PublishContainerDependsOn = 
                         _ContainerVerifySDKVersion;
                         ComputeContainerConfig;
                         _CheckContainersPackage;
                       
                   PublishDependsOn = 
                         _DeploymentUnpublishable
                       
                   PublishDir = bin\Debug\net8.0\publish\
                   PublishDirName = publish
                   PublishDocumentationFile = true
                   PublishDocumentationFiles = true
                   PublishItemsOutputGroupDependsOn = 
                         ;
                         ResolveReferences;
                         ComputeResolvedFilesToPublishList;
                         _ComputeFilesToBundle;
                       
                   PublishOnlyDependsOn = 
                         SetGenerateManifests;
                         PublishBuild;
                         BeforePublish;
                         GenerateManifests;
                         CopyFilesToOutputDirectory;
                         _CopyFilesToPublishFolder;
                         _DeploymentGenerateBootstrapper;
                         ResolveKeySource;
                         _DeploymentSignClickOnceDeployment;
                         AfterPublish
                       
                   PublishProfileImported = false
                   PublishReadyToRunComposite = false
                   PublishReadyToRunPerfmapFormatVersion = 1
                   PublishReadyToRunUseCrossgen2 = true
                   PublishReadyToRunUseRuntimePackOptimizationData = true
                   PublishReferencesDocumentationFiles = true
                   PublishRelease = true
                   RebuildDependsOn = 
                         _SdkBeforeRebuild;
                         
                         BeforeRebuild;
                         Clean;
                         Build;
                         AfterRebuild;
                       
                       
                   RefAssembliesFolderName = refs
                   ReferenceCopyLocalPathsOutputGroupDependsOn = 
                         ;
                         
                         ;
                         BuildOnlySettings;
                         PrepareForBuild;
                         AssignTargetPaths;
                         ResolveReferences
                       
                       
                   ReportingServicesTargets = C:\Program Files\dotnet\sdk\10.0.300-preview.0.26177.108\\Microsoft\VisualStudio\v18.0\ReportingServices\Microsoft.ReportingServices.targets
                   ResGenDependsOn = ResolveAssemblyReferences;SplitResourcesByCulture;BeforeResGen;CoreResGen;AfterResGen
                   ResGenExecuteAsTool = false
                   ResolveAssemblyReferenceOutputUnresolvedAssemblyConflicts = true
                   ResolveAssemblyReferencesDependsOn = 
                         
                         
                         ResolveProjectReferences;
                         FindInvalidProjectReferences;
                         GetFrameworkPaths;
                         GetReferenceAssemblyPaths;
                         PrepareForBuild;
                         ResolveSDKReferences;
                         ExpandSDKReferences;
                       ;
                         ResolvePackageDependenciesForBuild;
                         _HandlePackageFileConflicts;
                       ;
                         ResolveTargetingPackAssets;
                       
                   ResolveNuGetPackages = false
                   ResolvePackageDependenciesForBuildDependsOn = 
                         ResolveLockFileReferences;
                         ResolveLockFileAnalyzers;
                         ResolveLockFileCopyLocalFiles;
                         ResolveRuntimePackAssets;
                         RunProduceContentAssets;
                         IncludeTransitiveProjectReferences
                       
                   ResolveReferencesDependsOn = 
                         BeforeResolveReferences;
                         AssignProjectConfiguration;
                         ResolveProjectReferences;
                         FindInvalidProjectReferences;
                         ResolveNativeReferences;
                         ResolveAssemblyReferences;
                         GenerateBindingRedirects;
                         GenerateBindingRedirectsUpdateAppConfig;
                         ResolveComReferences;
                         AfterResolveReferences
                       
                   ResolveSDKReferencesDependsOn = 
                         GetInstalledSDKLocations
                       
                   Restore = false
                   RestoreAdditionalProjectSources = ;C:\Program Files\dotnet\library-packs
                   RestoreBuildInParallel = true
                   RestoreContinueOnError = WarnAndContinue
                   RestoreEnablePackagePruning = false
                   RestoreOutputPath = C:\Users\Lenovo\Documents\Génie Logiciel\EasySave-Groupe1\EasyLog\obj\
                   RestorePackagePruningDefault = false
                   RestoreProjectStyle = PackageReference
                   RestoreRecursive = true
                   RestoreSuccess = True
                   RestoreTaskAssemblyFile = NuGet.Build.Tasks.dll
                   RestoreTool = NuGet
                   RestoreUseSkipNonexistentTargets = true
                   RootNamespace = EasyLog
                   RoslynAssembliesPath = C:\Program Files\dotnet\sdk\10.0.300-preview.0.26177.108\Sdks\Microsoft.NET.Sdk\targets\..\..\..\Roslyn\bincore
                   RoslynCompilerType = Core
                   RoslynCoreAssembliesPath = C:\Program Files\dotnet\sdk\10.0.300-preview.0.26177.108\Sdks\Microsoft.NET.Sdk\targets\..\..\..\Roslyn\bincore
                   RoslynTargetsPath = C:\Program Files\dotnet\sdk\10.0.300-preview.0.26177.108\Sdks\Microsoft.NET.Sdk\targets\..\..\..\Roslyn
                   RoslynTasksAssembly = C:\Program Files\dotnet\sdk\10.0.300-preview.0.26177.108\Sdks\Microsoft.NET.Sdk\targets\..\..\..\Roslyn\Microsoft.Build.Tasks.CodeAnalysis.dll
                   RunDependsOn = 
                   RunPackageValidationDependsOn = CollectApiCompatInputs;_GetReferencePathFromInnerProjects;
                   RuntimeIdentifierGraphPath = C:\Program Files\dotnet\sdk\10.0.300-preview.0.26177.108/PortableRuntimeIdentifierGraph.json
                   RunWorkingDirectory = 
                   SatelliteDllsProjectOutputGroupDependenciesDependsOn = 
                         ;
                         
                         ;
                         BuildOnlySettings;
                         PrepareForBuild;
                         AssignTargetPaths;
                         ResolveReferences
                       
                       
                   SatelliteDllsProjectOutputGroupDependsOn = ;PrepareForBuild;PrepareResourceNames
                   SdkAnalysisLevel = 10.0.300
                   SDKContainerSupportEnabled = true
                   SDKRedistOutputGroupDependsOn = ResolveSDKReferences;ExpandSDKReferences
                   SDKReferenceDirectoryRoot = C:\Users\Lenovo\AppData\Local\Microsoft SDKs;C:\Program Files (x86)\Microsoft SDKs
                   SDKReferenceRegistryRoot = Software\Microsoft\Microsoft SDKs
                   SGenFilesOutputGroupDependenciesDependsOn = 
                         ;
                         
                         ;
                         BuildOnlySettings;
                         PrepareForBuild;
                         AssignTargetPaths;
                         ResolveReferences
                       
                       
                   SGenFilesOutputGroupDependsOn = 
                   SGenShouldGenerateSerializer = true
                   SGenUseKeep = false
                   SGenUseProxyTypes = true
                   ShouldMarkCertainSDKReferencesAsRuntimeOnly = true
                   SignAssembly = false
                   SkipCopyUnchangedFiles = true
                   SkipImportNuGetBuildTargets = true
                   SkipImportNuGetProps = true
                   SolutionDir = *Undefined*
                   SolutionExt = *Undefined*
                   SolutionFileName = *Undefined*
                   SolutionName = *Undefined*
                   SolutionPath = *Undefined*
                   SourceControlInformationFeatureSupported = true
                   SourceControlManagerUrlTranslationTargets = ;TranslateGitHubUrlsInSourceControlInformation;TranslateGitLabUrlsInSourceControlInformation;TranslateAzureReposGitUrlsInSourceControlInformation;TranslateBitbucketGitUrlsInSourceControlInformation
                   SourceFilesProjectOutputGroupDependsOn = PrepareForBuild;AssignTargetPaths
                   SourceLinkUrlInitializerTargets = ;_InitializeGitHubSourceLinkUrl;_InitializeGitLabSourceLinkUrl;_InitializeAzureReposGitSourceLinkUrl;_InitializeBitbucketGitSourceLinkUrl
                   SourceRootMappedPathsFeatureSupported = true
                   SupportedOSPlatformVersion = 
                   SupportsRoslynComponentVersioning = true
                   SuppressDependenciesWhenPacking = false
                   SymbolPackageFormat = symbols.nupkg
                   TargetCulture = *
                   TargetDeployManifestFileName = EasyLog.application
                   TargetDir = C:\Users\Lenovo\Documents\Génie Logiciel\EasySave-Groupe1\EasyLog\bin\Debug\net8.0\
                   TargetedFrameworkDir = @(_TargetedFrameworkDirectoryItem)
                   TargetedSDKArchitecture = msil
                   TargetedSDKConfiguration = Debug
                   TargetExt = .dll
                   TargetFileName = EasyLog.dll
                   TargetFramework = net8.0
                   TargetFrameworkDirectory = 
                   TargetFrameworkIdentifier = .NETCoreApp
                   TargetFrameworkMoniker = .NETCoreApp,Version=v8.0
                   TargetFrameworkMonikerAssemblyAttributesPath = obj\Debug\net8.0\.NETCoreApp,Version=v8.0.AssemblyAttributes.cs
                   TargetFrameworkMonikerDisplayName = .NET 8.0
                   TargetFrameworkSDKToolsDirectory = 
                   TargetFrameworkVersion = v8.0
                   TargetLatestRuntimePatch = false
                   TargetName = EasyLog
                   TargetPath = C:\Users\Lenovo\Documents\Génie Logiciel\EasySave-Groupe1\EasyLog\bin\Debug\net8.0\EasyLog.dll
                   TargetPlatformDisplayName =  
                   TargetPlatformIdentifier = 
                   TargetPlatformRegistryBase = Software\Microsoft\Microsoft SDKs\
                   TargetPlatformSdkPath = 
                   TargetPlatformVersion = 
                   TargetRefPath = C:\Users\Lenovo\Documents\Génie Logiciel\EasySave-Groupe1\EasyLog\obj\Debug\net8.0\ref\EasyLog.dll
                   TargetRuntime = Managed
                   TargetsForTfmSpecificContentInPackage = ;_PackProjectToolValidation
                   TargetsNet8 = true
                   ToolDepsJsonGeneratorProject = C:\Program Files\dotnet\sdk\10.0.300-preview.0.26177.108\Sdks\Microsoft.NET.Sdk\targets\GenerateDeps\GenerateDeps.proj
                   TreatWarningsAsErrors = false
                   TrimDepsJsonLibrariesWithoutAssets = true
                   UnmanagedRegistrationDependsOn = 
                   UnmanagedUnregistrationDependsOn = 
                   UnsupportedTargetFrameworkVersion = 11.0
                   UseCommonOutputDirectory = false
                   UseDefaultPlatformLookupTables = true
                   UseHostCompilerIfAvailable = true
                   UseMSBuildTestInfrastructure = false
                   UseOSWinMdReferences = false
                   UseRidGraph = false
                   UserProfileRuntimeStorePath = C:\Users\Lenovo\.dotnet\store
                   UserRuntimeConfig = C:\Users\Lenovo\Documents\Génie Logiciel\EasySave-Groupe1\EasyLog/runtimeconfig.template.json
                   UseSourcePath = true
                   UsingMicrosoftNETSdk = true
                   UsingNETSdkDefaults = true
                   Utf8Output = true
                   ValidateRuntimeIdentifierCompatibility = false
                   VerifyMatchingImplicitPackageVersion = true
                   Version = 1.0.0
                   VersionPrefix = 1.0.0
                   VisualBasicCoreTargetsPath = C:\Program Files\dotnet\sdk\10.0.300-preview.0.26177.108\Sdks\Microsoft.NET.Sdk\targets\..\..\..\Roslyn\Microsoft.VisualBasic.Core.targets
                   VisualStudioVersion = 18.0
                   VSTestConsolePath = C:\Program Files\dotnet\sdk\10.0.300-preview.0.26177.108\vstest.console.dll
                   VSTestNoBuild = False
                   VSTestTargets = C:\Program Files\dotnet\sdk\10.0.300-preview.0.26177.108\\Microsoft.TestPlatform.targets
                   VSTestTaskAssemblyFile = Microsoft.TestPlatform.Build.dll
                   VsTestUseMSBuildOutput = False
                   WarningLevel = 8
                   WarningsAsErrors = ;NU1605;SYSLIB0011
                   WarnOnPackingNonPackableProject = false
                   WebReference_EnableLegacyEventingModel = false
                   WebReference_EnableProperties = true
                   WebReference_EnableSQLTypes = true
                   WMSJSProject = WJProject
                   WMSJSProjectDirectory = JavaScript
                   YieldDuringToolExecution = true

16:28:54.397     0>Éléments initiaux :
                   _AllDirectoriesAbove
                       C:\
                       C:\Users
                       C:\Users\Lenovo
                       C:\Users\Lenovo\Documents
                       C:\Users\Lenovo\Documents\Génie Logiciel
                       C:\Users\Lenovo\Documents\Génie Logiciel\EasySave-Groupe1
                       C:\Users\Lenovo\Documents\Génie Logiciel\EasySave-Groupe1\EasyLog
                       C:\Users\Lenovo\Documents\Génie Logiciel\EasySave-Groupe1\EasyLog\Models
                   _ApplicationManifestFinal
                       bin\Debug\net8.0\Native.EasyLog.manifest
                           TargetPath = Native.EasyLog.manifest
                   _DebugSymbolsIntermediatePath
                       obj\Debug\net8.0\EasyLog.pdb
                   _DebugSymbolsOutputPath
                       bin\Debug\net8.0\EasyLog.pdb
                   _DeploymentManifestEntryPoint
                       obj\Debug\net8.0\EasyLog.dll
                           TargetPath = EasyLog.dll
                   _EolNetCoreTargetFrameworkVersions
                       1.0
                       1.1
                       2.0
                       2.1
                       2.2
                       3.0
                       3.1
                       5.0
                       6.0
                       7.0
                   _ExcludedKnownRuntimeIdentiferPlatforms
                       rhel.6
                       rhel.6
                       rhel.6
                       rhel.6
                       rhel.6
                       rhel.6
                       rhel.6
                       rhel.6
                       rhel.6
                       rhel.6
                       rhel.6
                       rhel.6
                       rhel.6
                       rhel.6
                       rhel.6
                       rhel.6
                       rhel.6
                       tizen.4.0.0
                       tizen.4.0.0
                       tizen.4.0.0
                       tizen.4.0.0
                       tizen.4.0.0
                       tizen.4.0.0
                       tizen.4.0.0
                       tizen.4.0.0
                       tizen.4.0.0
                       tizen.4.0.0
                       tizen.4.0.0
                       tizen.4.0.0
                       tizen.4.0.0
                       tizen.4.0.0
                       tizen.4.0.0
                       tizen.4.0.0
                       tizen.4.0.0
                       tizen.4.0.0
                       tizen.4.0.0
                       tizen.4.0.0
                       tizen.4.0.0
                       tizen.4.0.0
                       tizen.4.0.0
                       tizen.4.0.0
                       tizen.4.0.0
                       tizen.4.0.0
                       tizen.4.0.0
                       tizen.4.0.0
                       tizen.4.0.0
                       tizen.4.0.0
                       tizen.4.0.0
                       tizen.4.0.0
                       tizen.4.0.0
                       tizen.4.0.0
                       tizen.4.0.0
                       tizen.4.0.0
                       tizen.4.0.0
                       tizen.4.0.0
                       tizen.4.0.0
                       tizen.4.0.0
                       tizen.5.0.0
                       tizen.5.0.0
                       tizen.5.0.0
                       tizen.5.0.0
                       tizen.5.0.0
                       tizen.5.0.0
                       tizen.5.0.0
                       tizen.5.0.0
                       tizen.5.0.0
                       tizen.5.0.0
                       tizen.5.0.0
                       tizen.5.0.0
                       tizen.5.0.0
                       tizen.5.0.0
                       tizen.5.0.0
                       tizen.5.0.0
                       tizen.5.0.0
                       tizen.5.0.0
                       tizen.5.0.0
                       tizen.5.0.0
                       tizen.5.0.0
                       tizen.5.0.0
                       tizen.5.0.0
                       tizen.5.0.0
                       tizen.5.0.0
                       tizen.5.0.0
                       tizen.5.0.0
                       tizen.5.0.0
                       tizen.5.0.0
                       tizen.5.0.0
                       tizen.5.0.0
                       tizen.5.0.0
                       tizen.5.0.0
                       tizen.5.0.0
                       tizen.5.0.0
                       tizen.5.0.0
                       tizen.5.0.0
                       tizen.5.0.0
                       tizen.5.0.0
                       tizen.5.0.0
                   _KnownRuntimeIdentiferPlatforms
                       any
                       any
                       any
                       any
                       any
                       any
                       any
                       any
                       any
                       any
                       any
                       any
                       any
                       any
                       any
                       any
                       any
                       any
                       any
                       any
                       any
                       any
                       any
                       any
                       any
                       any
                       any
                       any
                       any
                       any
                       any
                       any
                       any
                       any
                       any
                       any
                       any
                       any
                       any
                       aot
                       aot
                       aot
                       aot
                       aot
                       aot
                       aot
                       aot
                       aot
                       aot
                       aot
                       aot
                       aot
                       aot
                       aot
                       aot
                       aot
                       aot
                       aot
                       aot
                       aot
                       aot
                       aot
                       aot
                       aot
                       aot
                       aot
                       aot
                       aot
                       aot
                       aot
                       aot
                       aot
                       aot
                       aot
                       aot
                       aot
                       aot
                       aot
                       freebsd
                       freebsd
                       freebsd
                       freebsd
                       freebsd
                       freebsd
                       freebsd
                       freebsd
                       freebsd
                       freebsd
                       freebsd
                       freebsd
                       freebsd
                       freebsd
                       freebsd
                       freebsd
                       freebsd
                       freebsd
                       freebsd
                       freebsd
                       freebsd
                       freebsd
                       freebsd
                       freebsd
                       freebsd
                       freebsd
                       freebsd
                       freebsd
                       freebsd
                       freebsd
                       freebsd
                       freebsd
                       freebsd
                       freebsd
                       freebsd
                       freebsd
                       freebsd
                       freebsd
                       freebsd
                       illumos
                       illumos
                       illumos
                       illumos
                       illumos
                       illumos
                       illumos
                       illumos
                       illumos
                       illumos
                       illumos
                       illumos
                       illumos
                       illumos
                       illumos
                       illumos
                       illumos
                       illumos
                       illumos
                       illumos
                       illumos
                       illumos
                       illumos
                       illumos
                       illumos
                       illumos
                       illumos
                       illumos
                       illumos
                       illumos
                       illumos
                       illumos
                       illumos
                       illumos
                       illumos
                       illumos
                       illumos
                       illumos
                       illumos
                       solaris
                       solaris
                       solaris
                       solaris
                       solaris
                       solaris
                       solaris
                       solaris
                       solaris
                       solaris
                       solaris
                       solaris
                       solaris
                       solaris
                       solaris
                       solaris
                       solaris
                       solaris
                       solaris
                       solaris
                       solaris
                       solaris
                       solaris
                       solaris
                       solaris
                       solaris
                       solaris
                       solaris
                       solaris
                       solaris
                       solaris
                       solaris
                       solaris
                       solaris
                       solaris
                       solaris
                       solaris
                       solaris
                       solaris
                       unix
                       unix
                       unix
                       unix
                       unix
                       unix
                       unix
                       unix
                       unix
                       unix
                       unix
                       unix
                       unix
                       unix
                       unix
                       unix
                       unix
                       unix
                       unix
                       unix
                       unix
                       unix
                       unix
                       unix
                       unix
                       unix
                       unix
                       unix
                       unix
                       unix
                       unix
                       unix
                       unix
                       unix
                       unix
                       unix
                       unix
                       unix
                       unix
                   _OutputPathItem
                       bin\Debug\net8.0\
                   _ResolveComReferenceCache
                       obj\Debug\net8.0\EasyLog.csproj.ResolveComReference.cache
                   _UnmanagedRegistrationCache
                       obj\EasyLog.csproj.UnmanagedRegistration.cache
                   AdditionalTargetFrameworkInfoProperty
                       _IsExecutable
                       _SelfContainedWasSpecified
                       IsRidAgnostic
                       SelfContained
                       ShouldBeValidatedAsExecutableReference
                   Analyzer
                       C:\Program Files\dotnet\sdk\10.0.300-preview.0.26177.108\Sdks\Microsoft.NET.Sdk\targets\..\analyzers\Microsoft.CodeAnalysis.CSharp.NetAnalyzers.dll
                           IsImplicitlyDefined = true
                       C:\Program Files\dotnet\sdk\10.0.300-preview.0.26177.108\Sdks\Microsoft.NET.Sdk\targets\..\analyzers\Microsoft.CodeAnalysis.NetAnalyzers.dll
                           IsImplicitlyDefined = true
                   AppConfigFileDestination
                       bin\Debug\net8.0\EasyLog.dll.config
                   ApplicationManifest
                       obj\Debug\net8.0\Native.EasyLog.manifest
                           TargetPath = Native.EasyLog.manifest
                   BuiltProjectOutputGroupKeyOutput
                       C:\Users\Lenovo\Documents\Génie Logiciel\EasySave-Groupe1\EasyLog\obj\Debug\net8.0\EasyLog.dll
                           IsKeyOutput = true
                           FinalOutputPath = C:\Users\Lenovo\Documents\Génie Logiciel\EasySave-Groupe1\EasyLog\bin\Debug\net8.0\EasyLog.dll
                           TargetPath = EasyLog.dll
                   ClsidMap
                       obj\Debug\net8.0\EasyLog.clsidmap
                   Compile
                       LoggerService.cs
                       Models\LogEntry.cs
                       Models\RuntimeStorageSettings.cs
                       RuntimeStoragePaths.cs
                   CompilerVisibleProperty
                       _SupportedPlatformList
                       EnableComHosting
                       EnableGeneratedComInterfaceComImportInterop
                       EnforceExtendedAnalyzerRules
                       InvariantGlobalization
                       PlatformNeutralAssembly
                       ProjectDir
                       ProjectTypeGuids
                       RootNamespace
                       TargetFramework
                       TargetFrameworkIdentifier
                       TargetFrameworkVersion
                       TargetPlatformMinVersion
                       UsingMicrosoftNETSdkWeb
                   CopyUpToDateMarker
                       C:\Users\Lenovo\Documents\Génie Logiciel\EasySave-Groupe1\EasyLog\obj\Debug\net8.0\EasyLog.csproj.Up2Date
                   CreateDirectory
                       C:\Users\Lenovo\Documents\Génie Logiciel\EasySave-Groupe1\EasyLog\obj\Debug\net8.0\refint\
                       obj\Debug\net8.0\ref
                   DebugSymbolsProjectOutputGroupOutput
                       C:\Users\Lenovo\Documents\Génie Logiciel\EasySave-Groupe1\EasyLog\obj\Debug\net8.0\EasyLog.pdb
                           FinalOutputPath = C:\Users\Lenovo\Documents\Génie Logiciel\EasySave-Groupe1\EasyLog\bin\Debug\net8.0\EasyLog.pdb
                           TargetPath = EasyLog.pdb
                   DeployManifest
                       obj\Debug\net8.0\EasyLog.application
                           TargetPath = EasyLog.application
                   EmbedInBinlog
                       C:\Users\Lenovo\Documents\Génie Logiciel\EasySave-Groupe1\EasyLog\obj\project.assets.json
                   FrameworkReference
                       Microsoft.NETCore.App
                           IsImplicitlyDefined = true
                           PrivateAssets = All
                           Pack = false
                   GenerateRuntimeConfigurationFilesInputs
                       C:\Users\Lenovo\Documents\Génie Logiciel\EasySave-Groupe1\EasyLog\obj\Debug\net8.0\EasyLog.assets.cache
                       C:\Users\Lenovo\Documents\Génie Logiciel\EasySave-Groupe1\EasyLog\obj\project.assets.json
                   GlobalAnalyzerConfigFiles
                       C:\.globalconfig
                       C:\Users\.globalconfig
                       C:\Users\Lenovo\.globalconfig
                       C:\Users\Lenovo\Documents\.globalconfig
                       C:\Users\Lenovo\Documents\Génie Logiciel\.globalconfig
                       C:\Users\Lenovo\Documents\Génie Logiciel\EasySave-Groupe1\.globalconfig
                       C:\Users\Lenovo\Documents\Génie Logiciel\EasySave-Groupe1\EasyLog\.globalconfig
                       C:\Users\Lenovo\Documents\Génie Logiciel\EasySave-Groupe1\EasyLog\Models\.globalconfig
                   ImplicitPackageReferenceVersion
                       Microsoft.AspNetCore.All
                           LatestVersion = 2.1.30
                           DefaultVersion = 2.1.1
                           TargetFrameworkVersion = 2.1
                       Microsoft.AspNetCore.All
                           LatestVersion = 2.2.8
                           DefaultVersion = 2.2.0
                           TargetFrameworkVersion = 2.2
                       Microsoft.AspNetCore.App
                           LatestVersion = 2.1.30
                           DefaultVersion = 2.1.1
                           TargetFrameworkVersion = 2.1
                       Microsoft.AspNetCore.App
                           LatestVersion = 2.2.8
                           DefaultVersion = 2.2.0
                           TargetFrameworkVersion = 2.2
                       Microsoft.NETCore.App
                           LatestVersion = 1.0.16
                           DefaultVersion = 1.0.5
                           TargetFrameworkVersion = 1.0
                       Microsoft.NETCore.App
                           LatestVersion = 1.1.13
                           DefaultVersion = 1.1.2
                           TargetFrameworkVersion = 1.1
                       Microsoft.NETCore.App
                           LatestVersion = 2.0.9
                           DefaultVersion = 2.0.0
                           TargetFrameworkVersion = 2.0
                       Microsoft.NETCore.App
                           LatestVersion = 2.1.30
                           DefaultVersion = 2.1.0
                           TargetFrameworkVersion = 2.1
                       Microsoft.NETCore.App
                           LatestVersion = 2.2.8
                           DefaultVersion = 2.2.0
                           TargetFrameworkVersion = 2.2
                   IntermediateAssembly
                       obj\Debug\net8.0\EasyLog.dll
                   IntermediateRefAssembly
                       obj\Debug\net8.0\refint\EasyLog.dll
                   KnownAppHostPack
                       Microsoft.NETCore.App
                           ExcludedRuntimeIdentifiers = android
                           AppHostRuntimeIdentifiers = linux-arm;linux-arm64;linux-musl-arm64;linux-musl-x64;linux-x64;osx-x64;tizen.4.0.0-armel;tizen.5.0.0-armel;win-arm64;win-x64;win-x86;linux-musl-arm;osx-arm64;linux-s390x;linux-loongarch64;linux-bionic-arm;linux-bionic-arm64;linux-bionic-x64;linux-bionic-x86;linux-ppc64le;freebsd-x64;freebsd-arm64;linux-riscv64;linux-musl-riscv64;linux-musl-loongarch64
                           TargetFramework = net10.0
                           AppHostPackNamePattern = Microsoft.NETCore.App.Host.**RID**
                           AppHostPackVersion = 10.0.5
                       Microsoft.NETCore.App
                           ExcludedRuntimeIdentifiers = android
                           AppHostRuntimeIdentifiers = linux-arm;linux-arm64;linux-musl-arm64;linux-musl-x64;linux-x64;osx-x64;tizen.4.0.0-armel;tizen.5.0.0-armel;win-arm64;win-x64;win-x86;linux-musl-arm;osx-arm64;linux-s390x;linux-loongarch64;linux-bionic-arm;linux-bionic-arm64;linux-bionic-x64;linux-bionic-x86;linux-ppc64le;freebsd-x64;freebsd-arm64;linux-riscv64;linux-musl-riscv64;linux-musl-loongarch64
                           TargetFramework = net9.0
                           AppHostPackNamePattern = Microsoft.NETCore.App.Host.**RID**
                           AppHostPackVersion = 9.0.14
                       Microsoft.NETCore.App
                           ExcludedRuntimeIdentifiers = android
                           AppHostRuntimeIdentifiers = linux-arm;linux-arm64;linux-musl-arm64;linux-musl-x64;linux-x64;osx-x64;tizen.4.0.0-armel;tizen.5.0.0-armel;win-arm64;win-x64;win-x86;linux-musl-arm;osx-arm64;linux-s390x;linux-loongarch64;linux-bionic-arm;linux-bionic-arm64;linux-bionic-x64;linux-bionic-x86;linux-ppc64le;freebsd-x64;freebsd-arm64
                           TargetFramework = net8.0
                           AppHostPackNamePattern = Microsoft.NETCore.App.Host.**RID**
                           AppHostPackVersion = 8.0.25
                       Microsoft.NETCore.App
                           ExcludedRuntimeIdentifiers = android
                           AppHostRuntimeIdentifiers = linux-arm;linux-arm64;linux-musl-arm64;linux-musl-x64;linux-x64;osx-x64;tizen.4.0.0-armel;tizen.5.0.0-armel;win-arm;win-arm64;win-x64;win-x86;linux-musl-arm;osx-arm64;linux-s390x;linux-loongarch64;linux-bionic-arm;linux-bionic-arm64;linux-bionic-x64;linux-bionic-x86;linux-ppc64le
                           TargetFramework = net7.0
                           AppHostPackNamePattern = Microsoft.NETCore.App.Host.**RID**
                           AppHostPackVersion = 7.0.20
                       Microsoft.NETCore.App
                           ExcludedRuntimeIdentifiers = android
                           AppHostRuntimeIdentifiers = linux-arm;linux-arm64;linux-musl-arm64;linux-musl-x64;linux-x64;osx-x64;tizen.4.0.0-armel;tizen.5.0.0-armel;win-arm;win-arm64;win-x64;win-x86;linux-musl-arm;osx-arm64;linux-s390x;linux-loongarch64
                           TargetFramework = net6.0
                           AppHostPackNamePattern = Microsoft.NETCore.App.Host.**RID**
                           AppHostPackVersion = 6.0.36
                       Microsoft.NETCore.App
                           AppHostRuntimeIdentifiers = linux-arm;linux-arm64;linux-musl-arm64;linux-musl-x64;linux-x64;osx-x64;tizen.4.0.0-armel;tizen.5.0.0-armel;win-arm;win-arm64;win-x64;win-x86;linux-musl-arm
                           TargetFramework = net5.0
                           AppHostPackNamePattern = Microsoft.NETCore.App.Host.**RID**
                           AppHostPackVersion = 5.0.17
                       Microsoft.NETCore.App
                           AppHostRuntimeIdentifiers = linux-arm;linux-arm64;linux-musl-arm64;linux-musl-x64;linux-x64;osx-x64;tizen.4.0.0-armel;tizen.5.0.0-armel;win-arm;win-arm64;win-x64;win-x86
                           TargetFramework = netcoreapp3.1
                           AppHostPackNamePattern = Microsoft.NETCore.App.Host.**RID**
                           AppHostPackVersion = 3.1.32
                       Microsoft.NETCore.App
                           AppHostRuntimeIdentifiers = linux-arm;linux-arm64;linux-musl-arm64;linux-musl-x64;linux-x64;osx-x64;tizen.4.0.0-armel;tizen.5.0.0-armel;win-arm;win-arm64;win-x64;win-x86
                           TargetFramework = netcoreapp3.0
                           AppHostPackNamePattern = Microsoft.NETCore.App.Host.**RID**
                           AppHostPackVersion = 3.0.3
                   KnownAspNetCorePack
                       Microsoft.AspNetCore.App.Internal.Assets
                           TargetFramework = net10.0
                           AspNetCorePackVersion = 10.0.5
                   KnownCrossgen2Pack
                       Microsoft.NETCore.App.Crossgen2
                           Crossgen2RuntimeIdentifiers = linux-musl-x64;linux-x64;win-x64;linux-arm;linux-arm64;linux-musl-arm;linux-musl-arm64;osx-arm64;osx-x64;win-arm64;win-x86;freebsd-x64;freebsd-arm64;linux-riscv64;linux-musl-riscv64;linux-loongarch64;linux-musl-loongarch64
                           TargetFramework = net10.0
                           Crossgen2PackNamePattern = Microsoft.NETCore.App.Crossgen2.**RID**
                           Crossgen2PackVersion = 10.0.5
                           Crossgen2PortableRuntimeIdentifiers = linux-musl-x64;linux-x64;win-x64;linux-arm;linux-arm64;linux-musl-arm;linux-musl-arm64;osx-arm64;osx-x64;win-arm64;win-x86;freebsd-x64;freebsd-arm64;linux-riscv64;linux-musl-riscv64;linux-loongarch64;linux-musl-loongarch64
                       Microsoft.NETCore.App.Crossgen2
                           Crossgen2RuntimeIdentifiers = linux-musl-x64;linux-x64;win-x64;linux-arm;linux-arm64;linux-musl-arm;linux-musl-arm64;osx-arm64;osx-x64;win-arm64;win-x86;freebsd-x64;freebsd-arm64;linux-riscv64;linux-musl-riscv64;linux-loongarch64;linux-musl-loongarch64
                           TargetFramework = net9.0
                           Crossgen2PackNamePattern = Microsoft.NETCore.App.Crossgen2.**RID**
                           Crossgen2PackVersion = 9.0.14
                       Microsoft.NETCore.App.Crossgen2
                           Crossgen2RuntimeIdentifiers = linux-musl-x64;linux-x64;win-x64;linux-arm;linux-arm64;linux-musl-arm;linux-musl-arm64;osx-arm64;osx-x64;win-arm64;win-x86;freebsd-x64;freebsd-arm64
                           TargetFramework = net8.0
                           Crossgen2PackNamePattern = Microsoft.NETCore.App.Crossgen2.**RID**
                           Crossgen2PackVersion = 8.0.25
                       Microsoft.NETCore.App.Crossgen2
                           Crossgen2RuntimeIdentifiers = linux-musl-x64;linux-x64;win-x64;linux-arm;linux-arm64;linux-musl-arm;linux-musl-arm64;osx-arm64;osx-x64;win-arm;win-arm64;win-x86
                           TargetFramework = net7.0
                           Crossgen2PackNamePattern = Microsoft.NETCore.App.Crossgen2.**RID**
                           Crossgen2PackVersion = 7.0.20
                       Microsoft.NETCore.App.Crossgen2
                           Crossgen2RuntimeIdentifiers = linux-musl-x64;linux-x64;win-x64;linux-arm;linux-arm64;linux-musl-arm;linux-musl-arm64;osx-arm64;osx-x64;win-arm;win-arm64;win-x86
                           TargetFramework = net6.0
                           Crossgen2PackNamePattern = Microsoft.NETCore.App.Crossgen2.**RID**
                           Crossgen2PackVersion = 6.0.36
                       Microsoft.NETCore.App.Crossgen2
                           Crossgen2RuntimeIdentifiers = linux-musl-x64;linux-x64;win-x64
                           TargetFramework = net5.0
                           Crossgen2PackNamePattern = Microsoft.NETCore.App.Crossgen2.**RID**
                           Crossgen2PackVersion = 5.0.17
                   KnownFrameworkReference
                       Microsoft.AspNetCore.App
                           TargetFramework = netcoreapp3.1
                           DefaultRuntimeFrameworkVersion = 3.1.0
                           TargetingPackName = Microsoft.AspNetCore.App.Ref
                           LatestRuntimeFrameworkVersion = 3.1.32
                           RuntimePackRuntimeIdentifiers = win-x64;win-x86;win-arm;osx-x64;linux-musl-x64;linux-musl-arm64;linux-x64;linux-arm;linux-arm64
                           RuntimePackNamePatterns = Microsoft.AspNetCore.App.Runtime.**RID**
                           TargetingPackVersion = 3.1.10
                           RuntimeFrameworkName = Microsoft.AspNetCore.App
                       Microsoft.AspNetCore.App
                           TargetFramework = net10.0
                           DefaultRuntimeFrameworkVersion = 10.0.0
                           TargetingPackName = Microsoft.AspNetCore.App.Ref
                           LatestRuntimeFrameworkVersion = 10.0.5
                           RuntimePackExcludedRuntimeIdentifiers = android;linux-bionic
                           RuntimePackRuntimeIdentifiers = win-x64;win-x86;osx-x64;linux-musl-x64;linux-musl-arm64;linux-x64;linux-arm;linux-arm64;linux-musl-arm;win-arm64;osx-arm64;linux-s390x;linux-loongarch64;linux-ppc64le;freebsd-x64;freebsd-arm64;linux-riscv64;linux-musl-riscv64;linux-loongarch64;linux-musl-loongarch64
                           RuntimePackNamePatterns = Microsoft.AspNetCore.App.Runtime.**RID**
                           TargetingPackVersion = 10.0.5
                           RuntimeFrameworkName = Microsoft.AspNetCore.App
                       Microsoft.AspNetCore.App
                           TargetFramework = net5.0
                           DefaultRuntimeFrameworkVersion = 5.0.0
                           TargetingPackName = Microsoft.AspNetCore.App.Ref
                           LatestRuntimeFrameworkVersion = 5.0.17
                           RuntimePackRuntimeIdentifiers = win-x64;win-x86;win-arm;osx-x64;linux-musl-x64;linux-musl-arm64;linux-x64;linux-arm;linux-arm64;linux-musl-arm;win-arm64
                           RuntimePackNamePatterns = Microsoft.AspNetCore.App.Runtime.**RID**
                           TargetingPackVersion = 5.0.0
                           RuntimeFrameworkName = Microsoft.AspNetCore.App
                       Microsoft.AspNetCore.App
                           TargetFramework = net6.0
                           DefaultRuntimeFrameworkVersion = 6.0.0
                           TargetingPackName = Microsoft.AspNetCore.App.Ref
                           LatestRuntimeFrameworkVersion = 6.0.36
                           RuntimePackRuntimeIdentifiers = win-x64;win-x86;win-arm;osx-x64;linux-musl-x64;linux-musl-arm64;linux-x64;linux-arm;linux-arm64;linux-musl-arm;win-arm64;osx-arm64;linux-s390x;linux-loongarch64
                           RuntimePackNamePatterns = Microsoft.AspNetCore.App.Runtime.**RID**
                           TargetingPackVersion = 6.0.36
                           RuntimeFrameworkName = Microsoft.AspNetCore.App
                       Microsoft.AspNetCore.App
                           TargetFramework = netcoreapp3.0
                           DefaultRuntimeFrameworkVersion = 3.0.0
                           TargetingPackName = Microsoft.AspNetCore.App.Ref
                           LatestRuntimeFrameworkVersion = 3.0.3
                           RuntimePackRuntimeIdentifiers = win-x64;win-x86;win-arm;osx-x64;linux-musl-x64;linux-musl-arm64;linux-x64;linux-arm;linux-arm64
                           RuntimePackNamePatterns = Microsoft.AspNetCore.App.Runtime.**RID**
                           TargetingPackVersion = 3.0.1
                           RuntimeFrameworkName = Microsoft.AspNetCore.App
                       Microsoft.AspNetCore.App
                           TargetFramework = net9.0
                           DefaultRuntimeFrameworkVersion = 9.0.0
                           TargetingPackName = Microsoft.AspNetCore.App.Ref
                           LatestRuntimeFrameworkVersion = 9.0.14
                           RuntimePackExcludedRuntimeIdentifiers = android;linux-bionic
                           RuntimePackRuntimeIdentifiers = win-x64;win-x86;osx-x64;linux-musl-x64;linux-musl-arm64;linux-x64;linux-arm;linux-arm64;linux-musl-arm;win-arm64;osx-arm64;linux-s390x;linux-loongarch64;linux-ppc64le;freebsd-x64;freebsd-arm64;linux-riscv64;linux-musl-riscv64;linux-loongarch64;linux-musl-loongarch64
                           RuntimePackNamePatterns = Microsoft.AspNetCore.App.Runtime.**RID**
                           TargetingPackVersion = 9.0.14
                           RuntimeFrameworkName = Microsoft.AspNetCore.App
                       Microsoft.AspNetCore.App
                           TargetFramework = net7.0
                           DefaultRuntimeFrameworkVersion = 7.0.0
                           TargetingPackName = Microsoft.AspNetCore.App.Ref
                           LatestRuntimeFrameworkVersion = 7.0.20
                           RuntimePackExcludedRuntimeIdentifiers = android
                           RuntimePackRuntimeIdentifiers = win-x64;win-x86;win-arm;osx-x64;linux-musl-x64;linux-musl-arm64;linux-x64;linux-arm;linux-arm64;linux-musl-arm;win-arm64;osx-arm64;linux-s390x;linux-loongarch64;linux-ppc64le
                           RuntimePackNamePatterns = Microsoft.AspNetCore.App.Runtime.**RID**
                           TargetingPackVersion = 7.0.20
                           RuntimeFrameworkName = Microsoft.AspNetCore.App
                       Microsoft.AspNetCore.App
                           TargetFramework = net8.0
                           DefaultRuntimeFrameworkVersion = 8.0.0
                           TargetingPackName = Microsoft.AspNetCore.App.Ref
                           LatestRuntimeFrameworkVersion = 8.0.25
                           RuntimePackExcludedRuntimeIdentifiers = android;linux-bionic
                           RuntimePackRuntimeIdentifiers = win-x64;win-x86;osx-x64;linux-musl-x64;linux-musl-arm64;linux-x64;linux-arm;linux-arm64;linux-musl-arm;win-arm64;osx-arm64;linux-s390x;linux-loongarch64;linux-ppc64le;freebsd-x64;freebsd-arm64
                           RuntimePackNamePatterns = Microsoft.AspNetCore.App.Runtime.**RID**
                           TargetingPackVersion = 8.0.25
                           RuntimeFrameworkName = Microsoft.AspNetCore.App
                       Microsoft.NETCore.App
                           TargetFramework = net10.0
                           DefaultRuntimeFrameworkVersion = 10.0.0
                           TargetingPackName = Microsoft.NETCore.App.Ref
                           LatestRuntimeFrameworkVersion = 10.0.5
                           RuntimePackRuntimeIdentifiers = linux-arm;linux-arm64;linux-musl-arm64;linux-musl-x64;linux-x64;osx-x64;tizen.4.0.0-armel;tizen.5.0.0-armel;win-arm64;win-x64;win-x86;linux-musl-arm;osx-arm64;linux-s390x;linux-loongarch64;linux-bionic-arm;linux-bionic-arm64;linux-bionic-x64;linux-bionic-x86;linux-ppc64le;freebsd-x64;freebsd-arm64;linux-riscv64;linux-musl-riscv64;linux-musl-loongarch64;android-arm64;android-x64
                           RuntimePackNamePatterns = Microsoft.NETCore.App.Runtime.**RID**
                           TargetingPackVersion = 10.0.5
                           RuntimeFrameworkName = Microsoft.NETCore.App
                       Microsoft.NETCore.App
                           TargetFramework = netcoreapp3.0
                           DefaultRuntimeFrameworkVersion = 3.0.0
                           TargetingPackName = Microsoft.NETCore.App.Ref
                           LatestRuntimeFrameworkVersion = 3.0.3
                           RuntimePackRuntimeIdentifiers = linux-arm;linux-arm64;linux-musl-arm64;linux-musl-x64;linux-x64;osx-x64;tizen.4.0.0-armel;tizen.5.0.0-armel;win-arm;win-arm64;win-x64;win-x86
                           RuntimePackNamePatterns = Microsoft.NETCore.App.Runtime.**RID**
                           TargetingPackVersion = 3.0.0
                           IsTrimmable = true
                           RuntimeFrameworkName = Microsoft.NETCore.App
                       Microsoft.NETCore.App
                           TargetFramework = netcoreapp3.1
                           DefaultRuntimeFrameworkVersion = 3.1.0
                           TargetingPackName = Microsoft.NETCore.App.Ref
                           LatestRuntimeFrameworkVersion = 3.1.32
                           RuntimePackRuntimeIdentifiers = linux-arm;linux-arm64;linux-musl-arm64;linux-musl-x64;linux-x64;osx-x64;tizen.4.0.0-armel;tizen.5.0.0-armel;win-arm;win-arm64;win-x64;win-x86
                           RuntimePackNamePatterns = Microsoft.NETCore.App.Runtime.**RID**
                           TargetingPackVersion = 3.1.0
                           IsTrimmable = true
                           RuntimeFrameworkName = Microsoft.NETCore.App
                       Microsoft.NETCore.App
                           TargetFramework = net5.0
                           DefaultRuntimeFrameworkVersion = 5.0.0
                           TargetingPackName = Microsoft.NETCore.App.Ref
                           LatestRuntimeFrameworkVersion = 5.0.17
                           RuntimePackRuntimeIdentifiers = linux-arm;linux-arm64;linux-musl-arm64;linux-musl-x64;linux-x64;osx-x64;tizen.4.0.0-armel;tizen.5.0.0-armel;win-arm;win-arm64;win-x64;win-x86;linux-musl-arm;browser-wasm
                           RuntimePackNamePatterns = Microsoft.NETCore.App.Runtime.**RID**
                           TargetingPackVersion = 5.0.0
                           IsTrimmable = true
                           RuntimeFrameworkName = Microsoft.NETCore.App
                       Microsoft.NETCore.App
                           TargetFramework = net7.0
                           DefaultRuntimeFrameworkVersion = 7.0.0
                           TargetingPackName = Microsoft.NETCore.App.Ref
                           LatestRuntimeFrameworkVersion = 7.0.20
                           RuntimePackRuntimeIdentifiers = linux-arm;linux-arm64;linux-musl-arm64;linux-musl-x64;linux-x64;osx-x64;tizen.4.0.0-armel;tizen.5.0.0-armel;win-arm;win-arm64;win-x64;win-x86;linux-musl-arm;osx-arm64;linux-s390x;linux-loongarch64;linux-bionic-arm;linux-bionic-arm64;linux-bionic-x64;linux-bionic-x86;linux-ppc64le
                           RuntimePackNamePatterns = Microsoft.NETCore.App.Runtime.**RID**
                           TargetingPackVersion = 7.0.20
                           RuntimeFrameworkName = Microsoft.NETCore.App
                       Microsoft.NETCore.App
                           TargetFramework = net6.0
                           DefaultRuntimeFrameworkVersion = 6.0.0
                           TargetingPackName = Microsoft.NETCore.App.Ref
                           LatestRuntimeFrameworkVersion = 6.0.36
                           RuntimePackRuntimeIdentifiers = linux-arm;linux-arm64;linux-musl-arm64;linux-musl-x64;linux-x64;osx-x64;tizen.4.0.0-armel;tizen.5.0.0-armel;win-arm;win-arm64;win-x64;win-x86;linux-musl-arm;osx-arm64;linux-s390x;linux-loongarch64
                           RuntimePackNamePatterns = Microsoft.NETCore.App.Runtime.**RID**
                           TargetingPackVersion = 6.0.36
                           RuntimeFrameworkName = Microsoft.NETCore.App
                       Microsoft.NETCore.App
                           TargetFramework = net8.0
                           DefaultRuntimeFrameworkVersion = 8.0.0
                           TargetingPackName = Microsoft.NETCore.App.Ref
                           LatestRuntimeFrameworkVersion = 8.0.25
                           RuntimePackRuntimeIdentifiers = linux-arm;linux-arm64;linux-musl-arm64;linux-musl-x64;linux-x64;osx-x64;tizen.4.0.0-armel;tizen.5.0.0-armel;win-arm64;win-x64;win-x86;linux-musl-arm;osx-arm64;linux-s390x;linux-loongarch64;linux-bionic-arm;linux-bionic-arm64;linux-bionic-x64;linux-bionic-x86;linux-ppc64le;freebsd-x64;freebsd-arm64
                           RuntimePackNamePatterns = Microsoft.NETCore.App.Runtime.**RID**
                           TargetingPackVersion = 8.0.25
                           RuntimeFrameworkName = Microsoft.NETCore.App
                       Microsoft.NETCore.App
                           TargetFramework = net9.0
                           DefaultRuntimeFrameworkVersion = 9.0.0
                           TargetingPackName = Microsoft.NETCore.App.Ref
                           LatestRuntimeFrameworkVersion = 9.0.14
                           RuntimePackRuntimeIdentifiers = linux-arm;linux-arm64;linux-musl-arm64;linux-musl-x64;linux-x64;osx-x64;tizen.4.0.0-armel;tizen.5.0.0-armel;win-arm64;win-x64;win-x86;linux-musl-arm;osx-arm64;linux-s390x;linux-loongarch64;linux-bionic-arm;linux-bionic-arm64;linux-bionic-x64;linux-bionic-x86;linux-ppc64le;freebsd-x64;freebsd-arm64;linux-riscv64;linux-musl-riscv64;linux-musl-loongarch64
                           RuntimePackNamePatterns = Microsoft.NETCore.App.Runtime.**RID**
                           TargetingPackVersion = 9.0.14
                           RuntimeFrameworkName = Microsoft.NETCore.App
                       Microsoft.WindowsDesktop.App
                           TargetFramework = net8.0
                           DefaultRuntimeFrameworkVersion = 8.0.0
                           TargetingPackName = Microsoft.WindowsDesktop.App.Ref
                           IsWindowsOnly = true
                           LatestRuntimeFrameworkVersion = 8.0.25
                           RuntimePackRuntimeIdentifiers = win-x64;win-x86;win-arm64
                           RuntimePackNamePatterns = Microsoft.WindowsDesktop.App.Runtime.**RID**
                           TargetingPackVersion = 8.0.25
                           RuntimeFrameworkName = Microsoft.WindowsDesktop.App
                       Microsoft.WindowsDesktop.App
                           TargetFramework = net7.0
                           DefaultRuntimeFrameworkVersion = 7.0.0
                           TargetingPackName = Microsoft.WindowsDesktop.App.Ref
                           IsWindowsOnly = true
                           LatestRuntimeFrameworkVersion = 7.0.20
                           RuntimePackRuntimeIdentifiers = win-x64;win-x86;win-arm64
                           RuntimePackNamePatterns = Microsoft.WindowsDesktop.App.Runtime.**RID**
                           TargetingPackVersion = 7.0.20
                           RuntimeFrameworkName = Microsoft.WindowsDesktop.App
                       Microsoft.WindowsDesktop.App
                           TargetFramework = netcoreapp3.1
                           DefaultRuntimeFrameworkVersion = 3.1.0
                           TargetingPackName = Microsoft.WindowsDesktop.App.Ref
                           IsWindowsOnly = true
                           LatestRuntimeFrameworkVersion = 3.1.32
                           RuntimePackRuntimeIdentifiers = win-x64;win-x86
                           RuntimePackNamePatterns = Microsoft.WindowsDesktop.App.Runtime.**RID**
                           TargetingPackVersion = 3.1.0
                           RuntimeFrameworkName = Microsoft.WindowsDesktop.App
                       Microsoft.WindowsDesktop.App
                           TargetFramework = net6.0
                           DefaultRuntimeFrameworkVersion = 6.0.0
                           TargetingPackName = Microsoft.WindowsDesktop.App.Ref
                           IsWindowsOnly = true
                           LatestRuntimeFrameworkVersion = 6.0.36
                           RuntimePackRuntimeIdentifiers = win-x64;win-x86;win-arm64
                           RuntimePackNamePatterns = Microsoft.WindowsDesktop.App.Runtime.**RID**
                           TargetingPackVersion = 6.0.36
                           RuntimeFrameworkName = Microsoft.WindowsDesktop.App
                       Microsoft.WindowsDesktop.App
                           TargetFramework = net10.0
                           DefaultRuntimeFrameworkVersion = 10.0.0
                           TargetingPackName = Microsoft.WindowsDesktop.App.Ref
                           IsWindowsOnly = true
                           LatestRuntimeFrameworkVersion = 10.0.5
                           RuntimePackRuntimeIdentifiers = win-x64;win-x86;win-arm64
                           RuntimePackNamePatterns = Microsoft.WindowsDesktop.App.Runtime.**RID**
                           TargetingPackVersion = 10.0.5
                           RuntimeFrameworkName = Microsoft.WindowsDesktop.App
                       Microsoft.WindowsDesktop.App
                           TargetFramework = netcoreapp3.0
                           DefaultRuntimeFrameworkVersion = 3.0.0
                           TargetingPackName = Microsoft.WindowsDesktop.App.Ref
                           IsWindowsOnly = true
                           LatestRuntimeFrameworkVersion = 3.0.3
                           RuntimePackRuntimeIdentifiers = win-x64;win-x86
                           RuntimePackNamePatterns = Microsoft.WindowsDesktop.App.Runtime.**RID**
                           TargetingPackVersion = 3.0.0
                           RuntimeFrameworkName = Microsoft.WindowsDesktop.App
                       Microsoft.WindowsDesktop.App
                           TargetFramework = net9.0
                           DefaultRuntimeFrameworkVersion = 9.0.0
                           TargetingPackName = Microsoft.WindowsDesktop.App.Ref
                           IsWindowsOnly = true
                           LatestRuntimeFrameworkVersion = 9.0.14
                           RuntimePackRuntimeIdentifiers = win-x64;win-x86;win-arm64
                           RuntimePackNamePatterns = Microsoft.WindowsDesktop.App.Runtime.**RID**
                           TargetingPackVersion = 9.0.14
                           RuntimeFrameworkName = Microsoft.WindowsDesktop.App
                       Microsoft.WindowsDesktop.App
                           TargetFramework = net5.0
                           DefaultRuntimeFrameworkVersion = 5.0.0
                           TargetingPackName = Microsoft.WindowsDesktop.App.Ref
                           IsWindowsOnly = true
                           LatestRuntimeFrameworkVersion = 5.0.17
                           RuntimePackRuntimeIdentifiers = win-x64;win-x86;win-arm64
                           RuntimePackNamePatterns = Microsoft.WindowsDesktop.App.Runtime.**RID**
                           TargetingPackVersion = 5.0.0
                           RuntimeFrameworkName = Microsoft.WindowsDesktop.App
                       Microsoft.WindowsDesktop.App.WindowsForms
                           TargetFramework = net6.0
                           DefaultRuntimeFrameworkVersion = 6.0.0
                           TargetingPackName = Microsoft.WindowsDesktop.App.Ref
                           IsWindowsOnly = true
                           LatestRuntimeFrameworkVersion = 6.0.36
                           RuntimePackRuntimeIdentifiers = win-x64;win-x86;win-arm64
                           RuntimePackNamePatterns = Microsoft.WindowsDesktop.App.Runtime.**RID**
                           TargetingPackVersion = 6.0.36
                           Profile = WindowsForms
                           RuntimeFrameworkName = Microsoft.WindowsDesktop.App
                       Microsoft.WindowsDesktop.App.WindowsForms
                           TargetFramework = net10.0
                           DefaultRuntimeFrameworkVersion = 10.0.0
                           TargetingPackName = Microsoft.WindowsDesktop.App.Ref
                           IsWindowsOnly = true
                           LatestRuntimeFrameworkVersion = 10.0.5
                           RuntimePackRuntimeIdentifiers = win-x64;win-x86;win-arm64
                           RuntimePackNamePatterns = Microsoft.WindowsDesktop.App.Runtime.**RID**
                           TargetingPackVersion = 10.0.5
                           Profile = WindowsForms
                           RuntimeFrameworkName = Microsoft.WindowsDesktop.App
                       Microsoft.WindowsDesktop.App.WindowsForms
                           TargetFramework = net5.0
                           DefaultRuntimeFrameworkVersion = 5.0.0
                           TargetingPackName = Microsoft.WindowsDesktop.App.Ref
                           IsWindowsOnly = true
                           LatestRuntimeFrameworkVersion = 5.0.17
                           RuntimePackRuntimeIdentifiers = win-x64;win-x86;win-arm64
                           RuntimePackNamePatterns = Microsoft.WindowsDesktop.App.Runtime.**RID**
                           TargetingPackVersion = 5.0.0
                           Profile = WindowsForms
                           RuntimeFrameworkName = Microsoft.WindowsDesktop.App
                       Microsoft.WindowsDesktop.App.WindowsForms
                           TargetFramework = netcoreapp3.1
                           DefaultRuntimeFrameworkVersion = 3.1.0
                           TargetingPackName = Microsoft.WindowsDesktop.App.Ref
                           IsWindowsOnly = true
                           LatestRuntimeFrameworkVersion = 3.1.32
                           RuntimePackRuntimeIdentifiers = win-x64;win-x86
                           RuntimePackNamePatterns = Microsoft.WindowsDesktop.App.Runtime.**RID**
                           TargetingPackVersion = 3.1.0
                           Profile = WindowsForms
                           RuntimeFrameworkName = Microsoft.WindowsDesktop.App
                       Microsoft.WindowsDesktop.App.WindowsForms
                           TargetFramework = net9.0
                           DefaultRuntimeFrameworkVersion = 9.0.0
                           TargetingPackName = Microsoft.WindowsDesktop.App.Ref
                           IsWindowsOnly = true
                           LatestRuntimeFrameworkVersion = 9.0.14
                           RuntimePackRuntimeIdentifiers = win-x64;win-x86;win-arm64
                           RuntimePackNamePatterns = Microsoft.WindowsDesktop.App.Runtime.**RID**
                           TargetingPackVersion = 9.0.14
                           Profile = WindowsForms
                           RuntimeFrameworkName = Microsoft.WindowsDesktop.App
                       Microsoft.WindowsDesktop.App.WindowsForms
                           TargetFramework = net7.0
                           DefaultRuntimeFrameworkVersion = 7.0.0
                           TargetingPackName = Microsoft.WindowsDesktop.App.Ref
                           IsWindowsOnly = true
                           LatestRuntimeFrameworkVersion = 7.0.20
                           RuntimePackRuntimeIdentifiers = win-x64;win-x86;win-arm64
                           RuntimePackNamePatterns = Microsoft.WindowsDesktop.App.Runtime.**RID**
                           TargetingPackVersion = 7.0.20
                           Profile = WindowsForms
                           RuntimeFrameworkName = Microsoft.WindowsDesktop.App
                       Microsoft.WindowsDesktop.App.WindowsForms
                           TargetFramework = netcoreapp3.0
                           DefaultRuntimeFrameworkVersion = 3.0.0
                           TargetingPackName = Microsoft.WindowsDesktop.App.Ref
                           IsWindowsOnly = true
                           LatestRuntimeFrameworkVersion = 3.0.3
                           RuntimePackRuntimeIdentifiers = win-x64;win-x86
                           RuntimePackNamePatterns = Microsoft.WindowsDesktop.App.Runtime.**RID**
                           TargetingPackVersion = 3.0.0
                           Profile = WindowsForms
                           RuntimeFrameworkName = Microsoft.WindowsDesktop.App
                       Microsoft.WindowsDesktop.App.WindowsForms
                           TargetFramework = net8.0
                           DefaultRuntimeFrameworkVersion = 8.0.0
                           TargetingPackName = Microsoft.WindowsDesktop.App.Ref
                           IsWindowsOnly = true
                           LatestRuntimeFrameworkVersion = 8.0.25
                           RuntimePackRuntimeIdentifiers = win-x64;win-x86;win-arm64
                           RuntimePackNamePatterns = Microsoft.WindowsDesktop.App.Runtime.**RID**
                           TargetingPackVersion = 8.0.25
                           Profile = WindowsForms
                           RuntimeFrameworkName = Microsoft.WindowsDesktop.App
                       Microsoft.WindowsDesktop.App.WPF
                           TargetFramework = netcoreapp3.0
                           DefaultRuntimeFrameworkVersion = 3.0.0
                           TargetingPackName = Microsoft.WindowsDesktop.App.Ref
                           IsWindowsOnly = true
                           LatestRuntimeFrameworkVersion = 3.0.3
                           RuntimePackRuntimeIdentifiers = win-x64;win-x86
                           RuntimePackNamePatterns = Microsoft.WindowsDesktop.App.Runtime.**RID**
                           TargetingPackVersion = 3.0.0
                           Profile = WPF
                           RuntimeFrameworkName = Microsoft.WindowsDesktop.App
                       Microsoft.WindowsDesktop.App.WPF
                           TargetFramework = net8.0
                           DefaultRuntimeFrameworkVersion = 8.0.0
                           TargetingPackName = Microsoft.WindowsDesktop.App.Ref
                           IsWindowsOnly = true
                           LatestRuntimeFrameworkVersion = 8.0.25
                           RuntimePackRuntimeIdentifiers = win-x64;win-x86;win-arm64
                           RuntimePackNamePatterns = Microsoft.WindowsDesktop.App.Runtime.**RID**
                           TargetingPackVersion = 8.0.25
                           Profile = WPF
                           RuntimeFrameworkName = Microsoft.WindowsDesktop.App
                       Microsoft.WindowsDesktop.App.WPF
                           TargetFramework = net5.0
                           DefaultRuntimeFrameworkVersion = 5.0.0
                           TargetingPackName = Microsoft.WindowsDesktop.App.Ref
                           IsWindowsOnly = true
                           LatestRuntimeFrameworkVersion = 5.0.17
                           RuntimePackRuntimeIdentifiers = win-x64;win-x86;win-arm64
                           RuntimePackNamePatterns = Microsoft.WindowsDesktop.App.Runtime.**RID**
                           TargetingPackVersion = 5.0.0
                           Profile = WPF
                           RuntimeFrameworkName = Microsoft.WindowsDesktop.App
                       Microsoft.WindowsDesktop.App.WPF
                           TargetFramework = netcoreapp3.1
                           DefaultRuntimeFrameworkVersion = 3.1.0
                           TargetingPackName = Microsoft.WindowsDesktop.App.Ref
                           IsWindowsOnly = true
                           LatestRuntimeFrameworkVersion = 3.1.32
                           RuntimePackRuntimeIdentifiers = win-x64;win-x86
                           RuntimePackNamePatterns = Microsoft.WindowsDesktop.App.Runtime.**RID**
                           TargetingPackVersion = 3.1.0
                           Profile = WPF
                           RuntimeFrameworkName = Microsoft.WindowsDesktop.App
                       Microsoft.WindowsDesktop.App.WPF
                           TargetFramework = net9.0
                           DefaultRuntimeFrameworkVersion = 9.0.0
                           TargetingPackName = Microsoft.WindowsDesktop.App.Ref
                           IsWindowsOnly = true
                           LatestRuntimeFrameworkVersion = 9.0.14
                           RuntimePackRuntimeIdentifiers = win-x64;win-x86;win-arm64
                           RuntimePackNamePatterns = Microsoft.WindowsDesktop.App.Runtime.**RID**
                           TargetingPackVersion = 9.0.14
                           Profile = WPF
                           RuntimeFrameworkName = Microsoft.WindowsDesktop.App
                       Microsoft.WindowsDesktop.App.WPF
                           TargetFramework = net6.0
                           DefaultRuntimeFrameworkVersion = 6.0.0
                           TargetingPackName = Microsoft.WindowsDesktop.App.Ref
                           IsWindowsOnly = true
                           LatestRuntimeFrameworkVersion = 6.0.36
                           RuntimePackRuntimeIdentifiers = win-x64;win-x86;win-arm64
                           RuntimePackNamePatterns = Microsoft.WindowsDesktop.App.Runtime.**RID**
                           TargetingPackVersion = 6.0.36
                           Profile = WPF
                           RuntimeFrameworkName = Microsoft.WindowsDesktop.App
                       Microsoft.WindowsDesktop.App.WPF
                           TargetFramework = net7.0
                           DefaultRuntimeFrameworkVersion = 7.0.0
                           TargetingPackName = Microsoft.WindowsDesktop.App.Ref
                           IsWindowsOnly = true
                           LatestRuntimeFrameworkVersion = 7.0.20
                           RuntimePackRuntimeIdentifiers = win-x64;win-x86;win-arm64
                           RuntimePackNamePatterns = Microsoft.WindowsDesktop.App.Runtime.**RID**
                           TargetingPackVersion = 7.0.20
                           Profile = WPF
                           RuntimeFrameworkName = Microsoft.WindowsDesktop.App
                       Microsoft.WindowsDesktop.App.WPF
                           TargetFramework = net10.0
                           DefaultRuntimeFrameworkVersion = 10.0.0
                           TargetingPackName = Microsoft.WindowsDesktop.App.Ref
                           IsWindowsOnly = true
                           LatestRuntimeFrameworkVersion = 10.0.5
                           RuntimePackRuntimeIdentifiers = win-x64;win-x86;win-arm64
                           RuntimePackNamePatterns = Microsoft.WindowsDesktop.App.Runtime.**RID**
                           TargetingPackVersion = 10.0.5
                           Profile = WPF
                           RuntimeFrameworkName = Microsoft.WindowsDesktop.App
                       NETStandard.Library
                           TargetFramework = netstandard2.1
                           TargetingPackName = NETStandard.Library.Ref
                           TargetingPackVersion = 2.1.0
                   KnownILCompilerPack
                       Microsoft.DotNet.ILCompiler
                           ILCompilerPackNamePattern = runtime.**RID**.Microsoft.DotNet.ILCompiler
                           ILCompilerRuntimePackNamePattern = Microsoft.NETCore.App.Runtime.NativeAOT.**RID**
                           TargetFramework = net10.0
                           ILCompilerPackVersion = 10.0.5
                           ILCompilerRuntimeIdentifiers = linux-arm64;linux-musl-arm64;linux-musl-x64;linux-x64;win-arm64;win-x64;osx-x64;osx-arm64;freebsd-x64;freebsd-arm64;linux-arm;linux-musl-arm;linux-loongarch64;linux-musl-loongarch64;win-x86;linux-riscv64;linux-musl-riscv64
                           ILCompilerPortableRuntimeIdentifiers = linux-arm64;linux-musl-arm64;linux-musl-x64;linux-x64;win-arm64;win-x64;osx-x64;osx-arm64;freebsd-x64;freebsd-arm64;linux-arm;linux-musl-arm;linux-loongarch64;linux-musl-loongarch64;win-x86;linux-riscv64;linux-musl-riscv64
                       Microsoft.DotNet.ILCompiler
                           ILCompilerPackNamePattern = runtime.**RID**.Microsoft.DotNet.ILCompiler
                           TargetFramework = net9.0
                           ILCompilerPackVersion = 9.0.14
                           ILCompilerRuntimeIdentifiers = linux-arm64;linux-musl-arm64;linux-musl-x64;linux-x64;win-arm64;win-x64;osx-x64;osx-arm64;freebsd-x64;freebsd-arm64;linux-arm;linux-musl-arm;linux-loongarch64;linux-musl-loongarch64;win-x86
                       Microsoft.DotNet.ILCompiler
                           ILCompilerPackNamePattern = runtime.**RID**.Microsoft.DotNet.ILCompiler
                           TargetFramework = net8.0
                           ILCompilerPackVersion = 8.0.25
                           ILCompilerRuntimeIdentifiers = linux-arm64;linux-musl-arm64;linux-musl-x64;linux-x64;win-arm64;win-x64;osx-x64;osx-arm64;freebsd-x64;freebsd-arm64
                       Microsoft.DotNet.ILCompiler
                           ILCompilerPackNamePattern = runtime.**RID**.Microsoft.DotNet.ILCompiler
                           TargetFramework = net7.0
                           ILCompilerPackVersion = 7.0.20
                           ILCompilerRuntimeIdentifiers = linux-arm64;linux-musl-arm64;linux-musl-x64;linux-x64;win-arm64;win-x64
                   KnownILLinkPack
                       Microsoft.NET.ILLink.Tasks
                           TargetFramework = net10.0
                           ILLinkPackVersion = 10.0.5
                       Microsoft.NET.ILLink.Tasks
                           TargetFramework = net9.0
                           ILLinkPackVersion = 9.0.14
                       Microsoft.NET.ILLink.Tasks
                           TargetFramework = net8.0
                           ILLinkPackVersion = 8.0.25
                       Microsoft.NET.ILLink.Tasks
                           TargetFramework = net7.0
                           ILLinkPackVersion = 7.0.100-1.23211.1
                       Microsoft.NET.ILLink.Tasks
                           TargetFramework = net6.0
                           ILLinkPackVersion = 7.0.100-1.23211.1
                       Microsoft.NET.ILLink.Tasks
                           TargetFramework = net5.0
                           ILLinkPackVersion = 7.0.100-1.23211.1
                       Microsoft.NET.ILLink.Tasks
                           TargetFramework = netcoreapp3.1
                           ILLinkPackVersion = 7.0.100-1.23211.1
                       Microsoft.NET.ILLink.Tasks
                           TargetFramework = netcoreapp3.0
                           ILLinkPackVersion = 7.0.100-1.23211.1
                   KnownRuntimePack
                       Microsoft.NETCore.App
                           TargetFramework = net10.0
                           LatestRuntimeFrameworkVersion = 10.0.5
                           RuntimePackRuntimeIdentifiers = ios-arm64;iossimulator-arm64;iossimulator-x64;tvos-arm64;tvossimulator-arm64;tvossimulator-x64;maccatalyst-arm64;maccatalyst-x64;linux-bionic-arm64;linux-bionic-x64;osx-arm64;osx-x64;freebsd-arm64;freebsd-x64;linux-x64;linux-arm;linux-arm64;linux-loongarch64;linux-bionic-arm;linux-musl-x64;linux-musl-arm;linux-musl-arm64;linux-musl-loongarch64;win-x64;win-x86;win-arm64;browser-wasm;wasi-wasm;linux-riscv64;linux-musl-riscv64;android-arm64;android-x64
                           RuntimePackNamePatterns = Microsoft.NETCore.App.Runtime.NativeAOT.**RID**
                           RuntimePackLabels = NativeAOT
                           RuntimeFrameworkName = Microsoft.NETCore.App
                       Microsoft.NETCore.App
                           TargetFramework = net10.0
                           LatestRuntimeFrameworkVersion = 10.0.5
                           RuntimePackRuntimeIdentifiers = linux-arm;linux-arm64;linux-musl-arm64;linux-musl-x64;linux-x64;osx-x64;win-arm64;win-x64;win-x86;linux-musl-arm;osx-arm64;linux-s390x;linux-loongarch64;browser-wasm;ios-arm64;ios-arm;iossimulator-arm64;iossimulator-x64;iossimulator-x86;tvos-arm64;tvossimulator-arm64;tvossimulator-x64;maccatalyst-x64;maccatalyst-arm64;android-arm64;android-arm;android-x64;android-x86;freebsd-x64;freebsd-arm64;wasi-wasm;linux-riscv64;linux-musl-riscv64;linux-loongarch64;linux-musl-loongarch64
                           RuntimePackNamePatterns = Microsoft.NETCore.App.Runtime.Mono.**RID**
                           RuntimePackLabels = Mono
                           RuntimeFrameworkName = Microsoft.NETCore.App
                       Microsoft.NETCore.App
                           TargetFramework = net9.0
                           LatestRuntimeFrameworkVersion = 9.0.14
                           RuntimePackRuntimeIdentifiers = ios-arm64;iossimulator-arm64;iossimulator-x64;tvos-arm64;tvossimulator-arm64;tvossimulator-x64;maccatalyst-arm64;maccatalyst-x64;linux-bionic-arm64;linux-bionic-x64;osx-arm64;osx-x64;freebsd-arm64;freebsd-x64;linux-x64;linux-arm;linux-arm64;linux-loongarch64;linux-bionic-arm;linux-musl-x64;linux-musl-arm;linux-musl-arm64;linux-musl-loongarch64;win-x64;win-x86;win-arm64;browser-wasm;wasi-wasm
                           RuntimePackNamePatterns = Microsoft.NETCore.App.Runtime.NativeAOT.**RID**
                           RuntimePackLabels = NativeAOT
                           RuntimeFrameworkName = Microsoft.NETCore.App
                       Microsoft.NETCore.App
                           TargetFramework = net9.0
                           LatestRuntimeFrameworkVersion = 9.0.14
                           RuntimePackRuntimeIdentifiers = linux-arm;linux-arm64;linux-musl-arm64;linux-musl-x64;linux-x64;osx-x64;win-arm64;win-x64;win-x86;linux-musl-arm;osx-arm64;linux-s390x;linux-loongarch64;browser-wasm;ios-arm64;ios-arm;iossimulator-arm64;iossimulator-x64;iossimulator-x86;tvos-arm64;tvossimulator-arm64;tvossimulator-x64;maccatalyst-x64;maccatalyst-arm64;android-arm64;android-arm;android-x64;android-x86;freebsd-x64;freebsd-arm64;wasi-wasm;linux-riscv64;linux-musl-riscv64;linux-loongarch64;linux-musl-loongarch64
                           RuntimePackNamePatterns = Microsoft.NETCore.App.Runtime.Mono.**RID**
                           RuntimePackLabels = Mono
                           RuntimeFrameworkName = Microsoft.NETCore.App
                       Microsoft.NETCore.App
                           TargetFramework = net8.0
                           LatestRuntimeFrameworkVersion = 8.0.25
                           RuntimePackRuntimeIdentifiers = ios-arm64;iossimulator-arm64;iossimulator-x64;tvos-arm64;tvossimulator-arm64;tvossimulator-x64;maccatalyst-arm64;maccatalyst-x64;linux-bionic-arm64;linux-bionic-x64;osx-arm64;osx-x64;freebsd-arm64;freebsd-x64
                           RuntimePackNamePatterns = Microsoft.NETCore.App.Runtime.NativeAOT.**RID**
                           RuntimePackLabels = NativeAOT
                           RuntimeFrameworkName = Microsoft.NETCore.App
                       Microsoft.NETCore.App
                           TargetFramework = net8.0
                           LatestRuntimeFrameworkVersion = 8.0.25
                           RuntimePackRuntimeIdentifiers = linux-arm;linux-arm64;linux-musl-arm64;linux-musl-x64;linux-x64;osx-x64;win-arm64;win-x64;win-x86;linux-musl-arm;osx-arm64;linux-s390x;linux-loongarch64;browser-wasm;ios-arm64;ios-arm;iossimulator-arm64;iossimulator-x64;iossimulator-x86;tvos-arm64;tvossimulator-arm64;tvossimulator-x64;maccatalyst-x64;maccatalyst-arm64;android-arm64;android-arm;android-x64;android-x86;freebsd-x64;freebsd-arm64;wasi-wasm
                           RuntimePackNamePatterns = Microsoft.NETCore.App.Runtime.Mono.**RID**
                           RuntimePackLabels = Mono
                           RuntimeFrameworkName = Microsoft.NETCore.App
                       Microsoft.NETCore.App
                           TargetFramework = net7.0
                           LatestRuntimeFrameworkVersion = 7.0.20
                           RuntimePackRuntimeIdentifiers = linux-arm;linux-arm64;linux-musl-arm64;linux-musl-x64;linux-x64;osx-x64;win-arm;win-arm64;win-x64;win-x86;linux-musl-arm;osx-arm64;linux-s390x;linux-loongarch64;browser-wasm;ios-arm64;ios-arm;iossimulator-arm64;iossimulator-x64;iossimulator-x86;tvos-arm64;tvossimulator-arm64;tvossimulator-x64;maccatalyst-x64;maccatalyst-arm64;android-arm64;android-arm;android-x64;android-x86
                           RuntimePackNamePatterns = Microsoft.NETCore.App.Runtime.Mono.**RID**
                           RuntimePackLabels = Mono
                           RuntimeFrameworkName = Microsoft.NETCore.App
                       Microsoft.NETCore.App
                           TargetFramework = net6.0
                           LatestRuntimeFrameworkVersion = 6.0.36
                           RuntimePackRuntimeIdentifiers = linux-arm;linux-arm64;linux-musl-arm64;linux-musl-x64;linux-x64;osx-x64;win-arm;win-arm64;win-x64;win-x86;linux-musl-arm;osx-arm64;linux-s390x;linux-loongarch64;browser-wasm;ios-arm64;ios-arm;iossimulator-arm64;iossimulator-x64;iossimulator-x86;tvos-arm64;tvossimulator-arm64;tvossimulator-x64;maccatalyst-x64;maccatalyst-arm64;android-arm64;android-arm;android-x64;android-x86
                           RuntimePackNamePatterns = Microsoft.NETCore.App.Runtime.Mono.**RID**
                           RuntimePackLabels = Mono
                           RuntimeFrameworkName = Microsoft.NETCore.App
                   KnownWebAssemblySdkPack
                       Microsoft.NET.Sdk.WebAssembly.Pack
                           TargetFramework = net10.0
                           WebAssemblySdkPackVersion = 10.0.6
                       Microsoft.NET.Sdk.WebAssembly.Pack
                           TargetFramework = net9.0
                           WebAssemblySdkPackVersion = 10.0.6
                       Microsoft.NET.Sdk.WebAssembly.Pack
                           TargetFramework = net8.0
                           WebAssemblySdkPackVersion = 10.0.6
                       Microsoft.NET.Sdk.WebAssembly.Pack
                           TargetFramework = net7.0
                           WebAssemblySdkPackVersion = 10.0.6
                       Microsoft.NET.Sdk.WebAssembly.Pack
                           TargetFramework = net6.0
                           WebAssemblySdkPackVersion = 10.0.6
                   PackageConflictOverrides
                       NETStandard.Library
                           OverriddenPackages = 
                           Microsoft.Win32.Primitives|4.3.0;
                           System.AppContext|4.3.0;
                           System.Collections|4.3.0;
                           System.Collections.Concurrent|4.3.0;
                           System.Collections.Immutable|1.4.0;
                           System.Collections.NonGeneric|4.3.0;
                           System.Collections.Specialized|4.3.0;
                           System.ComponentModel|4.3.0;
                           System.ComponentModel.EventBasedAsync|4.3.0;
                           System.ComponentModel.Primitives|4.3.0;
                           System.ComponentModel.TypeConverter|4.3.0;
                           System.Console|4.3.0;
                           System.Data.Common|4.3.0;
                           System.Diagnostics.Contracts|4.3.0;
                           System.Diagnostics.Debug|4.3.0;
                           System.Diagnostics.FileVersionInfo|4.3.0;
                           System.Diagnostics.Process|4.3.0;
                           System.Diagnostics.StackTrace|4.3.0;
                           System.Diagnostics.TextWriterTraceListener|4.3.0;
                           System.Diagnostics.Tools|4.3.0;
                           System.Diagnostics.TraceSource|4.3.0;
                           System.Diagnostics.Tracing|4.3.0;
                           System.Dynamic.Runtime|4.3.0;
                           System.Globalization|4.3.0;
                           System.Globalization.Calendars|4.3.0;
                           System.Globalization.Extensions|4.3.0;
                           System.IO|4.3.0;
                           System.IO.Compression|4.3.0;
                           System.IO.Compression.ZipFile|4.3.0;
                           System.IO.FileSystem|4.3.0;
                           System.IO.FileSystem.DriveInfo|4.3.0;
                           System.IO.FileSystem.Primitives|4.3.0;
                           System.IO.FileSystem.Watcher|4.3.0;
                           System.IO.IsolatedStorage|4.3.0;
                           System.IO.MemoryMappedFiles|4.3.0;
                           System.IO.Pipes|4.3.0;
                           System.IO.UnmanagedMemoryStream|4.3.0;
                           System.Linq|4.3.0;
                           System.Linq.Expressions|4.3.0;
                           System.Linq.Queryable|4.3.0;
                           System.Net.Http|4.3.0;
                           System.Net.NameResolution|4.3.0;
                           System.Net.Primitives|4.3.0;
                           System.Net.Requests|4.3.0;
                           System.Net.Security|4.3.0;
                           System.Net.Sockets|4.3.0;
                           System.Net.WebHeaderCollection|4.3.0;
                           System.ObjectModel|4.3.0;
                           System.Private.DataContractSerialization|4.3.0;
                           System.Reflection|4.3.0;
                           System.Reflection.Emit|4.3.0;
                           System.Reflection.Emit.ILGeneration|4.3.0;
                           System.Reflection.Emit.Lightweight|4.3.0;
                           System.Reflection.Extensions|4.3.0;
                           System.Reflection.Primitives|4.3.0;
                           System.Reflection.TypeExtensions|4.3.0;
                           System.Resources.ResourceManager|4.3.0;
                           System.Runtime|4.3.0;
                           System.Runtime.Extensions|4.3.0;
                           System.Runtime.Handles|4.3.0;
                           System.Runtime.InteropServices|4.3.0;
                           System.Runtime.InteropServices.RuntimeInformation|4.3.0;
                           System.Runtime.Loader|4.3.0;
                           System.Runtime.Numerics|4.3.0;
                           System.Runtime.Serialization.Formatters|4.3.0;
                           System.Runtime.Serialization.Json|4.3.0;
                           System.Runtime.Serialization.Primitives|4.3.0;
                           System.Security.AccessControl|4.4.0;
                           System.Security.Claims|4.3.0;
                           System.Security.Cryptography.Algorithms|4.3.0;
                           System.Security.Cryptography.Csp|4.3.0;
                           System.Security.Cryptography.Encoding|4.3.0;
                           System.Security.Cryptography.Primitives|4.3.0;
                           System.Security.Cryptography.X509Certificates|4.3.0;
                           System.Security.Cryptography.Xml|4.4.0;
                           System.Security.Principal|4.3.0;
                           System.Security.Principal.Windows|4.4.0;
                           System.Text.Encoding|4.3.0;
                           System.Text.Encoding.Extensions|4.3.0;
                           System.Text.RegularExpressions|4.3.0;
                           System.Threading|4.3.0;
                           System.Threading.Overlapped|4.3.0;
                           System.Threading.Tasks|4.3.0;
                           System.Threading.Tasks.Extensions|4.3.0;
                           System.Threading.Tasks.Parallel|4.3.0;
                           System.Threading.Thread|4.3.0;
                           System.Threading.ThreadPool|4.3.0;
                           System.Threading.Timer|4.3.0;
                           System.ValueTuple|4.3.0;
                           System.Xml.ReaderWriter|4.3.0;
                           System.Xml.XDocument|4.3.0;
                           System.Xml.XmlDocument|4.3.0;
                           System.Xml.XmlSerializer|4.3.0;
                           System.Xml.XPath|4.3.0;
                           System.Xml.XPath.XDocument|4.3.0;
                         
                   PotentialEditorConfigFiles
                       C:\.editorconfig
                       C:\Users\.editorconfig
                       C:\Users\Lenovo\.editorconfig
                       C:\Users\Lenovo\Documents\.editorconfig
                       C:\Users\Lenovo\Documents\Génie Logiciel\.editorconfig
                       C:\Users\Lenovo\Documents\Génie Logiciel\EasySave-Groupe1\.editorconfig
                       C:\Users\Lenovo\Documents\Génie Logiciel\EasySave-Groupe1\EasyLog\.editorconfig
                       C:\Users\Lenovo\Documents\Génie Logiciel\EasySave-Groupe1\EasyLog\Models\.editorconfig
                   PreprocessorValue
                       assemblyname
                           Value = EasyLog
                       filename
                           Value = EasyLog.csproj
                       fullpath
                           Value = C:\Users\Lenovo\Documents\Génie Logiciel\EasySave-Groupe1\EasyLog
                       outputfilename
                           Value = EasyLog.dll
                       rootnamespace
                           Value = EasyLog
                   ProjectCapability
                       AllTargetOutputGroups
                       AssemblyReferences
                       COMReferences
                       CSharp
                       DeclaredSourceItems
                       GenerateDocumentationFile
                       LanguageService
                       Managed
                       NativeAOT
                       NetSdkOCIImageBuild
                       OutputGroups
                       Pack
                       ProjectReferences
                       ReferencesFolder
                       RelativePathDerivedDefaultNamespace
                       SharedProjectReferences
                       SingleFileGenerators
                       SupportsComputeRunCommand
                       SupportsHotReload
                       UserSourceItems
                       VisualStudioWellKnownOutputGroups
                   PropertyPageSchema
                       C:\Program Files\dotnet\sdk\10.0.300-preview.0.26177.108\\assemblyreference.xaml
                           Context = ;BrowseObject
                       C:\Program Files\dotnet\sdk\10.0.300-preview.0.26177.108\\COMReference.xaml
                           Context = ;BrowseObject
                       C:\Program Files\dotnet\sdk\10.0.300-preview.0.26177.108\\Content.xaml
                           Context = File;BrowseObject
                       C:\Program Files\dotnet\sdk\10.0.300-preview.0.26177.108\\CSharp.BrowseObject.xaml
                           Context = BrowseObject
                       C:\Program Files\dotnet\sdk\10.0.300-preview.0.26177.108\\CSharp.ProjectItemsSchema.xaml
                       C:\Program Files\dotnet\sdk\10.0.300-preview.0.26177.108\\CSharp.xaml
                           Context = File
                       C:\Program Files\dotnet\sdk\10.0.300-preview.0.26177.108\\Debugger_General.xaml
                           Context = Project
                       C:\Program Files\dotnet\sdk\10.0.300-preview.0.26177.108\\EmbeddedResource.xaml
                           Context = File;BrowseObject
                       C:\Program Files\dotnet\sdk\10.0.300-preview.0.26177.108\\Folder.xaml
                           Context = File;BrowseObject
                       C:\Program Files\dotnet\sdk\10.0.300-preview.0.26177.108\\General_File.xaml
                           Context = File
                       C:\Program Files\dotnet\sdk\10.0.300-preview.0.26177.108\\General.BrowseObject.xaml
                           Context = BrowseObject
                       C:\Program Files\dotnet\sdk\10.0.300-preview.0.26177.108\\General.xaml
                           Context = Project
                       C:\Program Files\dotnet\sdk\10.0.300-preview.0.26177.108\\None.xaml
                           Context = File;BrowseObject
                       C:\Program Files\dotnet\sdk\10.0.300-preview.0.26177.108\\ProjectItemsSchema.xaml
                       C:\Program Files\dotnet\sdk\10.0.300-preview.0.26177.108\\ProjectReference.xaml
                           Context = ;BrowseObject
                       C:\Program Files\dotnet\sdk\10.0.300-preview.0.26177.108\\ResolvedAssemblyReference.xaml
                           Context = ProjectSubscriptionService;BrowseObject
                       C:\Program Files\dotnet\sdk\10.0.300-preview.0.26177.108\\ResolvedCOMReference.xaml
                           Context = ProjectSubscriptionService;BrowseObject
                       C:\Program Files\dotnet\sdk\10.0.300-preview.0.26177.108\\ResolvedProjectReference.xaml
                           Context = ProjectSubscriptionService;BrowseObject
                       C:\Program Files\dotnet\sdk\10.0.300-preview.0.26177.108\\SCC.xaml
                           Context = Invisible
                       C:\Program Files\dotnet\sdk\10.0.300-preview.0.26177.108\\SpecialFolder.xaml
                           Context = File;ProjectSubscriptionService
                   RegFreeComManifest
                       obj\Debug\net8.0\EasyLog.X.manifest
                   RuntimeHostConfigurationOption
                       System.Runtime.Serialization.EnableUnsafeBinaryFormatterSerialization
                           Value = false
                           Trim = true
                   SdkSupportedTargetPlatformIdentifier
                       ios
                           DisplayName = iOS
                       maccatalyst
                           DisplayName = MacCatalyst
                       macos
                           DisplayName = macOS
                       tvos
                           DisplayName = tvOS
                       windows
                           DisplayName = Windows
                   SourceLinkAzureReposGitHost
                       dev.azure.com
                       visualstudio.com
                       vsts.me
                   SourceLinkBitbucketGitHost
                       bitbucket.org
                           EnterpriseEdition = false
                   SourceLinkGitHubHost
                       github.com
                           ContentUrl = https://raw.githubusercontent.com
                   SourceLinkGitLabHost
                       gitlab.com
                   SourceRoot
                       C:\Program Files (x86)\Microsoft Visual Studio\Shared\NuGetPackages\
                       C:\Users\Lenovo\.nuget\packages\
                   SupportedNETCoreAppTargetFramework
                       .NETCoreApp,Version=v1.0
                           DisplayName = .NET Core 1.0
                           Alias = netcoreapp1.0
                       .NETCoreApp,Version=v1.1
                           DisplayName = .NET Core 1.1
                           Alias = netcoreapp1.1
                       .NETCoreApp,Version=v10.0
                           DisplayName = .NET 10.0
                           Alias = net10.0
                       .NETCoreApp,Version=v2.0
                           DisplayName = .NET Core 2.0
                           Alias = netcoreapp2.0
                       .NETCoreApp,Version=v2.1
                           DisplayName = .NET Core 2.1
                           Alias = netcoreapp2.1
                       .NETCoreApp,Version=v2.2
                           DisplayName = .NET Core 2.2
                           Alias = netcoreapp2.2
                       .NETCoreApp,Version=v3.0
                           DisplayName = .NET Core 3.0
                           Alias = netcoreapp3.0
                       .NETCoreApp,Version=v3.1
                           DisplayName = .NET Core 3.1
                           Alias = netcoreapp3.1
                       .NETCoreApp,Version=v5.0
                           DisplayName = .NET 5.0
                           Alias = net5.0
                       .NETCoreApp,Version=v6.0
                           DisplayName = .NET 6.0
                           Alias = net6.0
                       .NETCoreApp,Version=v7.0
                           DisplayName = .NET 7.0
                           Alias = net7.0
                       .NETCoreApp,Version=v8.0
                           DisplayName = .NET 8.0
                           Alias = net8.0
                       .NETCoreApp,Version=v9.0
                           DisplayName = .NET 9.0
                           Alias = net9.0
                   SupportedNETFrameworkTargetFramework
                       .NETFramework,Version=v2.0
                           DisplayName = .NET Framework 2.0
                           Alias = net20
                       .NETFramework,Version=v3.0
                           DisplayName = .NET Framework 3.0
                           Alias = net30
                       .NETFramework,Version=v3.5
                           DisplayName = .NET Framework 3.5
                           Alias = net35
                       .NETFramework,Version=v4.0
                           DisplayName = .NET Framework 4.0
                           Alias = net40
                       .NETFramework,Version=v4.5
                           DisplayName = .NET Framework 4.5
                           Alias = net45
                       .NETFramework,Version=v4.5.1
                           DisplayName = .NET Framework 4.5.1
                           Alias = net451
                       .NETFramework,Version=v4.5.2
                           DisplayName = .NET Framework 4.5.2
                           Alias = net452
                       .NETFramework,Version=v4.6
                           DisplayName = .NET Framework 4.6
                           Alias = net46
                       .NETFramework,Version=v4.6.1
                           DisplayName = .NET Framework 4.6.1
                           Alias = net461
                       .NETFramework,Version=v4.6.2
                           DisplayName = .NET Framework 4.6.2
                           Alias = net462
                       .NETFramework,Version=v4.7
                           DisplayName = .NET Framework 4.7
                           Alias = net47
                       .NETFramework,Version=v4.7.1
                           DisplayName = .NET Framework 4.7.1
                           Alias = net471
                       .NETFramework,Version=v4.7.2
                           DisplayName = .NET Framework 4.7.2
                           Alias = net472
                       .NETFramework,Version=v4.8
                           DisplayName = .NET Framework 4.8
                           Alias = net48
                       .NETFramework,Version=v4.8.1
                           DisplayName = .NET Framework 4.8.1
                           Alias = net481
                   SupportedNETStandardTargetFramework
                       .NETStandard,Version=v1.0
                           DisplayName = .NET Standard 1.0
                           Alias = netstandard1.0
                       .NETStandard,Version=v1.1
                           DisplayName = .NET Standard 1.1
                           Alias = netstandard1.1
                       .NETStandard,Version=v1.2
                           DisplayName = .NET Standard 1.2
                           Alias = netstandard1.2
                       .NETStandard,Version=v1.3
                           DisplayName = .NET Standard 1.3
                           Alias = netstandard1.3
                       .NETStandard,Version=v1.4
                           DisplayName = .NET Standard 1.4
                           Alias = netstandard1.4
                       .NETStandard,Version=v1.5
                           DisplayName = .NET Standard 1.5
                           Alias = netstandard1.5
                       .NETStandard,Version=v1.6
                           DisplayName = .NET Standard 1.6
                           Alias = netstandard1.6
                       .NETStandard,Version=v2.0
                           DisplayName = .NET Standard 2.0
                           Alias = netstandard2.0
                       .NETStandard,Version=v2.1
                           DisplayName = .NET Standard 2.1
                           Alias = netstandard2.1
                   SupportedPlatform
                       Linux
                       macOS
                       Windows
                   SupportedTargetFramework
                       .NETCoreApp,Version=v1.0
                           DisplayName = .NET Core 1.0
                           Alias = netcoreapp1.0
                       .NETCoreApp,Version=v1.1
                           DisplayName = .NET Core 1.1
                           Alias = netcoreapp1.1
                       .NETCoreApp,Version=v10.0
                           DisplayName = .NET 10.0
                           Alias = net10.0
                       .NETCoreApp,Version=v2.0
                           DisplayName = .NET Core 2.0
                           Alias = netcoreapp2.0
                       .NETCoreApp,Version=v2.1
                           DisplayName = .NET Core 2.1
                           Alias = netcoreapp2.1
                       .NETCoreApp,Version=v2.2
                           DisplayName = .NET Core 2.2
                           Alias = netcoreapp2.2
                       .NETCoreApp,Version=v3.0
                           DisplayName = .NET Core 3.0
                           Alias = netcoreapp3.0
                       .NETCoreApp,Version=v3.1
                           DisplayName = .NET Core 3.1
                           Alias = netcoreapp3.1
                       .NETCoreApp,Version=v5.0
                           DisplayName = .NET 5.0
                           Alias = net5.0
                       .NETCoreApp,Version=v6.0
                           DisplayName = .NET 6.0
                           Alias = net6.0
                       .NETCoreApp,Version=v7.0
                           DisplayName = .NET 7.0
                           Alias = net7.0
                       .NETCoreApp,Version=v8.0
                           DisplayName = .NET 8.0
                           Alias = net8.0
                       .NETCoreApp,Version=v9.0
                           DisplayName = .NET 9.0
                           Alias = net9.0
                       .NETFramework,Version=v2.0
                           DisplayName = .NET Framework 2.0
                           Alias = net20
                       .NETFramework,Version=v3.0
                           DisplayName = .NET Framework 3.0
                           Alias = net30
                       .NETFramework,Version=v3.5
                           DisplayName = .NET Framework 3.5
                           Alias = net35
                       .NETFramework,Version=v4.0
                           DisplayName = .NET Framework 4.0
                           Alias = net40
                       .NETFramework,Version=v4.5
                           DisplayName = .NET Framework 4.5
                           Alias = net45
                       .NETFramework,Version=v4.5.1
                           DisplayName = .NET Framework 4.5.1
                           Alias = net451
                       .NETFramework,Version=v4.5.2
                           DisplayName = .NET Framework 4.5.2
                           Alias = net452
                       .NETFramework,Version=v4.6
                           DisplayName = .NET Framework 4.6
                           Alias = net46
                       .NETFramework,Version=v4.6.1
                           DisplayName = .NET Framework 4.6.1
                           Alias = net461
                       .NETFramework,Version=v4.6.2
                           DisplayName = .NET Framework 4.6.2
                           Alias = net462
                       .NETFramework,Version=v4.7
                           DisplayName = .NET Framework 4.7
                           Alias = net47
                       .NETFramework,Version=v4.7.1
                           DisplayName = .NET Framework 4.7.1
                           Alias = net471
                       .NETFramework,Version=v4.7.2
                           DisplayName = .NET Framework 4.7.2
                           Alias = net472
                       .NETFramework,Version=v4.8
                           DisplayName = .NET Framework 4.8
                           Alias = net48
                       .NETFramework,Version=v4.8.1
                           DisplayName = .NET Framework 4.8.1
                           Alias = net481
                       .NETStandard,Version=v1.0
                           DisplayName = .NET Standard 1.0
                           Alias = netstandard1.0
                       .NETStandard,Version=v1.1
                           DisplayName = .NET Standard 1.1
                           Alias = netstandard1.1
                       .NETStandard,Version=v1.2
                           DisplayName = .NET Standard 1.2
                           Alias = netstandard1.2
                       .NETStandard,Version=v1.3
                           DisplayName = .NET Standard 1.3
                           Alias = netstandard1.3
                       .NETStandard,Version=v1.4
                           DisplayName = .NET Standard 1.4
                           Alias = netstandard1.4
                       .NETStandard,Version=v1.5
                           DisplayName = .NET Standard 1.5
                           Alias = netstandard1.5
                       .NETStandard,Version=v1.6
                           DisplayName = .NET Standard 1.6
                           Alias = netstandard1.6
                       .NETStandard,Version=v2.0
                           DisplayName = .NET Standard 2.0
                           Alias = netstandard2.0
                       .NETStandard,Version=v2.1
                           DisplayName = .NET Standard 2.1
                           Alias = netstandard2.1
                   Using
                       System
                       System.Collections.Generic
                       System.IO
                       System.Linq
                       System.Net.Http
                       System.Threading
                       System.Threading.Tasks
                   WindowsSdkSupportedTargetPlatformVersion
                       10.0.17763.0
                           WindowsSdkPackageVersion = 10.0.17763.57
                           MinimumNETVersion = 8.0
                       10.0.17763.0
                           WindowsSdkPackageVersion = 10.0.17763.55
                           MinimumNETVersion = 6.0
                       10.0.17763.0
                           WindowsSdkPackageVersion = 10.0.17763.26
                           MinimumNETVersion = 5.0
                       10.0.17763.1
                           WindowsSdkPackageVersion = 10.0.17763.57
                           MinimumNETVersion = 10.0
                       10.0.18362.0
                           WindowsSdkPackageVersion = 10.0.18362.55
                           MinimumNETVersion = 6.0
                       10.0.18362.0
                           WindowsSdkPackageVersion = 10.0.18362.57
                           MinimumNETVersion = 8.0
                       10.0.18362.0
                           WindowsSdkPackageVersion = 10.0.18362.26
                           MinimumNETVersion = 5.0
                       10.0.18362.1
                           WindowsSdkPackageVersion = 10.0.18362.57
                           MinimumNETVersion = 10.0
                       10.0.19041.0
                           WindowsSdkPackageVersion = 10.0.19041.55
                           MinimumNETVersion = 6.0
                       10.0.19041.0
                           WindowsSdkPackageVersion = 10.0.19041.26
                           MinimumNETVersion = 5.0
                       10.0.19041.0
                           WindowsSdkPackageVersion = 10.0.19041.57
                           MinimumNETVersion = 8.0
                       10.0.19041.1
                           WindowsSdkPackageVersion = 10.0.19041.57
                           MinimumNETVersion = 10.0
                       10.0.20348.0
                           WindowsSdkPackageVersion = 10.0.20348.55
                           MinimumNETVersion = 6.0
                       10.0.20348.0
                           WindowsSdkPackageVersion = 10.0.20348.26
                           MinimumNETVersion = 5.0
                       10.0.20348.0
                           WindowsSdkPackageVersion = 10.0.20348.57
                           MinimumNETVersion = 8.0
                       10.0.20348.1
                           WindowsSdkPackageVersion = 10.0.20348.57
                           MinimumNETVersion = 10.0
                       10.0.22000.0
                           WindowsSdkPackageVersion = 10.0.22000.57
                           MinimumNETVersion = 8.0
                       10.0.22000.0
                           WindowsSdkPackageVersion = 10.0.22000.55
                           MinimumNETVersion = 6.0
                       10.0.22000.0
                           WindowsSdkPackageVersion = 10.0.22000.26
                           MinimumNETVersion = 5.0
                       10.0.22000.1
                           WindowsSdkPackageVersion = 10.0.22000.57
                           MinimumNETVersion = 10.0
                       10.0.22621.0
                           WindowsSdkPackageVersion = 10.0.22621.57
                           MinimumNETVersion = 8.0
                       10.0.22621.0
                           WindowsSdkPackageVersion = 10.0.22621.55
                           MinimumNETVersion = 6.0
                       10.0.22621.1
                           WindowsSdkPackageVersion = 10.0.22621.57
                           MinimumNETVersion = 10.0
                       10.0.26100.0
                           WindowsSdkPackageVersion = 10.0.26100.55
                           MinimumNETVersion = 6.0
                       10.0.26100.0
                           WindowsSdkPackageVersion = 10.0.26100.57
                           MinimumNETVersion = 8.0
                       10.0.26100.1
                           WindowsSdkPackageVersion = 10.0.26100.57
                           MinimumNETVersion = 10.0
                       7.0
                       8.0

16:28:54.397     3>Projet "C:\Users\Lenovo\Documents\Génie Logiciel\EasySave-Groupe1\EasyLog\EasyLog.csproj" sur le nœud 1 (GetTargetFrameworks cible(s)).
16:28:54.398     3>Génération du projet "C:\Users\Lenovo\Documents\Génie Logiciel\EasySave-Groupe1\EasyLog\EasyLog.csproj" terminée (GetTargetFrameworks cible(s)) -- ÉCHEC.

ÉCHEC de la build.
    0 Avertissement(s)
    0 Erreur(s)

Temps écoulé 00:00:03.47
